id,title,description,reported_at,department_name,institution_name,hazard_category,severity_level,recurrence_count,is_weekend,actual_outcome
2c03e4b6-eac1-4e0e-95ab-360d7ebbf8fd,Loose carpet in office near east wing (Room 165),I'm concerned about this.,2026-04-22 00:00:00,Assembly Line,Rwanda Manufacturing Co,Slip/Trip/Fall,High,11,0,1
7f573f61-72cb-49de-9dcb-d33326c9b881,Unlabeled lubricant container at loading bay (Room 112),Report issued by supervisor. The unlabeled lubricant container at loading bay (room 112) has been reported by multiple staff members. Recommend immediate repair.,2023-12-10 00:00:00,Sanitation,Rubavu Logistics Hub,Chemical,High,4,1,0
06285fd8-0883-405e-95b8-8aad37f61a4f,Faulty fire extinguisher in break room (Room 135),"During a walkthrough, staff noticed the faulty fire extinguisher in break room (room 135). No immediate incident occurred but the potential for harm is significant.",2023-09-07 00:00:00,Transport,Gasabo Textile Factory,Fire,Critical,0,0,1
8f3fc89c-f9f2-4a18-8afe-73b3e3eb5aed,Sparks observed from hand truck in storage room (Room 109),The sparks observed from hand truck in storage room (room 109) was observed during routine inspection. This presents a potential risk to staff in the area.,2026-05-06 00:00:00,Packaging,Bugesera Cement Works,Electrical,Critical,7,0,1
a21e396e-cb04-497d-90a5-fe55a0507d4e,Awkward lifting position at main lobby in server room (Sector C),Follow-up required on the awkward lifting position at main lobby in server room (sector c). The danger is rated as high due to proximity to staff.,2026-02-16 00:00:00,Sanitation,Kigali Construction Ltd,Ergonomic,High,2,0,0
0676dec4-1130-4d39-82b9-363ece7a8085,Loose tiles in production floor near control panel (Zone 6),I'm concerned about this.,2024-07-06 00:00:00,Laboratory,Muhanga Agro-Processing,Slip/Trip/Fall,High,3,1,0
0a80cf53-d7b5-4dc2-9526-207afce88fe7,Fungal spread in canteen near basement (Room 119),Report issued by team lead. The fungal spread in canteen near basement (room 119) has been reported by multiple staff members. Recommend further assessment.,2024-07-27 00:00:00,Packaging,Nyagatare Cattle Ranch,Biological,Medium,0,1,1
b15a18db-d78c-4ba8-9d36-129e32ab81b9,Unsafe operation of crane in chemical storage (Room 114),The unsafe operation of crane in chemical storage (room 114) was observed during routine inspection. This presents a potential risk to staff in the department.,2024-08-22 00:00:00,Sanitation,Muhanga Agro-Processing,Machinery,High,0,0,1
77a55fa1-d41e-4802-9e4d-75567b93957b,Accumulated flammable material near printer (Room 160),"During a walkthrough, staff noticed the accumulated flammable material near printer (room 160). No immediate incident occurred but the potential for harm is significant.",2024-02-26 00:00:00,Quality Control,Musanze Mining Corp,Fire,Critical,4,0,0
99e77e5e-46ce-4379-af15-32559fea6b57,Unlabeled pesticides container at rooftop (Room 123),Report issued by employee. The unlabeled pesticides container at rooftop (room 123) has been reported by multiple staff members. Recommend temporary closure.,2024-01-21 00:00:00,Workshop,Muhanga Agro-Processing,Chemical,High,2,1,0
f37fb9fa-f367-40d7-8126-b34e3c36f8cc,Exposed gear on air conditioner in canteen (Room 176),Report issued by safety rep. The exposed gear on air conditioner in canteen (room 176) has been reported by multiple staff members. Recommend review by safety team.,2023-03-23 00:00:00,Warehouse,Nyagatare Cattle Ranch,Electrical,Critical,1,0,1
2894cf80-9c74-41c0-bd0e-50156715b54c,Improper storage of paint thinner in cafeteria (Room 106),"During a walkthrough, staff noticed the improper storage of paint thinner in cafeteria (room 106). No immediate incident occurred but the potential for damage is significant.",2025-02-02 00:00:00,Storage Facility,Rubavu Logistics Hub,Chemical,Critical,1,1,0
191bf51d-6375-4cc4-bbac-9fd01f9a4cdd,Exposed plug on compressor at main corridor (Room 125),Follow-up required on the exposed plug on compressor at main corridor (room 125). The danger is rated as high due to lack of protection.,2024-10-15 00:00:00,Production,Muhanga Agro-Processing,Machinery,High,3,0,1
bca19f48-7f75-4d58-9d3e-8af082820049,Hazard observed,Report issued by employee. The hazard observed has been reported by multiple staff members. Recommend temporary closure.,2024-11-01 00:00:00,Storage Facility,Kigali Construction Ltd,Chemical,Medium,2,0,0
39b1133b-b25a-4ef5-a02f-5dbb846e1f73,Spill of epoxy near chemical storage (Zone 9),Follow-up required on the spill of epoxy near chemical storage (zone 9). The severity is rated as medium due to lack of protection.,2026-04-25 00:00:00,Kitchen,Rubavu Logistics Hub,Chemical,Medium,4,1,1
c66b6152-0990-4af3-9616-59373420c3cf,Spoiled materials found in chemical storage (Room 153),Follow-up required on the spoiled materials found in chemical storage (room 153). The danger is rated as high due to exposure levels.,2023-04-24 00:00:00,Assembly Line,Rubavu Logistics Hub,Biological,High,4,0,0
b32ae72b-92cf-458f-937c-efa47b07cdec,Accumulated flammable material near air conditioner (Room 162),This needs fixing urgently.,2024-12-18 00:00:00,Assembly Line,Rwanda Manufacturing Co,Fire,High,1,0,1
276b8631-3e93-422d-b921-fa25174e977c,Improper desk height for power drill in production floor (Zone 11),Report issued by employee. The improper desk height for power drill in production floor (zone 11) has been reported by multiple staff members. Recommend further assessment.,2023-06-20 00:00:00,Storage Facility,Muhanga Agro-Processing,Ergonomic,Low,13,0,1
a2cbb8b5-32d7-4eca-afe6-ad65ec5aa4a7,Repetitive strain risk operating transformer at Station 15,Report issued by employee. The improper desk height for grinder in canteen (room 191) has been reported by multiple staff members. Recommend review by safety team.,2024-12-11 00:00:00,Quality Control,Rubavu Logistics Hub,Ergonomic,Medium,0,0,0
0c71f1e3-34ba-4c9c-ae39-88b689acddf3,Improper storage of epoxy in maintenance bay (Room 117),The improper storage of epoxy in maintenance bay (room 117) was observed during routine inspection. This presents a potential risk to staff in the department.,2023-10-21 00:00:00,Assembly Line,RSSB Head Office,Chemical,High,2,1,1
0f7e9ddc-f67a-4a7d-8bdf-157ef49179bb,Exposed casing on generator at receiving dock (Room 116),The exposed casing on generator at receiving dock (room 116) was observed during routine inspection. This presents a potential risk to staff in the area.,2023-05-09 00:00:00,Packaging,Nyagatare Cattle Ranch,Machinery,Medium,0,0,0
32d57af1-1bec-4c55-a3ff-a56df299e78a,Unlabeled pesticides container at south wing (Zone 12),The unlabeled pesticides container at south wing (zone 12) was observed during routine inspection. This presents a potential risk to staff in the area.,2023-09-19 00:00:00,Warehouse,RSSB Head Office,Chemical,Critical,2,0,0
3c1d60b3-418a-42f0-86d7-ee5fb7aace48,Damaged power cord on computer at rooftop (Room 115),"During a walkthrough, staff noticed the damaged power cord on computer at rooftop (room 115). No immediate incident occurred but the potential for injury is significant.",2023-01-07 00:00:00,Storage Facility,Musanze Mining Corp,Electrical,High,3,1,0
a04862e6-006c-4ee5-b2df-53d4963961e9,Overloaded power outlet near Station 15 (Sector H),The overloaded power outlet near station 15 (sector h) was observed during routine inspection. This presents a potential risk to staff in the building.,2024-01-26 00:00:00,Maintenance,Rwanda Manufacturing Co,Electrical,High,6,0,0
7406e671-10ee-4518-8013-6a1d2b997f4f,Cluttered floor space around server rack at south wing,Report issued by safety rep. The cluttered floor space around server rack at south wing has been reported by multiple staff members. Recommend further assessment.,2023-01-29 00:00:00,Laboratory,RSSB Head Office,Slip/Trip/Fall,Low,0,1,0
5023fe54-8e55-43c5-a466-a83bae57ea52,Accumulated flammable material near hand truck (Room 121),The accumulated flammable material near hand truck (room 121) was observed during routine inspection. This presents a potential risk to staff in the building.,2024-12-18 00:00:00,Quality Control,Huye Power Plant,Fire,Critical,3,0,1
f533d4c2-cc0c-444e-9813-4a5ea4a91f3a,Improper storage of bleach in maintenance bay (Room 196),,2025-08-24 00:00:00,Office Complex,Rubavu Logistics Hub,Chemical,Critical,1,1,0
5a31ab1d-632c-4936-93e0-4164a70ebebd,Loose carpet in office near service elevator (Zone 9),Can someone look at this?,2024-04-23 00:00:00,Kitchen,Bugesera Cement Works,Slip/Trip/Fall,Low,1,0,0
104c963a-2ced-4c8c-b44f-2e8a1a160648,Damaged power cord on ventilator at perimeter fence (Sector B),"During a walkthrough, staff noticed the damaged power cord on ventilator at perimeter fence (sector b). No immediate incident occurred but the potential for harm is significant.",2024-02-14 00:00:00,Transport,Kigali Construction Ltd,Electrical,High,1,0,0
b822d1b1-ff32-4be2-a086-b216e37f72b7,Poorly adjusted chair at Station 18 in warehouse (Zone 8),"During a walkthrough, staff noticed the cluttered floor space around power drill at receiving dock. No immediate incident occurred but the potential for damage is significant.",2023-06-17 00:00:00,Assembly Line,Rwanda Manufacturing Co,Ergonomic,Low,0,1,0
ac2f38f8-b47b-46e6-8652-770910cc1cef,Overloaded power outlet near Station 9 (Room 163),"During a walkthrough, staff noticed the overloaded power outlet near station 9 (room 163). No immediate incident occurred but the potential for damage is significant.",2025-04-15 00:00:00,Quality Control,Huye Power Plant,Electrical,High,1,0,0
2810e6fc-a4e1-4277-8bd9-07b532c121db,Awkward lifting position at east wing in office (Room 143),Follow-up required on the awkward lifting position at east wing in office (room 143). The danger is rated as medium due to proximity to staff.,2024-11-19 00:00:00,Laboratory,Kigali Construction Ltd,Ergonomic,Medium,0,0,0
85e2d26e-4848-44f4-85cf-372d35e33753,Repetitive strain risk operating grinder at Station 18,Report issued by team lead. The repetitive strain risk operating grinder at station 18 has been reported by multiple staff members. Recommend temporary closure.,2025-06-07 00:00:00,Sanitation,Rubavu Logistics Hub,Ergonomic,Medium,1,1,1
f9238fa8-c24f-485f-8626-3f14fade36db,Awkward lifting position at service elevator in break room (Room 179),Report issued by safety rep. The awkward lifting position at service elevator in break room (room 179) has been reported by multiple staff members. Recommend further assessment.,2025-04-29 00:00:00,Quality Control,Muhanga Agro-Processing,Ergonomic,Critical,8,0,0
fe78f88b-7f35-4613-ae53-5a3edee7476f,Smoke detector malfunctioning in chemical storage (Room 146),"During a walkthrough, staff noticed the smoke detector malfunctioning in chemical storage (room 146). No immediate incident occurred but the potential for injury is significant.",2023-11-01 00:00:00,Office Complex,Kigali Construction Ltd,Fire,Critical,0,0,1
065e632d-8e1d-42f4-b404-302f45e25d41,Icy patch in maintenance bay near Station 17 (Room 169),Report issued by safety rep. The icy patch in maintenance bay near station 17 (room 169) has been reported by multiple staff members. Recommend immediate repair.,2025-03-11 00:00:00,Quality Control,Nyagatare Cattle Ranch,Slip/Trip/Fall,High,3,0,0
dbf9051f-0110-41be-9f68-c795dffe42a4,Exposed valve on microwave in warehouse (Room 142),Can someone look at this?,2025-10-18 00:00:00,Kitchen,Kigali Construction Ltd,Electrical,High,1,1,0
bf312001-d9ed-478f-a15c-b66508f49761,Obstacle in walkway at loading bay (Room 186),I'm concerned about this.,2023-05-04 00:00:00,Administration,Rubavu Logistics Hub,Slip/Trip/Fall,Medium,4,0,0
1b5332f9-8edb-4874-97cc-4148f76ee1bd,Leakage from industrial glue near assembly area (Zone 10),Staff reported the leakage from industrial glue near assembly area (zone 10) at approximately 10am. Site inspection confirmed the hazard. Warning signs posted.,2025-04-06 00:00:00,Laboratory,Huye Power Plant,Chemical,Critical,7,1,1
6b71dda5-b0a7-4585-b5de-bee907fd8b30,Exposed sensor on shredder in canteen (Room 127),"During a walkthrough, staff noticed the exposed sensor on shredder in canteen (room 127). No immediate incident occurred but the potential for damage is significant.",2025-03-30 00:00:00,Administration,RSSB Head Office,Electrical,Critical,8,1,1
7694424c-a054-4e9e-9f17-a9d92e9af203,Faulty valve on bandsaw near Station 15,,2026-03-14 00:00:00,Quality Control,Rwanda Manufacturing Co,Machinery,Medium,2,1,0
37395680-9044-42fc-9d55-b5f363d41676,Unsafe operation of pallet jack in maintenance bay (Room 145),Report issued by safety rep. The unsafe operation of pallet jack in maintenance bay (room 145) has been reported by multiple staff members. Recommend immediate repair.,2025-03-17 00:00:00,Administration,Nyagatare Cattle Ranch,Machinery,Medium,1,0,1
7db292a1-9287-414d-a55a-aaa8431a3bd8,Cluttered floor space around power drill at rooftop,Follow-up required on the cluttered floor space around power drill at rooftop. The risk is rated as medium due to frequency of use.,2025-02-24 00:00:00,Production,Rwanda Manufacturing Co,Slip/Trip/Fall,Medium,3,0,0
43697a1f-2890-4057-8f03-1efcce412faa,Stagnant water near front gate causing Fungal spread,"During a walkthrough, staff noticed the stagnant water near front gate causing fungal spread. No immediate incident occurred but the potential for harm is significant.",2024-12-29 00:00:00,Production,Kigali Construction Ltd,Biological,Medium,1,1,0
6ac7f4d2-d899-403d-ae49-b9b2183221f2,Sparks observed from microwave in workshop (Room 113),Report issued by employee. The oil spill in toilet near checkout counter (room 127) has been reported by multiple staff members. Recommend immediate repair.,2023-01-19 00:00:00,Workshop,Rwanda Manufacturing Co,Electrical,High,7,0,0
0880ac2a-c0cb-4ce4-8ff2-fc44bed11d87,Repetitive strain risk operating transformer at Station 9,Report issued by supervisor. The repetitive strain risk operating transformer at station 9 has been reported by multiple staff members. Recommend immediate repair.,2024-08-22 00:00:00,Loading Bay,Rubavu Logistics Hub,Ergonomic,Low,1,0,0
be103988-1347-4ff5-a3e2-f2853fca7c7c,Bacterial contamination risk in assembly area near west exit (Room 193),Report issued by supervisor. The bacterial contamination risk in assembly area near west exit (room 193) has been reported by multiple staff members. Recommend further assessment.,2025-10-28 00:00:00,Quality Control,Kigali Construction Ltd,Biological,Medium,5,0,0
ea688ba0-d11f-49a6-a51d-503f8fa03bdd,Damaged power cord on welding machine at basement (Room 138),Staff reported the damaged power cord on welding machine at basement (room 138) at approximately 2pm. Site inspection confirmed the hazard. Warning signs posted.,2024-07-17 00:00:00,Laboratory,RSSB Head Office,Electrical,Critical,3,0,0
fba94f99-812c-45bb-8df1-f6ce05b33f23,Overloaded power outlet near Station 11 (Room 117),The overloaded power outlet near station 11 (room 117) was observed during routine inspection. This presents a potential risk to staff in the building.,2023-12-25 00:00:00,Laboratory,RSSB Head Office,Electrical,High,5,0,1
c0b90677-5592-4722-9009-bf101b8dce5f,Faulty fire extinguisher in corridor (Room 118),The faulty fire extinguisher in corridor (room 118) was observed during routine inspection. This presents a potential risk to staff in the building.,2026-01-19 00:00:00,Office Complex,Rwanda Manufacturing Co,Fire,Critical,3,0,0
67e43c2a-669c-4680-bcd8-721728b4b8a9,Faulty guard on HVAC unit near Station 7,Follow-up required on the faulty guard on hvac unit near station 7. The danger is rated as critical due to frequency of use.,2026-05-31 00:00:00,Loading Bay,RSSB Head Office,Machinery,Critical,7,1,1
2f2b571b-abdc-4e2c-8bde-0896e8a05686,Obstacle in walkway at service elevator (Room 182),Staff reported the obstacle in walkway at service elevator (room 182) at approximately 2pm. Site inspection confirmed the hazard. Tape has been placed.,2024-12-07 00:00:00,Packaging,Musanze Mining Corp,Slip/Trip/Fall,Medium,8,1,1
fdcd3a92-7cbc-4408-ab1c-951def6ea0c1,Smoke detector malfunctioning in corridor (Room 103) (similar to report #706),,2025-01-15 00:00:00,Storage Facility,RSSB Head Office,Electrical,Critical,10,0,1
9dbcb370-fa8b-4c56-bdad-40eb1bb4d829,Improper storage of industrial glue in car park (Zone 14),,2023-06-07 00:00:00,Maintenance,Rwanda Manufacturing Co,Chemical,High,0,0,0
1c277c39-86ab-418e-8626-8c96405dfede,Repetitive strain risk operating grinder at dispatch area,Follow-up required on the repetitive strain risk operating grinder at dispatch area. The risk is rated as medium due to lack of protection.,2025-05-07 00:00:00,Security,Bugesera Cement Works,Ergonomic,Medium,15,0,0
c2b6341f-b505-478b-bfd1-43f1ee2ecbd2,Accumulated flammable material near grinder (Room 151),"During a walkthrough, staff noticed the accumulated flammable material near grinder (room 151). No immediate incident occurred but the potential for harm is significant.",2026-03-29 00:00:00,Packaging,RSSB Head Office,Fire,High,2,1,0
f72a7810-ebc7-48f3-839a-6886173c437d,Loose carpet in stairwell near rear exit (Room 188),Follow-up required on the loose carpet in stairwell near rear exit (room 188). The danger is rated as medium due to lack of protection.,2024-02-23 00:00:00,Packaging,Bugesera Cement Works,Slip/Trip/Fall,Medium,0,0,0
e2c5dc6b-ff78-46ea-99da-4fce73d3f0c2,Blocked emergency route in loading bay (Room 189),Report issued by team lead. The blocked emergency route in loading bay (room 189) has been reported by multiple staff members. Recommend review by safety team.,2023-08-03 00:00:00,Workshop,Muhanga Agro-Processing,Fire,Critical,0,0,1
586afdd8-c4e1-4e6b-9ba6-5050ddd6f7af,Safety violation spotted,Follow-up required on the safety violation spotted. The danger is rated as low due to exposure levels.,2023-07-08 00:00:00,Quality Control,Gasabo Textile Factory,Ergonomic,Low,0,1,0
0116d99b-b275-4a2c-ba44-f7abe3306b5e,Exposed belt on pump system at main lobby (Room 174),Please investigate.,2023-03-31 00:00:00,Warehouse,Rubavu Logistics Hub,Machinery,Critical,6,0,0
6a566a0f-3ac7-4c11-b197-4f820eec2ef8,Cluttered floor space around shredder at main lobby,"During a walkthrough, staff noticed the cluttered floor space around shredder at main lobby. No immediate incident occurred but the potential for damage is significant.",2023-11-24 00:00:00,Maintenance,RSSB Head Office,Slip/Trip/Fall,Medium,2,0,1
822ee02b-a1f7-40a5-8ab3-14ef44a6aa9c,Awkward lifting position at receiving dock in car park (Room 131),,2023-01-06 00:00:00,Office Complex,Musanze Mining Corp,Ergonomic,High,1,0,1
a50d0b1a-240f-4570-9684-13e502a4b25d,Biological waste disposal issue in cafeteria (Room 151),Report issued by employee. The biological waste disposal issue in cafeteria (room 151) has been reported by multiple staff members. Recommend temporary closure.,2024-03-11 00:00:00,Assembly Line,Bugesera Cement Works,Biological,High,4,0,0
d4e15bec-c476-4e4f-8e04-f87283b3a277,Blocked emergency route in rear exit (Room 158),"During a walkthrough, staff noticed the blocked emergency route in rear exit (room 158). No immediate incident occurred but the potential for injury is significant.",2024-09-10 00:00:00,Assembly Line,Muhanga Agro-Processing,Fire,Critical,4,0,1
459fccfe-9172-4b14-a11d-028d54d2f3e8,Improper desk height for computer in office (Sector G),Staff reported the improper desk height for computer in office (sector g) at approximately 4pm. Site inspection confirmed the hazard. Warning signs posted.,2023-10-24 00:00:00,Maintenance,Nyagatare Cattle Ranch,Ergonomic,High,7,0,1
cda2e056-f059-4ac4-a9b8-04960a03eba9,Repetitive strain risk operating air conditioner at reception,Report issued by team lead. The repetitive strain risk operating air conditioner at reception has been reported by multiple staff members. Recommend immediate repair.,2026-02-08 00:00:00,Assembly Line,Huye Power Plant,Ergonomic,High,4,1,1
6400953e-288c-417c-a249-73c1b24b52e3,Broken filter on forklift in assembly area (Room 132),"During a walkthrough, staff noticed the broken filter on forklift in assembly area (room 132). No immediate incident occurred but the potential for damage is significant.",2026-02-02 00:00:00,Sanitation,RSSB Head Office,Machinery,High,0,0,0
f747c71d-ceeb-4f00-ba40-bd63d2a6be02,Loose tiles in warehouse near reception (Room 101),Follow-up required on the loose tiles in warehouse near reception (room 101). The risk is rated as high due to proximity to staff.,2024-08-02 00:00:00,Administration,Musanze Mining Corp,Slip/Trip/Fall,High,1,0,0
251052ea-59e3-459a-b54b-387f533557b4,Cluttered floor space around coffee maker at loading bay,This needs fixing urgently.,2024-12-25 00:00:00,Storage Facility,Huye Power Plant,Slip/Trip/Fall,Medium,8,0,1
29292d13-ffd8-4760-8d27-5c2f741ba84e,Smoke detector malfunctioning in production floor (Room 103),"During a walkthrough, staff noticed the smoke detector malfunctioning in production floor (room 103). No immediate incident occurred but the potential for harm is significant.",2024-10-06 00:00:00,Security,Muhanga Agro-Processing,Fire,Critical,5,1,0
afceeb04-394b-4b1f-a636-030b192169c6,Smoke detector malfunctioning in corridor (Room 115),Report issued by supervisor. The smoke detector malfunctioning in corridor (room 115) has been reported by multiple staff members. Recommend temporary closure.,2023-02-21 00:00:00,Transport,Gasabo Textile Factory,Fire,High,5,0,1
ed0239f7-3c96-49ef-9aae-41b03d8ee99b,Fumes from epoxy near control panel (Room 182),Report issued by employee. The fumes from epoxy near control panel (room 182) has been reported by multiple staff members. Recommend review by safety team.,2025-05-25 00:00:00,Sanitation,Rwanda Manufacturing Co,Chemical,Medium,4,1,1
7ec492ea-afb9-4771-806e-1ed201e8b5e5,Spoiled materials found in corridor (Room 122),Report issued by employee. The spoiled materials found in corridor (room 122) has been reported by multiple staff members. Recommend further assessment.,2025-04-09 00:00:00,Laboratory,Huye Power Plant,Biological,High,5,0,1
73f95d2a-f7ff-4711-96f2-6917e0efe993,Unlabeled acids container at perimeter fence (Room 104),Follow-up required on the unlabeled acids container at perimeter fence (room 104). The severity is rated as critical due to lack of protection.,2025-05-28 00:00:00,Maintenance,Muhanga Agro-Processing,Chemical,Critical,9,0,0
f1c0f58d-fc40-4656-b5e9-56c9abbafd31,Awkward lifting position at rooftop in chemical storage (Room 134),The accumulated flammable material near boiler (room 167) was observed during routine inspection. This presents a potential risk to staff in the area.,2024-02-06 00:00:00,Loading Bay,Huye Power Plant,Ergonomic,High,6,0,1
7842079d-40a0-4230-91f8-31c84d4c5997,Unsafe operation of forklift in break room (Room 103),The unsafe operation of forklift in break room (room 103) was observed during routine inspection. This presents a potential risk to staff in the building.,2025-10-22 00:00:00,Packaging,Muhanga Agro-Processing,Machinery,High,8,0,0
d522b913-65be-4bef-8b22-d2bd45211f03,Problem with equipment,Report issued by safety rep. The problem with equipment has been reported by multiple staff members. Recommend further assessment.,2024-08-21 00:00:00,Maintenance,Rwanda Manufacturing Co,Machinery,High,5,0,0
0a0fd7b2-41f6-4143-a1b7-311d90808e42,Improper storage of lubricant in lobby (Room 105),Report issued by team lead. The exposed connector on shredder in warehouse (room 141) has been reported by multiple staff members. Recommend immediate repair.,2024-12-09 00:00:00,Assembly Line,Huye Power Plant,Chemical,High,10,0,1
f259e8d6-3ab6-4bfc-8913-62793d0e0d7a,Unlabeled acids container at service elevator (Room 154),Report issued by employee. The unlabeled acids container at service elevator (room 154) has been reported by multiple staff members. Recommend temporary closure.,2024-06-05 00:00:00,Production,Huye Power Plant,Chemical,Medium,7,0,1
bd789652-29f8-414a-8a3f-f0492e8d8b23,Broken belt on lathe in storage room (Sector C),Follow-up required on the broken belt on lathe in storage room (sector c). The severity is rated as critical due to exposure levels.,2025-01-03 00:00:00,Transport,Muhanga Agro-Processing,Machinery,Critical,6,0,1
c6375ba2-8bc6-40eb-a3eb-d6fe081ad7bb,Unlabeled bleach container at rooftop (Room 190),Staff reported the unlabeled bleach container at rooftop (room 190) at approximately 10am. Site inspection confirmed the hazard. Warning signs posted.,2025-11-22 00:00:00,Warehouse,Bugesera Cement Works,Chemical,High,2,1,0
865c2bf4-5111-477a-9ddd-e70be608dc20,Poorly adjusted chair at reception in production floor (Room 165),The poorly adjusted chair at reception in production floor (room 165) was observed during routine inspection. This presents a potential risk to staff in the building.,2026-01-19 00:00:00,Warehouse,Kigali Construction Ltd,Ergonomic,High,0,0,1
d0c21cd6-fb83-46c7-a38c-a0e71203c8d3,Spilled epoxy around service elevator (Room 182),Staff reported the spilled epoxy around service elevator (room 182) at approximately 4pm. Site inspection confirmed the hazard. Warning signs posted.,2024-12-28 00:00:00,Workshop,Nyagatare Cattle Ranch,Chemical,Critical,1,1,1
1ff25b9c-e508-4d75-a6d3-c1b936aad4d9,Repetitive strain risk operating air conditioner at Station 3,Follow-up required on the repetitive strain risk operating air conditioner at station 3. The danger is rated as high due to exposure levels.,2025-06-27 00:00:00,Storage Facility,Nyagatare Cattle Ranch,Ergonomic,High,0,0,0
53b7355d-b540-4876-bfe9-62e3cd995a24,Cluttered floor space around grinder at west exit,Follow-up required on the cluttered floor space around grinder at west exit. The risk is rated as low due to proximity to staff.,2026-04-05 00:00:00,Office Complex,Musanze Mining Corp,Slip/Trip/Fall,Low,2,1,0
803e7687-7766-41bc-93fb-74c7e3bf3ab1,Faulty display on hydraulic press near control panel,,2025-09-19 00:00:00,Storage Facility,Rubavu Logistics Hub,Machinery,High,0,0,0
38ad1017-5717-4b0b-938c-c0c07826f8ba,Damaged power cord on grinder at loading bay (Room 116),Follow-up required on the damaged power cord on grinder at loading bay (room 116). The severity is rated as high due to proximity to staff.,2025-08-25 00:00:00,Warehouse,Nyagatare Cattle Ranch,Electrical,High,1,0,0
59d30d99-1093-4985-9674-86588a3b3f8c,Unsafe operation of milling machine in cafeteria (Room 131),Staff reported the unsafe operation of milling machine in cafeteria (room 131) at approximately 8am. Site inspection confirmed the hazard. No temporary measures taken.,2025-07-24 00:00:00,Warehouse,Muhanga Agro-Processing,Machinery,High,3,0,1
78d93f8b-df26-486f-9a07-b2d71b0c6018,Damaged power cord on computer at front gate (Room 125),Report issued by supervisor. The damaged power cord on computer at front gate (room 125) has been reported by multiple staff members. Recommend further assessment.,2025-09-20 00:00:00,Workshop,Nyagatare Cattle Ranch,Electrical,Critical,2,1,0
c5d9edf2-0834-49ee-838f-6d9e9f97ba22,Unsafe operation of CNC machine in workshop (Room 187),The unsafe operation of cnc machine in workshop (room 187) was observed during routine inspection. This presents a potential risk to staff in the building.,2024-01-14 00:00:00,Administration,Kigali Construction Ltd,Machinery,High,0,1,0
4ee5e2a2-02f5-4649-9d71-5a92e0a52943,Biological waste disposal issue in break room (Room 165),Report issued by supervisor. The biological waste disposal issue in break room (room 165) has been reported by multiple staff members. Recommend review by safety team.,2025-01-04 00:00:00,Administration,Rubavu Logistics Hub,Biological,High,1,1,0
b4b43eaf-29aa-4683-8e71-0b74aaa6648a,Spilled pesticides around emergency stairs (Sector C),Report issued by supervisor. The spilled pesticides around emergency stairs (sector c) has been reported by multiple staff members. Recommend immediate repair.,2023-04-22 00:00:00,Packaging,Kigali Construction Ltd,Chemical,Medium,0,1,0
bd2a8328-ab38-4627-8ace-e542d11168ce,Strange noise from crusher at rooftop (Room 122),Staff reported the strange noise from crusher at rooftop (room 122) at approximately 10am. Site inspection confirmed the hazard. No temporary measures taken.,2023-07-09 00:00:00,Transport,Muhanga Agro-Processing,Machinery,High,2,1,1
f983560b-5be0-41c4-8476-55470aee6bd3,Repetitive strain risk operating welding machine at Station 9,Staff reported the repetitive strain risk operating welding machine at station 9 at approximately 8am. Site inspection confirmed the hazard. Warning signs posted.,2026-01-08 00:00:00,Production,Nyagatare Cattle Ranch,Ergonomic,High,2,0,1
bee60885-702c-40ee-a494-c8be8dbba758,Poorly adjusted chair at Station 5 in workshop (Room 132),Follow-up required on the poorly adjusted chair at station 5 in workshop (room 132). The danger is rated as medium due to lack of protection.,2025-07-23 00:00:00,Office Complex,RSSB Head Office,Ergonomic,Medium,7,0,0
74d5c305-fa2c-482b-975c-9a62fe4775b3,Blocked emergency route in west exit (Room 125),Staff reported the blocked emergency route in west exit (room 125) at approximately 4pm. Site inspection confirmed the hazard. Tape has been placed.,2025-09-05 00:00:00,Warehouse,Muhanga Agro-Processing,Fire,High,5,0,0
7d6980c1-833a-4819-a16f-194121b8c293,Flickering lights in perimeter fence near transformer,The flickering lights in perimeter fence near transformer was observed during routine inspection. This presents a potential risk to staff in the area.,2024-08-17 00:00:00,Storage Facility,Rubavu Logistics Hub,Electrical,Critical,7,1,0
46b794a5-676d-4ac7-a837-096f79e22570,Repetitive strain risk operating transformer at reception,Follow-up required on the repetitive strain risk operating transformer at reception. The risk is rated as high due to frequency of use.,2024-01-05 00:00:00,Production,Musanze Mining Corp,Ergonomic,High,3,0,0
fb38179d-d113-4100-bba6-f5ffe7c0e93a,Improper storage of industrial glue in maintenance bay (Room 102),,2028-02-07 00:00:00,Sanitation,Kigali Construction Ltd,Chemical,Critical,4,0,0
da28634b-7bc0-441e-93a8-411f854fbf63,Strange noise from CNC machine at front gate (Room 108),Staff reported the strange noise from cnc machine at front gate (room 108) at approximately 2pm. Site inspection confirmed the hazard. Warning signs posted.,2025-11-27 00:00:00,Security,Nyagatare Cattle Ranch,Machinery,Medium,0,0,0
34935719-1268-4418-a371-27434eb0b60c,Fumes from bleach near Station 13 (Room 189),Staff reported the fumes from bleach near station 13 (room 189) at approximately 4pm. Site inspection confirmed the hazard. No temporary measures taken.,2025-01-18 00:00:00,Packaging,Gasabo Textile Factory,Chemical,Critical,3,1,0
fb85b37c-d855-40d8-a77e-0acb5d227232,Biological waste disposal issue in chemical storage (Zone 11),Staff reported the biological waste disposal issue in chemical storage (zone 11) at approximately 10am. Site inspection confirmed the hazard. No temporary measures taken.,2026-01-30 00:00:00,Security,Bugesera Cement Works,Biological,High,15,0,1
0b345f3d-ddfe-4e2d-90a4-fcdf8abfd1d8,Unlabeled solvents container at south wing (Zone 13),Staff reported the unlabeled solvents container at south wing (zone 13) at approximately 2pm. Site inspection confirmed the hazard. Tape has been placed.,2025-05-07 00:00:00,Quality Control,Rwanda Manufacturing Co,Chemical,High,4,0,0
383a0f58-b926-4fbe-9b60-e8caa9cc1f91,Overloaded power outlet near Station 7 (Room 101),Can someone look at this?,2024-04-28 00:00:00,Laboratory,Kigali Construction Ltd,Electrical,Critical,7,1,1
86ca33f2-5982-4259-8163-569d486a7755,Biological waste disposal issue in storage room (Room 106),Staff reported the biological waste disposal issue in storage room (room 106) at approximately 4pm. Site inspection confirmed the hazard. No temporary measures taken.,2024-09-13 00:00:00,Loading Bay,Bugesera Cement Works,Biological,High,0,0,0
3b97c8f1-bd7f-4a5d-a90c-2effb852f36b,Loose carpet in cafeteria near basement (Room 103),The loose carpet in cafeteria near basement (room 103) was observed during routine inspection. This presents a potential risk to staff in the area.,2024-06-15 00:00:00,Warehouse,Rubavu Logistics Hub,Slip/Trip/Fall,Low,5,1,0
6b3ef461-c9da-4393-a1c4-22e15defeb07,Loose carpet in office near service elevator (Room 195),Staff reported the loose carpet in office near service elevator (room 195) at approximately 2pm. Site inspection confirmed the hazard. No temporary measures taken.,2024-09-10 00:00:00,Storage Facility,Kigali Construction Ltd,Slip/Trip/Fall,High,2,0,1
aeeeec58-288d-4e25-a90b-92708ed06295,Faulty valve on bandsaw near Station 19,Report issued by team lead. The faulty valve on bandsaw near station 19 has been reported by multiple staff members. Recommend further assessment.,2025-05-08 00:00:00,Warehouse,Kigali Construction Ltd,Machinery,High,0,0,1
79298c32-dbb2-4ffc-a997-42260a6058e3,Flickering lights in west exit near printer (similar to report #1320),Staff reported the flickering lights in west exit near printer at approximately 10am. Site inspection confirmed the hazard. Tape has been placed.,2025-02-23 00:00:00,Transport,Kigali Construction Ltd,Ergonomic,Low,5,1,0
d7ca819e-fe28-4bfe-bdf8-fbaa1e38bcd5,Safety violation spotted,Report issued by supervisor. The safety violation spotted has been reported by multiple staff members. Recommend review by safety team.,2025-01-29 00:00:00,Security,Huye Power Plant,Fire,High,1,0,0
d2fe3d02-9d36-4333-9f84-97f4063aebf9,Spilled degreaser around basement (Sector A),"During a walkthrough, staff noticed the spilled degreaser around basement (sector a). No immediate incident occurred but the potential for harm is significant.",2023-07-30 00:00:00,Transport,Muhanga Agro-Processing,Chemical,Medium,2,1,0
1c5896f3-4218-4140-b6b6-055bca1551e5,Blocked fire exit at basement near production floor (Sector A),This has been like this for weeks.,2025-05-08 00:00:00,Administration,Bugesera Cement Works,Fire,Critical,5,0,1
623d5be0-ac34-4847-bb57-a894fe96169d,Exposed motor on ventilator in workshop (Room 192),Report issued by team lead. The exposed motor on ventilator in workshop (room 192) has been reported by multiple staff members. Recommend immediate repair.,2023-11-02 00:00:00,Assembly Line,Kigali Construction Ltd,Electrical,Low,0,0,0
1073536b-ea64-4eba-a2b8-e75c34703c8c,Odor from ammonia near corridor (Zone 4),Staff reported the odor from ammonia near corridor (zone 4) at approximately 4pm. Site inspection confirmed the hazard. No temporary measures taken.,2026-04-16 00:00:00,Office Complex,RSSB Head Office,Chemical,Medium,1,0,0
2982eaf7-24f5-4675-a6dd-205ce26011e4,Debris in loading dock near Station 19 (Room 198),Follow-up required on the debris in loading dock near station 19 (room 198). The risk is rated as low due to frequency of use.,2026-03-07 00:00:00,Maintenance,Nyagatare Cattle Ranch,Slip/Trip/Fall,Low,1,1,0
9e620b5a-8f4c-4586-9daa-b84250b4b820,Faulty plug on milling machine near Station 20,Follow-up required on the faulty plug on milling machine near station 20. The danger is rated as critical due to exposure levels.,2025-07-20 00:00:00,Quality Control,Rwanda Manufacturing Co,Machinery,Critical,6,1,1
bbe7b298-62c9-4d96-b879-a8e0439eacfb,Repetitive strain risk operating welding machine at Station 1,Report issued by supervisor. The repetitive strain risk operating welding machine at station 1 has been reported by multiple staff members. Recommend immediate repair.,2025-12-05 00:00:00,Packaging,Kigali Construction Ltd,Ergonomic,Low,4,0,0
be9d88eb-079a-4b5f-9c81-f19eec728183,Flickering lights in front gate near grinder,,2025-08-27 00:00:00,Assembly Line,Huye Power Plant,Electrical,Critical,1,0,0
d7dba059-8dc8-4300-a4e3-de958f36f73b,Pooling of degreaser near warehouse (Room 135),Report issued by safety rep. The pooling of degreaser near warehouse (room 135) has been reported by multiple staff members. Recommend further assessment.,2025-06-22 00:00:00,Assembly Line,Muhanga Agro-Processing,Chemical,Critical,12,1,1
3f0ee31d-5622-436d-89ad-3bdcfe7ee502,Damaged power cord on hand truck at emergency stairs (Sector A),Report issued by employee. The damaged power cord on hand truck at emergency stairs (sector a) has been reported by multiple staff members. Recommend further assessment.,2024-06-22 00:00:00,Storage Facility,Rwanda Manufacturing Co,Electrical,High,1,1,1
2afe0ead-f693-432f-b5be-717c792f121f,Exposed connector on welding station at main corridor (Room 108),Staff reported the exposed connector on welding station at main corridor (room 108) at approximately 2pm. Site inspection confirmed the hazard. No temporary measures taken.,2025-07-07 00:00:00,Sanitation,Musanze Mining Corp,Machinery,High,2,0,0
7873e779-b9c2-4885-be5d-4fe015346f09,Unlabeled acids container at west exit (Room 159),"During a walkthrough, staff noticed the unlabeled acids container at west exit (room 159). No immediate incident occurred but the potential for damage is significant.",2025-09-08 00:00:00,Transport,RSSB Head Office,Chemical,High,15,0,0
3c663607-fa24-4799-91c3-55d3f6b9de50,Repetitive strain risk operating welding machine at Station 2,The repetitive strain risk operating welding machine at station 2 was observed during routine inspection. This presents a potential risk to staff in the building.,2023-05-16 00:00:00,Workshop,Rwanda Manufacturing Co,Ergonomic,High,1,0,0
1833eab5-de74-458d-8154-8d3085fd66c3,Obstacle in walkway at main corridor (Room 116),"During a walkthrough, staff noticed the obstacle in walkway at main corridor (room 116). No immediate incident occurred but the potential for injury is significant.",2024-09-26 00:00:00,Security,Rubavu Logistics Hub,Slip/Trip/Fall,Medium,0,0,0
72e9c5da-c476-4e74-aef4-3c30187e7503,Strange noise from industrial mixer at loading bay (Room 162),Staff reported the strange noise from industrial mixer at loading bay (room 162) at approximately 10am. Site inspection confirmed the hazard. No temporary measures taken.,2024-11-16 00:00:00,Assembly Line,Kigali Construction Ltd,Machinery,Critical,1,1,1
69821730-1a0b-4b14-9b5c-b14b756f364c,Improper storage of epoxy in lobby (Room 196),Report issued by employee. The improper storage of epoxy in lobby (room 196) has been reported by multiple staff members. Recommend review by safety team.,2025-03-18 00:00:00,Sanitation,RSSB Head Office,Chemical,High,3,0,0
126d52a2-cbef-4a63-8601-cb6f7e49550c,Damaged power cord on power drill at main lobby (Room 175),Follow-up required on the damaged power cord on power drill at main lobby (room 175). The risk is rated as high due to frequency of use.,2024-07-10 00:00:00,Sanitation,Huye Power Plant,Electrical,High,7,0,1
62044da1-0bfa-42b7-bd33-8f0534bc6506,Fumes from bleach near Station 13 (Room 153),Report issued by employee. The fumes from bleach near station 13 (room 153) has been reported by multiple staff members. Recommend review by safety team.,2024-06-01 00:00:00,Workshop,Rubavu Logistics Hub,Chemical,Medium,2,1,1
055e375b-3162-4797-a160-0182aa3e3ce6,Stagnant water near emergency stairs causing Insects found,Staff reported the stagnant water near emergency stairs causing insects found at approximately 10am. Site inspection confirmed the hazard. Tape has been placed.,2024-12-04 00:00:00,Workshop,Huye Power Plant,Biological,Medium,3,0,0
07054255-a0a5-4222-a18b-289d3e08a04e,Exposed sensor on lathe at perimeter fence (Zone 4),The exposed sensor on lathe at perimeter fence (zone 4) was observed during routine inspection. This presents a potential risk to staff in the building.,2026-04-09 00:00:00,Assembly Line,Kigali Construction Ltd,Machinery,Medium,6,0,0
247ae1be-d3ff-4c09-aa86-fc955982f8f2,Fumes from solvents near Station 5 (Sector C),The fumes from solvents near station 5 (sector c) was observed during routine inspection. This presents a potential risk to staff in the area.,2023-08-31 00:00:00,Workshop,Nyagatare Cattle Ranch,Chemical,Critical,0,0,1
fbd383bc-46d6-44a1-9525-86239040a430,Accumulated flammable material near hand truck (Zone 4),Staff reported the accumulated flammable material near hand truck (zone 4) at approximately 8am. Site inspection confirmed the hazard. No temporary measures taken.,2026-01-10 00:00:00,Office Complex,Kigali Construction Ltd,Fire,Critical,3,1,1
7aab6d77-683f-470f-9f8e-d8eaea02cca2,Fumes from degreaser near Station 14 (Room 152),Report issued by team lead. The fumes from degreaser near station 14 (room 152) has been reported by multiple staff members. Recommend further assessment.,2024-08-14 00:00:00,Loading Bay,Muhanga Agro-Processing,Chemical,Critical,0,0,0
25ecac26-22a9-47cc-ab45-029fba63148b,Poorly adjusted chair at dispatch area in break room (Room 117),Report issued by safety rep. The poorly adjusted chair at dispatch area in break room (room 117) has been reported by multiple staff members. Recommend further assessment.,2026-05-09 00:00:00,Office Complex,Musanze Mining Corp,Ergonomic,Low,11,1,0
d1fe3c41-7149-471f-8f62-9ce055cd47e7,Strange noise from motor at main corridor (Zone 14),Staff reported the strange noise from motor at main corridor (zone 14) at approximately 2pm. Site inspection confirmed the hazard. Warning signs posted.,2026-02-22 00:00:00,Sanitation,RSSB Head Office,Machinery,High,0,1,1
2f16a747-8b7d-436f-8ecf-c2d2a587a6f3,Poorly adjusted chair at Station 9 in office (Room 193),Can someone look at this?,2025-01-04 00:00:00,Security,Rwanda Manufacturing Co,Ergonomic,Low,4,1,0
2472ba5f-2d2f-4afc-965a-2ce861ec0533,Repetitive strain risk operating welding machine at assembly line,"During a walkthrough, staff noticed the loose carpet in workshop near east wing (zone 14). No immediate incident occurred but the potential for injury is significant.",2023-08-23 00:00:00,Security,RSSB Head Office,Ergonomic,High,0,0,1
587fbf92-3582-4a08-96c9-699e8c88ed86,Tripping hazard in storage room near Station 2 (Sector C),Staff reported the tripping hazard in storage room near station 2 (sector c) at approximately 10am. Site inspection confirmed the hazard. Warning signs posted.,2025-07-13 00:00:00,Administration,Rwanda Manufacturing Co,Slip/Trip/Fall,High,1,1,0
9b9cd551-51ca-4473-a5f9-3d14b5a7ff49,Accumulated flammable material near welding machine (Room 193),"During a walkthrough, staff noticed the accumulated flammable material near welding machine (room 193). No immediate incident occurred but the potential for damage is significant.",2024-12-01 00:00:00,Production,Rubavu Logistics Hub,Fire,Critical,0,1,1
c3f94978-9609-4dbe-a21b-a02de8b53e9a,Blocked fire exit at main lobby near toilet (Room 194),"During a walkthrough, staff noticed the blocked fire exit at main lobby near toilet (room 194). No immediate incident occurred but the potential for damage is significant.",2024-07-09 00:00:00,Laboratory,Rubavu Logistics Hub,Fire,High,0,0,0
98be7ba2-285a-4b29-a4cd-54ce50553adf,Oil spill in office near Station 11 (Room 175),The oil spill in office near station 11 (room 175) was observed during routine inspection. This presents a potential risk to staff in the area.,2026-03-17 00:00:00,Workshop,Musanze Mining Corp,Slip/Trip/Fall,Medium,0,0,0
9226511f-965d-4af5-a44c-8e81f9a7ff7c,Broken belt on compressor in chemical storage (Room 128),Staff reported the broken belt on compressor in chemical storage (room 128) at approximately 2pm. Site inspection confirmed the hazard. Warning signs posted.,2023-06-09 00:00:00,Warehouse,Musanze Mining Corp,Machinery,Medium,4,0,0
17d687b8-5efc-494f-ada5-5f07e5964d6e,Fumes from chlorine near Station 6 (Room 110),Follow-up required on the fumes from chlorine near station 6 (room 110). The risk is rated as high due to proximity to staff.,2024-10-27 00:00:00,Loading Bay,Muhanga Agro-Processing,Chemical,High,0,1,0
d6afaf7b-76a3-48b0-bca9-da0cae0bb98b,Improper storage of paint thinner in assembly area (Sector A),Report issued by team lead. The improper storage of paint thinner in assembly area (sector a) has been reported by multiple staff members. Recommend further assessment.,2025-10-16 00:00:00,Assembly Line,Muhanga Agro-Processing,Chemical,High,1,0,0
7b073fc1-dbea-4604-8780-39a919f038d1,Smoke detector malfunctioning in warehouse (Room 164),Follow-up required on the smoke detector malfunctioning in warehouse (room 164). The risk is rated as critical due to lack of protection.,2024-08-11 00:00:00,Maintenance,Muhanga Agro-Processing,Fire,Critical,4,1,0
1e640171-2b99-40d6-9b95-84533830c026,Uncontained paint thinner near cafeteria (Room 189),The uncontained paint thinner near cafeteria (room 189) was observed during routine inspection. This presents a potential risk to staff in the building.,2023-08-23 00:00:00,Production,Nyagatare Cattle Ranch,Chemical,High,8,0,1
c45b3b78-930b-4316-a9e3-b92751fda30f,Fumes from epoxy near Station 10 (Room 187),"During a walkthrough, staff noticed the fumes from epoxy near station 10 (room 187). No immediate incident occurred but the potential for harm is significant.",2024-12-14 00:00:00,Assembly Line,Nyagatare Cattle Ranch,Chemical,Medium,6,1,0
a918ca47-ae9c-4bdd-b4c3-5c50324b26d5,Improper storage of ammonia in stairwell (Sector A),Report issued by supervisor. The improper storage of ammonia in stairwell (sector a) has been reported by multiple staff members. Recommend review by safety team.,2025-02-07 00:00:00,Maintenance,Rubavu Logistics Hub,Chemical,High,2,0,1
050fed22-5d0e-4508-b273-06ed1c3e5b18,Improper desk height for computer in car park (Room 118),The improper desk height for computer in car park (room 118) was observed during routine inspection. This presents a potential risk to staff in the area.,2025-05-09 00:00:00,Loading Bay,Bugesera Cement Works,Ergonomic,Medium,6,0,0
d3a4c61e-ff20-4abf-bb30-ef1f49d41b3d,Routine check finding,The routine check finding was observed during routine inspection. This presents a potential risk to staff in the building.,2026-02-20 00:00:00,Production,Gasabo Textile Factory,Electrical,Critical,6,0,1
3dfce246-2e05-4598-b37b-1886392d56d1,Safety violation spotted,"During a walkthrough, staff noticed the safety violation spotted. No immediate incident occurred but the potential for damage is significant.",2024-07-12 00:00:00,Warehouse,Huye Power Plant,Slip/Trip/Fall,Medium,0,0,0
e43259e0-500f-427d-aeb3-2e1fc8f5a3fc,Exposed motor on printer in break room (Room 178),The exposed motor on printer in break room (room 178) was observed during routine inspection. This presents a potential risk to staff in the department.,2023-04-10 00:00:00,Packaging,Musanze Mining Corp,Electrical,Critical,4,0,0
47b5550f-2f79-412b-9009-3e7855945ec9,Blocked emergency route in north entrance (Zone 2),Follow-up required on the blocked emergency route in north entrance (zone 2). The risk is rated as critical due to lack of protection.,2023-03-12 00:00:00,Storage Facility,Nyagatare Cattle Ranch,Fire,Critical,1,1,0
4795da96-4c53-450a-822b-283a51eaa44b,Damaged power cord on printer at basement (Zone 1),Staff reported the damaged power cord on printer at basement (zone 1) at approximately 8am. Site inspection confirmed the hazard. Warning signs posted.,2025-10-07 00:00:00,Storage Facility,Huye Power Plant,Electrical,Critical,0,0,1
eccfbef3-c746-4866-a213-d1fc898981da,Loose carpet in break room near rear exit (Room 137),Staff reported the obstacle in walkway at main corridor (room 168) at approximately 8am. Site inspection confirmed the hazard. Warning signs posted.,2023-10-08 00:00:00,Transport,Musanze Mining Corp,Slip/Trip/Fall,High,3,1,0
cae7c8f8-184f-49f9-bae1-a8429834e423,Flickering lights in south wing near boiler,Staff reported the flickering lights in south wing near boiler at approximately 2pm. Site inspection confirmed the hazard. Tape has been placed.,2025-08-13 00:00:00,Packaging,Kigali Construction Ltd,Electrical,Critical,13,0,1
27a6f72e-b603-4e89-a327-35fdfb182392,Maintenance requested urgently,Staff reported the maintenance requested urgently at approximately 2pm. Site inspection confirmed the hazard. Warning signs posted.,2024-08-07 00:00:00,Administration,Rwanda Manufacturing Co,Ergonomic,Low,5,0,0
599fa187-0d13-4a0d-856c-edeced847611,Accumulated flammable material near welding machine (Room 138),Staff reported the accumulated flammable material near welding machine (room 138) at approximately 8am. Site inspection confirmed the hazard. Warning signs posted.,2026-02-07 00:00:00,Packaging,RSSB Head Office,Fire,Critical,7,1,1
c6b557af-fddc-455b-915b-57046072cc00,Biological waste disposal issue in server room (Sector H),,2026-05-01 00:00:00,Warehouse,Musanze Mining Corp,Biological,Medium,2,0,0
a4bb7460-97dc-4ae5-bf5e-fd15c37065e0,Damaged power cord on power drill at east wing (Room 189),,2025-11-17 00:00:00,Sanitation,Nyagatare Cattle Ranch,Electrical,Medium,1,0,0
a77480b1-5381-4007-b285-d8651625cd46,Damaged power cord on microwave at west exit (Room 140),The damaged power cord on microwave at west exit (room 140) was observed during routine inspection. This presents a potential risk to staff in the department.,2023-09-27 00:00:00,Administration,Nyagatare Cattle Ranch,Electrical,Critical,1,0,0
1957d75d-641f-44fd-b8ed-0f4055eb254d,Exposed pipe on motor at west exit (Room 155),Staff reported the exposed pipe on motor at west exit (room 155) at approximately 10am. Site inspection confirmed the hazard. Warning signs posted.,2023-09-26 00:00:00,Assembly Line,RSSB Head Office,Machinery,Critical,2,0,0
4b3678e8-4818-42ce-8017-167cd5e6f5e2,Smoke detector malfunctioning in server room (Room 179),Staff reported the smoke detector malfunctioning in server room (room 179) at approximately 8am. Site inspection confirmed the hazard. Warning signs posted.,2025-04-20 00:00:00,Warehouse,RSSB Head Office,Fire,Critical,4,1,0
9646ff2f-1013-4b26-826c-7d1fe5005f0f,Damaged power cord on grinder at main lobby (Room 150),Can someone look at this?,2025-05-22 00:00:00,Laboratory,Rubavu Logistics Hub,Electrical,Low,3,0,0
9a1efa9c-5a88-4338-80ed-75af7fb5afdb,Exposed filter on hoist in maintenance bay (Room 141),Follow-up required on the exposed filter on hoist in maintenance bay (room 141). The risk is rated as critical due to lack of protection.,2023-12-15 00:00:00,Laboratory,Rubavu Logistics Hub,Electrical,Critical,4,0,0
3e336fa9-fde7-4dbf-b467-a0c37150cab3,Repetitive strain risk operating hand truck at Station 7,Staff reported the repetitive strain risk operating hand truck at station 7 at approximately 8am. Site inspection confirmed the hazard. Tape has been placed.,2025-10-16 00:00:00,Storage Facility,Musanze Mining Corp,Ergonomic,Low,7,0,0
f0b6ea50-904a-48ff-8d6a-3c6564111d5b,Spilled bleach around emergency stairs (Room 115),"During a walkthrough, staff noticed the spilled bleach around emergency stairs (room 115). No immediate incident occurred but the potential for damage is significant.",2023-03-20 00:00:00,Kitchen,Musanze Mining Corp,Chemical,Medium,1,0,0
0cc4ea8a-c3c4-440b-82a8-bca8fe945d43,Blocked fire exit at emergency stairs near workshop (Room 126),This needs fixing urgently.,2026-04-28 00:00:00,Packaging,Huye Power Plant,Fire,High,0,0,1
40ca3d45-3349-400a-b08c-1c5a114cb0d5,Strange noise from packaging unit at service elevator (Room 138),Staff reported the strange noise from packaging unit at service elevator (room 138) at approximately 8am. Site inspection confirmed the hazard. Tape has been placed.,2024-12-27 00:00:00,Transport,Musanze Mining Corp,Machinery,Medium,5,0,0
fb250303-589b-49a3-a723-0f3022c2d8f2,Awkward lifting position at emergency stairs in car park (Room 141),Follow-up required on the awkward lifting position at emergency stairs in car park (room 141). The risk is rated as high due to frequency of use.,2024-02-03 00:00:00,Transport,Rwanda Manufacturing Co,Ergonomic,High,1,1,1
3201d28c-ccfb-4d47-a6c4-f2c586123d21,Stagnant water near rear exit causing Bacterial contamination risk,Staff reported the stagnant water near rear exit causing bacterial contamination risk at approximately 10am. Site inspection confirmed the hazard. Warning signs posted.,2025-05-14 00:00:00,Laboratory,Gasabo Textile Factory,Biological,Medium,1,0,0
bce0adf0-5fd6-49a0-9afb-42ac1ff0b7fc,Spoiled materials found in chemical storage (Room 102),Follow-up required on the spoiled materials found in chemical storage (room 102). The severity is rated as low due to exposure levels.,2023-03-09 00:00:00,Security,Gasabo Textile Factory,Biological,Low,0,0,0
d2c947d0-e2bc-4e67-9e7c-52822590e183,Mold growth in break room near loading bay (Room 138),Staff reported the mold growth in break room near loading bay (room 138) at approximately 10am. Site inspection confirmed the hazard. No temporary measures taken.,2025-10-01 00:00:00,Production,Bugesera Cement Works,Biological,Low,1,0,0
3b724555-dfc7-4671-9106-3537a8311e2f,Blocked fire exit at west exit near lobby (Room 182),Follow-up required on the blocked fire exit at west exit near lobby (room 182). The severity is rated as critical due to proximity to staff.,2024-04-09 00:00:00,Assembly Line,RSSB Head Office,Fire,Critical,3,0,1
3b56ee2c-ae6e-4c4f-93c7-d8d36efa24c8,Sparks observed from computer in production floor (Room 166),Report issued by employee. The sparks observed from computer in production floor (room 166) has been reported by multiple staff members. Recommend further assessment.,2024-07-10 00:00:00,Loading Bay,RSSB Head Office,Electrical,Critical,1,0,0
8cc60e24-1aa7-4467-b183-e712342f8dfb,Biological waste disposal issue in office (Zone 2),Report issued by safety rep. The obstacle in walkway at service elevator (zone 14) has been reported by multiple staff members. Recommend temporary closure.,2025-03-19 00:00:00,Production,Nyagatare Cattle Ranch,Biological,High,0,0,0
3e559086-4b83-427e-9857-ec1a76c09b35,Stagnant water near service elevator causing Pest infestation,Follow-up required on the stagnant water near service elevator causing pest infestation. The risk is rated as high due to exposure levels.,2025-05-31 00:00:00,Loading Bay,RSSB Head Office,Biological,High,8,1,0
ef90a196-bb90-4387-8130-d44e2d121269,Loose carpet in server room near main lobby (Room 177),Report issued by safety rep. The loose carpet in server room near main lobby (room 177) has been reported by multiple staff members. Recommend review by safety team.,2023-10-15 00:00:00,Assembly Line,Bugesera Cement Works,Slip/Trip/Fall,High,5,1,1
2429bfd3-18b1-4dc1-a9fe-b1a15305e219,Obstacle in walkway at receiving dock (Room 158),Staff reported the obstacle in walkway at receiving dock (room 158) at approximately 8am. Site inspection confirmed the hazard. No temporary measures taken.,2025-12-06 00:00:00,Administration,RSSB Head Office,Slip/Trip/Fall,Medium,0,1,0
6126de8b-1b44-4018-b830-be5138cd2473,Smoke detector malfunctioning in car park (Room 125),This needs fixing urgently.,2023-03-28 00:00:00,Quality Control,Kigali Construction Ltd,Fire,High,15,0,1
82d1225e-48fd-44e7-bc36-87ddd9c08d65,Awkward lifting position at rear exit in canteen (Room 188),Follow-up required on the awkward lifting position at rear exit in canteen (room 188). The risk is rated as low due to lack of protection.,2026-04-20 00:00:00,Packaging,Muhanga Agro-Processing,Ergonomic,Low,6,0,0
111b5db0-b3ac-4672-b39d-3d3dd777f8d1,Blocked fire exit at receiving dock near chemical storage (Room 183),Report issued by safety rep. The blocked fire exit at receiving dock near chemical storage (room 183) has been reported by multiple staff members. Recommend temporary closure.,2023-10-03 00:00:00,Loading Bay,Musanze Mining Corp,Fire,Critical,0,0,1
e43139f1-7ff1-40eb-b24b-75a8939c6e35,Exposed panel on hydraulic press at emergency stairs (Room 119),"During a walkthrough, staff noticed the exposed panel on hydraulic press at emergency stairs (room 119). No immediate incident occurred but the potential for injury is significant.",2024-01-10 00:00:00,Loading Bay,Musanze Mining Corp,Machinery,High,0,0,0
da35229b-8e1e-4dff-ab9e-259544ae8698,Traces of solvents near maintenance bay (Room 139),Report issued by supervisor. The traces of solvents near maintenance bay (room 139) has been reported by multiple staff members. Recommend further assessment.,2024-08-16 00:00:00,Office Complex,Nyagatare Cattle Ranch,Chemical,Critical,9,0,0
b286993b-b28c-43b2-990f-63a00de4c8d5,Awkward lifting position at rooftop in production floor (Room 151),The awkward lifting position at rooftop in production floor (room 151) was observed during routine inspection. This presents a potential risk to staff in the building.,2025-03-22 00:00:00,Sanitation,Bugesera Cement Works,Ergonomic,High,1,1,0
2f111bb6-7069-43d9-93e9-cd7253947872,Fumes from resin near Station 1 (Room 141),Report issued by employee. The fumes from resin near station 1 (room 141) has been reported by multiple staff members. Recommend review by safety team.,2024-05-23 00:00:00,Sanitation,RSSB Head Office,Chemical,High,0,0,0
56519666-d1a9-48af-808d-aff6a407ba69,Issue in department,Report issued by safety rep. The issue in department has been reported by multiple staff members. Recommend immediate repair.,2024-10-01 00:00:00,Maintenance,Huye Power Plant,Biological,Low,4,0,0
41b95274-79af-48fb-a329-a11352ea281a,Obstacle in walkway at east wing (Room 154),Report issued by employee. The obstacle in walkway at east wing (room 154) has been reported by multiple staff members. Recommend immediate repair.,2023-12-31 00:00:00,Transport,Rubavu Logistics Hub,Slip/Trip/Fall,Medium,11,1,0
50501621-0706-4ad6-b44c-0d5cd2944754,Safety violation spotted,Report issued by safety rep. The safety violation spotted has been reported by multiple staff members. Recommend review by safety team.,2024-06-08 00:00:00,Production,Muhanga Agro-Processing,Biological,High,1,1,0
36b988ad-f0c2-406a-aeee-83d5ea8bd659,Blocked emergency route in rooftop (Room 123),Follow-up required on the obstacle in walkway at south wing (sector b). The severity is rated as low due to exposure levels.,2025-05-10 00:00:00,Office Complex,RSSB Head Office,Fire,Critical,6,1,1
8625421a-6a88-4fa5-8b71-98cd7506fc97,Repetitive strain risk operating power drill at Station 12,"During a walkthrough, staff noticed the repetitive strain risk operating power drill at station 12. No immediate incident occurred but the potential for harm is significant.",2024-05-23 00:00:00,Assembly Line,Bugesera Cement Works,Ergonomic,High,2,0,1
992b7be5-0670-4c34-a331-2b1eaee9fb26,Strange noise from generator at perimeter fence (Room 117),Report issued by team lead. The sparks observed from shredder in lobby (room 117) has been reported by multiple staff members. Recommend immediate repair.,2024-08-07 00:00:00,Maintenance,Bugesera Cement Works,Machinery,Critical,2,0,0
4f87c2c0-f234-4947-b307-f8dda19ca599,Sparks observed from microwave in assembly area (Room 160),The sparks observed from microwave in assembly area (room 160) was observed during routine inspection. This presents a potential risk to staff in the department.,2023-01-02 00:00:00,Storage Facility,RSSB Head Office,Electrical,Critical,1,0,1
cca73a3e-8d1d-4d59-bf3f-2644307bf118,Stagnant water near front gate causing Unpleasant odor,Staff reported the stagnant water near front gate causing unpleasant odor at approximately 8am. Site inspection confirmed the hazard. Tape has been placed.,2024-06-08 00:00:00,Laboratory,Huye Power Plant,Biological,High,0,1,1
ab12e8aa-336a-4a52-a312-e5b9c13f7589,Cluttered floor space around boiler at basement,Follow-up required on the cluttered floor space around boiler at basement. The severity is rated as low due to lack of protection.,2025-04-18 00:00:00,Workshop,Muhanga Agro-Processing,Slip/Trip/Fall,Low,6,0,0
716aa990-e700-407d-8f23-76fbd05dba82,Unsafe operation of exhaust fan in warehouse (Room 196),The unsafe operation of exhaust fan in warehouse (room 196) was observed during routine inspection. This presents a potential risk to staff in the department.,2025-06-29 00:00:00,Loading Bay,Bugesera Cement Works,Machinery,High,1,1,0
0fd207bb-7a9b-407c-9d98-6673fc62e4ea,Repetitive strain risk operating printer at reception,,2025-12-10 00:00:00,Quality Control,Musanze Mining Corp,Ergonomic,High,5,0,1
f08179ba-c6a3-4c97-9f82-b8030a702e63,Improper desk height for shredder in chemical storage (Room 138),Follow-up required on the improper desk height for shredder in chemical storage (room 138). The severity is rated as low due to proximity to staff.,2025-04-11 00:00:00,Laboratory,Huye Power Plant,Ergonomic,Low,3,0,0
61e57aaf-8a94-4350-aee8-7c2e46030ba2,Loose carpet in production floor near rooftop (Room 109),This needs fixing urgently.,2025-04-01 00:00:00,Office Complex,Nyagatare Cattle Ranch,Slip/Trip/Fall,Medium,2,0,1
7ad224ec-c2db-4a5e-a051-01709fd51ed5,Accumulated flammable material near air conditioner (Room 181),"During a walkthrough, staff noticed the accumulated flammable material near air conditioner (room 181). No immediate incident occurred but the potential for injury is significant.",2023-05-01 00:00:00,Storage Facility,Kigali Construction Ltd,Fire,Critical,6,0,1
6df289f6-e20a-4c5c-8005-97bde887ddd9,Cluttered floor space around ventilator at east wing,Staff reported the cluttered floor space around ventilator at east wing at approximately 4pm. Site inspection confirmed the hazard. Tape has been placed.,2025-05-24 00:00:00,Production,Rubavu Logistics Hub,Slip/Trip/Fall,Medium,1,1,0
80b0c112-d24b-4153-8189-3b9e264a89e1,Sparks observed from microwave in lobby (Room 144),"During a walkthrough, staff noticed the sparks observed from microwave in lobby (room 144). No immediate incident occurred but the potential for damage is significant.",2023-09-05 00:00:00,Kitchen,Rwanda Manufacturing Co,Electrical,Critical,0,0,0
ce555e13-9a1c-425e-9afb-80184381e863,Faulty hose on pallet jack near Station 12,"During a walkthrough, staff noticed the faulty hose on pallet jack near station 12. No immediate incident occurred but the potential for harm is significant.",2025-09-04 00:00:00,Office Complex,Huye Power Plant,Machinery,Medium,15,0,1
ff7955f7-48f4-4637-be3d-52b01367c3f1,Strange noise from pump system at south wing (Room 170),I'm concerned about this.,2025-09-04 00:00:00,Assembly Line,Rwanda Manufacturing Co,Machinery,High,1,0,0
613ea34b-d76d-400c-9d48-32d08980d74e,Improper desk height for shredder in toilet (Room 150),Follow-up required on the improper desk height for shredder in toilet (room 150). The severity is rated as high due to exposure levels.,2027-01-03 00:00:00,Assembly Line,Musanze Mining Corp,Ergonomic,High,7,1,1
a6b5c198-bc3c-4ab6-8c8b-f38ae73eae0d,Spoiled materials found in car park (Room 173),Follow-up required on the spoiled materials found in car park (room 173). The risk is rated as low due to proximity to staff.,2025-06-27 00:00:00,Loading Bay,Gasabo Textile Factory,Biological,Low,3,0,0
8185890e-2128-472e-91c2-65d9fccb5090,Blocked fire exit at north entrance near corridor (Room 110),"During a walkthrough, staff noticed the blocked fire exit at north entrance near corridor (room 110). No immediate incident occurred but the potential for damage is significant.",2024-02-16 00:00:00,Loading Bay,Muhanga Agro-Processing,Fire,High,0,0,0
8b0b3e15-7c20-4e77-8d7d-5144acf39ae7,Stagnant water near perimeter fence causing Bacterial contamination risk,The stagnant water near perimeter fence causing bacterial contamination risk was observed during routine inspection. This presents a potential risk to staff in the area.,2025-04-17 00:00:00,Loading Bay,Bugesera Cement Works,Biological,Medium,2,0,0
f6c32b17-faf0-4d04-be0c-98fc908c8b95,Unlabeled lubricant container at rear exit (Room 178),"During a walkthrough, staff noticed the unlabeled lubricant container at rear exit (room 178). No immediate incident occurred but the potential for damage is significant.",2023-01-23 00:00:00,Production,Muhanga Agro-Processing,Chemical,Critical,3,0,0
acce8306-09ad-49e7-8a6c-5a7d05460390,Damaged power cord on hand truck at emergency stairs (Room 150),Staff reported the damaged power cord on hand truck at emergency stairs (room 150) at approximately 10am. Site inspection confirmed the hazard. No temporary measures taken.,2024-07-18 00:00:00,Assembly Line,Bugesera Cement Works,Electrical,Critical,12,0,1
c00a78b1-2f8c-4070-bd19-bacea6b022fc,Poorly adjusted chair at Station 4 in server room (Room 166),"During a walkthrough, staff noticed the poorly adjusted chair at station 4 in server room (room 166). No immediate incident occurred but the potential for damage is significant.",2024-10-21 00:00:00,Production,Rubavu Logistics Hub,Ergonomic,Low,1,0,0
f369b482-2720-49d1-a3c5-5c9d9f9c4b3b,Poorly adjusted chair at Station 13 in office (Room 193),The poorly adjusted chair at station 13 in office (room 193) was observed during routine inspection. This presents a potential risk to staff in the department.,2025-04-10 00:00:00,Production,Bugesera Cement Works,Ergonomic,Medium,1,0,0
876f9513-7621-428c-a41f-6064295c138f,Improper desk height for printer in lobby (Zone 5),Report issued by team lead. The improper desk height for printer in lobby (zone 5) has been reported by multiple staff members. Recommend immediate repair.,2024-05-16 00:00:00,Packaging,Musanze Mining Corp,Ergonomic,Medium,4,0,1
1b671d04-3361-4f59-81b4-b994cb6eb540,Spoiled materials found in chemical storage (Room 111),Follow-up required on the spoiled materials found in chemical storage (room 111). The danger is rated as medium due to exposure levels.,2026-05-27 00:00:00,Kitchen,RSSB Head Office,Biological,Medium,1,0,0
dac31617-9c0d-4ab1-8020-4cdeff43f681,Stagnant water near receiving dock causing Bacterial contamination risk,"During a walkthrough, staff noticed the stagnant water near receiving dock causing bacterial contamination risk. No immediate incident occurred but the potential for injury is significant.",2024-01-12 00:00:00,Storage Facility,Kigali Construction Ltd,Biological,Medium,1,0,1
9a6b1030-e549-4b28-bb90-5b85a70e3780,Accumulated flammable material near hoist (Zone 3),Report issued by safety rep. The accumulated flammable material near hoist (zone 3) has been reported by multiple staff members. Recommend further assessment.,2023-01-08 00:00:00,Assembly Line,Kigali Construction Ltd,Fire,High,6,1,0
3eb61b80-5437-4149-91db-a04de18ddb81,Cluttered floor space around air conditioner at front gate,Report issued by team lead. The cluttered floor space around air conditioner at front gate has been reported by multiple staff members. Recommend review by safety team.,2025-04-25 00:00:00,Workshop,Bugesera Cement Works,Slip/Trip/Fall,High,0,0,1
bbe0ce25-e93a-4efa-baad-ffe86580af82,Spoiled materials found in toilet (Room 120),"During a walkthrough, staff noticed the spoiled materials found in toilet (room 120). No immediate incident occurred but the potential for injury is significant.",2023-12-05 00:00:00,Production,Kigali Construction Ltd,Biological,High,0,0,1
7e474a8a-1b2c-4ae2-b04b-da5d6a69b8aa,Traces of solvents near production floor (Zone 4),"During a walkthrough, staff noticed the traces of solvents near production floor (zone 4). No immediate incident occurred but the potential for harm is significant.",2024-01-02 00:00:00,Production,Rwanda Manufacturing Co,Chemical,Medium,6,0,0
984e7db9-19ab-45d6-8407-86cc41aecba0,Smoke detector malfunctioning in maintenance bay (Zone 7),Staff reported the smoke detector malfunctioning in maintenance bay (zone 7) at approximately 4pm. Site inspection confirmed the hazard. Tape has been placed.,2023-08-11 00:00:00,Office Complex,Musanze Mining Corp,Fire,Critical,3,0,0
8ca7e981-899a-4f0e-82c8-a10bf0959df5,Improper desk height for boiler in canteen (Room 151),"During a walkthrough, staff noticed the improper desk height for boiler in canteen (room 151). No immediate incident occurred but the potential for injury is significant.",2024-06-16 00:00:00,Administration,RSSB Head Office,Ergonomic,Low,0,1,0
cbc80721-ed76-48e2-8e89-f1e9d42d5ca8,Biological waste disposal issue in corridor (Room 154),The stagnant water near loading bay causing insects found was observed during routine inspection. This presents a potential risk to staff in the area.,2023-04-03 00:00:00,Laboratory,Bugesera Cement Works,Biological,Low,2,0,0
7b87c880-fe31-4391-8f7a-688567d3d087,Spilled ammonia around rear exit (Room 110),"During a walkthrough, staff noticed the awkward lifting position at north entrance in server room (room 192). No immediate incident occurred but the potential for harm is significant.",2024-06-13 00:00:00,Storage Facility,Rubavu Logistics Hub,Chemical,High,1,0,1
0704dc59-ccc7-4733-89c9-709f5ec315ce,Sparks observed from server rack in corridor (Room 180),Report issued by supervisor. The sparks observed from server rack in corridor (room 180) has been reported by multiple staff members. Recommend temporary closure.,2024-02-25 00:00:00,Office Complex,Kigali Construction Ltd,Electrical,Critical,0,1,1
ca1b214d-ed06-482c-ba7d-3ccdafa7a046,Obstacle in walkway at front gate (Room 178),The obstacle in walkway at front gate (room 178) was observed during routine inspection. This presents a potential risk to staff in the department.,2026-09-30 00:00:00,Storage Facility,Kigali Construction Ltd,Slip/Trip/Fall,Medium,0,0,0
9c26ae27-372b-4285-af9e-55c45b14b029,Spoiled materials found in break room (Room 195),The spoiled materials found in break room (room 195) was observed during routine inspection. This presents a potential risk to staff in the department.,2025-12-25 00:00:00,Workshop,Rwanda Manufacturing Co,Biological,Low,1,0,1
14677b04-2674-4a5d-9c57-4a6856367e28,Improper desk height for server rack in office (Sector F),The improper desk height for server rack in office (sector f) was observed during routine inspection. This presents a potential risk to staff in the department.,2024-07-04 00:00:00,Sanitation,Kigali Construction Ltd,Ergonomic,High,2,0,0
66f71af0-1946-4804-9227-59fead213a7f,Accumulated flammable material near shredder (Room 136),Staff reported the accumulated flammable material near shredder (room 136) at approximately 4pm. Site inspection confirmed the hazard. No temporary measures taken.,2024-12-03 00:00:00,Quality Control,Gasabo Textile Factory,Fire,High,1,0,0
ebdad831-82d2-41ea-a205-83e2234a7e48,Pest infestation in car park near perimeter fence (Room 101),Report issued by employee. The pest infestation in car park near perimeter fence (room 101) has been reported by multiple staff members. Recommend review by safety team.,2025-11-10 00:00:00,Sanitation,Huye Power Plant,Biological,High,4,0,0
c566d2e5-c72a-4a9d-8ed5-d6c7c316b877,Damaged power cord on coffee maker at rooftop (Room 167),Can someone look at this?,2024-08-09 00:00:00,Laboratory,Huye Power Plant,Electrical,Critical,3,0,1
6507739b-14ba-4e7f-96f4-e443d106fd35,Cluttered floor space around grinder at main corridor,The cluttered floor space around grinder at main corridor was observed during routine inspection. This presents a potential risk to staff in the department.,2024-06-21 00:00:00,Quality Control,Gasabo Textile Factory,Slip/Trip/Fall,Low,7,0,0
b403c612-9f17-44ff-bcfb-90cc78ffa85f,Unsafe operation of packaging unit in assembly area (Room 181),The unsafe operation of packaging unit in assembly area (room 181) was observed during routine inspection. This presents a potential risk to staff in the department.,2023-05-25 00:00:00,Workshop,Kigali Construction Ltd,Machinery,High,7,0,1
d5e7cd61-acd0-4f04-8f62-48f53d5026db,Unlabeled acids container at main lobby (Room 190),Staff reported the unlabeled acids container at main lobby (room 190) at approximately 2pm. Site inspection confirmed the hazard. Tape has been placed.,2026-02-07 00:00:00,Loading Bay,Bugesera Cement Works,Chemical,High,0,1,0
7ac9e597-551f-4a9a-9e09-304bfff76be1,Cluttered floor space around power drill at receiving dock,"During a walkthrough, staff noticed the cluttered floor space around power drill at receiving dock. No immediate incident occurred but the potential for damage is significant.",2027-05-22 00:00:00,Laboratory,Gasabo Textile Factory,Slip/Trip/Fall,Low,7,1,0
7314e8a3-7595-4ef1-bf57-5a8d55896125,Improper storage of industrial glue in canteen (Room 148),"During a walkthrough, staff noticed the improper storage of industrial glue in canteen (room 148). No immediate incident occurred but the potential for harm is significant.",2024-10-05 00:00:00,Administration,Gasabo Textile Factory,Chemical,High,0,1,0
2ee06614-8b87-44d4-948b-71e9198c6974,Repetitive strain risk operating transformer at Station 8,The repetitive strain risk operating transformer at station 8 was observed during routine inspection. This presents a potential risk to staff in the building.,2025-05-10 00:00:00,Loading Bay,Rubavu Logistics Hub,Ergonomic,High,10,1,0
6d019c58-59b1-4af4-a89f-499a627e85ee,Awkward lifting position at main lobby in office (Room 167),,2025-04-23 00:00:00,Workshop,RSSB Head Office,Ergonomic,Low,0,0,1
77798430-a35b-4e7f-a550-1e0f307a5111,Blocked emergency route in west exit (Room 159),Staff reported the blocked emergency route in west exit (room 159) at approximately 4pm. Site inspection confirmed the hazard. Tape has been placed.,2024-05-09 00:00:00,Quality Control,Nyagatare Cattle Ranch,Fire,Critical,10,0,1
07a4d7df-66c1-4e2e-b3bc-4a7933ad4ea4,Exposed motor on microwave in lobby (Room 153),"During a walkthrough, staff noticed the exposed motor on microwave in lobby (room 153). No immediate incident occurred but the potential for damage is significant.",2026-02-09 00:00:00,Sanitation,Muhanga Agro-Processing,Electrical,Low,0,0,0
4812fd47-620e-42a4-9195-fd0456b3d7c9,Exposed cables in canteen near control panel (Room 197),The exposed cables in canteen near control panel (room 197) was observed during routine inspection. This presents a potential risk to staff in the building.,2024-04-10 00:00:00,Storage Facility,RSSB Head Office,Slip/Trip/Fall,Medium,10,0,0
7a30b8ae-12a1-41be-a090-7cad1163ca55,Repetitive strain risk operating microwave at Station 20,This has been like this for weeks.,2026-02-27 00:00:00,Quality Control,RSSB Head Office,Ergonomic,Low,9,0,1
6d9b1d0b-ef58-4a14-abf7-9aecf0ffead5,Accumulated flammable material near shredder (Room 151),"During a walkthrough, staff noticed the accumulated flammable material near shredder (room 151). No immediate incident occurred but the potential for injury is significant.",2023-10-07 00:00:00,Warehouse,Nyagatare Cattle Ranch,Fire,Critical,4,1,1
542eef8e-746d-4137-bdc1-3362821ecc0b,Unsafe operation of CNC machine in maintenance bay (Room 116),"During a walkthrough, staff noticed the unsafe operation of cnc machine in maintenance bay (room 116). No immediate incident occurred but the potential for harm is significant.",2023-11-23 00:00:00,Security,Rwanda Manufacturing Co,Machinery,Critical,10,0,0
53e0fa7d-a7f9-4d78-bdc2-eae49758e0a8,Loose carpet in workshop near main lobby (Room 150),"During a walkthrough, staff noticed the loose carpet in workshop near main lobby (room 150). No immediate incident occurred but the potential for damage is significant.",2023-11-24 00:00:00,Loading Bay,Nyagatare Cattle Ranch,Slip/Trip/Fall,Low,1,0,0
2c0beae7-9e08-43f8-a3e7-8026cef2c342,Odor from paint thinner near warehouse (Room 137),,2023-06-06 00:00:00,Sanitation,Gasabo Textile Factory,Chemical,Critical,5,0,1
6f8f6198-c0af-4356-aa63-30889142757c,Poorly adjusted chair at inspection desk in production floor (Room 180),The poorly adjusted chair at inspection desk in production floor (room 180) was observed during routine inspection. This presents a potential risk to staff in the area.,2023-12-14 00:00:00,Warehouse,Gasabo Textile Factory,Ergonomic,Low,0,0,0
40c5d8b9-a135-4dbb-83dc-6549d76636fd,Improper desk height for welding machine in toilet (Sector E),Report issued by supervisor. The improper desk height for welding machine in toilet (sector e) has been reported by multiple staff members. Recommend further assessment.,2026-04-30 00:00:00,Production,Rwanda Manufacturing Co,Ergonomic,High,8,0,1
264747ca-5c6f-46f4-af0c-7d06278e708c,Blocked emergency route in south wing (Room 192),"During a walkthrough, staff noticed the blocked emergency route in south wing (room 192). No immediate incident occurred but the potential for damage is significant.",2023-05-21 00:00:00,Warehouse,Musanze Mining Corp,Fire,High,1,1,1
c03b989e-e459-4067-bad5-fb274574d5de,Spoiled materials found in toilet (Room 176),Staff reported the spoiled materials found in toilet (room 176) at approximately 2pm. Site inspection confirmed the hazard. Tape has been placed.,2024-10-12 00:00:00,Security,Muhanga Agro-Processing,Biological,Medium,3,1,1
c7164847-9507-43c4-9400-4b487f3f96c5,Spilled liquid in toilet near Station 19 (Zone 3),Follow-up required on the spilled liquid in toilet near station 19 (zone 3). The risk is rated as medium due to proximity to staff.,2024-12-16 00:00:00,Transport,Bugesera Cement Works,Slip/Trip/Fall,Medium,2,0,0
a81946d0-e00a-492e-945a-1884a2db1d2d,Exposed display on hand truck in warehouse (Room 189),Follow-up required on the exposed display on hand truck in warehouse (room 189). The severity is rated as high due to exposure levels.,2025-11-01 00:00:00,Storage Facility,Nyagatare Cattle Ranch,Electrical,High,1,1,0
c89996f3-af18-46a1-bc9d-a2f55e977a47,Improper desk height for coffee maker in canteen (Room 178),I'm concerned about this.,2024-08-06 00:00:00,Administration,Rubavu Logistics Hub,Ergonomic,Low,1,0,0
d906c7a8-ae0b-4b1c-95de-fff31e6b74e8,Exposed motor on drill press at north entrance (Sector E),"During a walkthrough, staff noticed the exposed motor on drill press at north entrance (sector e). No immediate incident occurred but the potential for harm is significant.",2024-10-05 00:00:00,Security,RSSB Head Office,Machinery,Medium,1,1,0
273f247c-eee2-407d-a3a4-ca58ed665e07,Poorly adjusted chair at Station 2 in car park (Room 196),The poorly adjusted chair at station 2 in car park (room 196) was observed during routine inspection. This presents a potential risk to staff in the building.,2025-01-05 00:00:00,Administration,Gasabo Textile Factory,Ergonomic,Low,8,1,0
6a2fbc00-541f-4d9b-91da-119a47ec6779,Repetitive strain risk operating grinder at Station 14,"During a walkthrough, staff noticed the repetitive strain risk operating grinder at station 14. No immediate incident occurred but the potential for harm is significant.",2024-07-24 00:00:00,Production,Rubavu Logistics Hub,Ergonomic,Low,3,0,0
d675242e-80f4-4124-9125-a51fab6feaf9,Blocked emergency route in front gate (Room 121),Report issued by supervisor. The blocked emergency route in front gate (room 121) has been reported by multiple staff members. Recommend further assessment.,2024-12-07 00:00:00,Warehouse,Nyagatare Cattle Ranch,Fire,High,7,1,0
092fc2ca-8d4f-4469-8daa-29586b5a1c06,Biological waste disposal issue in assembly area (Sector D),"During a walkthrough, staff noticed the biological waste disposal issue in assembly area (sector d). No immediate incident occurred but the potential for harm is significant.",2026-04-27 00:00:00,Laboratory,Musanze Mining Corp,Biological,Low,6,0,1
893ac501-c8cd-432a-9069-2d4956b32d9d,Flickering lights in main lobby near printer,Follow-up required on the flickering lights in main lobby near printer. The severity is rated as critical due to frequency of use.,2024-04-07 00:00:00,Quality Control,Kigali Construction Ltd,Electrical,Critical,3,1,0
1b093759-2265-4826-a7e6-39cdd459da95,Obstacle in walkway at main corridor (Sector B),"During a walkthrough, staff noticed the obstacle in walkway at main corridor (sector b). No immediate incident occurred but the potential for harm is significant.",2024-09-01 00:00:00,Security,Rubavu Logistics Hub,Slip/Trip/Fall,Low,13,1,0
256235c1-5852-47ab-b5e0-ce0feedd8f2a,Cluttered floor space around computer at north entrance,,2024-12-18 00:00:00,Warehouse,Muhanga Agro-Processing,Slip/Trip/Fall,High,2,0,0
a052d973-bb1c-4eda-9307-12877bde308e,Pest infestation in break room near rear exit (Room 158),Follow-up required on the pest infestation in break room near rear exit (room 158). The risk is rated as medium due to exposure levels.,2025-06-22 00:00:00,Laboratory,Rubavu Logistics Hub,Biological,Medium,8,1,0
8918ab9a-0ec5-4283-85a0-bad12137cb37,Poorly adjusted chair at Station 1 in cafeteria (Room 145),Report issued by supervisor. The poorly adjusted chair at station 1 in cafeteria (room 145) has been reported by multiple staff members. Recommend review by safety team.,2027-06-19 00:00:00,Office Complex,Rubavu Logistics Hub,Ergonomic,High,5,1,1
2ff0e738-6554-4553-be03-4668bf915e0d,Loose carpet in break room near service elevator (Room 192),Follow-up required on the loose carpet in break room near service elevator (room 192). The severity is rated as high due to lack of protection.,2023-11-24 00:00:00,Loading Bay,Nyagatare Cattle Ranch,Slip/Trip/Fall,High,6,0,0
d54470b5-554f-408d-a8e3-85d3e5f9a1fc,Improper desk height for computer in office (Sector G) (similar to report #178),"During a walkthrough, staff noticed the improper desk height for computer in office (sector g) (similar to report #178). No immediate incident occurred but the potential for injury is significant.",2025-03-24 00:00:00,Assembly Line,Gasabo Textile Factory,Fire,Critical,0,0,0
efec5dfc-4bcc-4110-9f12-1c94db6660d2,Mold growth in car park near emergency stairs (Room 136),Staff reported the mold growth in car park near emergency stairs (room 136) at approximately 2pm. Site inspection confirmed the hazard. Warning signs posted.,2023-09-27 00:00:00,Assembly Line,Gasabo Textile Factory,Biological,Medium,4,0,0
fe7a3ba0-d458-4ecd-97e8-50ba83513d6f,Spilled degreaser around perimeter fence (Room 142),The improper storage of acids in production floor (room 196) was observed during routine inspection. This presents a potential risk to staff in the department.,2026-01-30 00:00:00,Office Complex,Bugesera Cement Works,Chemical,Critical,3,0,1
694159a0-67ff-47a7-9049-9adb919c051e,Awkward lifting position at north entrance in lobby (Room 182),Follow-up required on the awkward lifting position at north entrance in lobby (room 182). The danger is rated as high due to lack of protection.,2024-06-10 00:00:00,Loading Bay,Rwanda Manufacturing Co,Ergonomic,High,0,0,0
ce9ba446-18dd-4490-9b21-b078376f0f2d,Cluttered floor space around computer at west exit,Report issued by supervisor. The cluttered floor space around computer at west exit has been reported by multiple staff members. Recommend further assessment.,2024-01-19 00:00:00,Production,Rubavu Logistics Hub,Slip/Trip/Fall,High,0,0,1
da2a1134-9140-49f3-ba1c-b9ebc6b5efd4,Blocked emergency route in receiving dock (Room 168),This needs fixing urgently.,2023-10-29 00:00:00,Laboratory,Musanze Mining Corp,Fire,Critical,5,1,1
235e3811-a00c-4061-9262-3daf2b64f7d4,Loose carpet in chemical storage near receiving dock (Zone 3),Follow-up required on the loose carpet in chemical storage near receiving dock (zone 3). The danger is rated as critical due to frequency of use.,2023-04-19 00:00:00,Warehouse,Rubavu Logistics Hub,Slip/Trip/Fall,Critical,0,0,0
9914f920-902f-4fac-a8f9-c948d22b2063,Blocked fire exit at east wing near break room (Room 163),Staff reported the blocked fire exit at east wing near break room (room 163) at approximately 8am. Site inspection confirmed the hazard. Warning signs posted.,2026-01-25 00:00:00,Warehouse,RSSB Head Office,Fire,High,0,1,1
3003e909-32d0-4094-9036-09a3f7082a10,Sparks observed from welding machine in maintenance bay (Room 105),The sparks observed from welding machine in maintenance bay (room 105) was observed during routine inspection. This presents a potential risk to staff in the building.,2023-10-13 00:00:00,Warehouse,Kigali Construction Ltd,Electrical,Critical,0,0,1
d5012a30-4263-4d18-8f3a-c2e650ead428,Fumes from coolant near assembly line (Room 166),,2026-02-27 00:00:00,Security,Huye Power Plant,Chemical,Critical,2,0,1
07aa6513-4e6f-4786-8c1f-0119d8ef6b25,Repetitive strain risk operating transformer at Station 12,"During a walkthrough, staff noticed the repetitive strain risk operating transformer at station 12. No immediate incident occurred but the potential for harm is significant.",2024-07-12 00:00:00,Loading Bay,Bugesera Cement Works,Ergonomic,Medium,1,0,1
1655f3ba-9546-4430-8c9d-62dc5da7fc18,Cluttered floor space around coffee maker at emergency stairs,The cluttered floor space around coffee maker at emergency stairs was observed during routine inspection. This presents a potential risk to staff in the department.,2024-05-18 00:00:00,Kitchen,Nyagatare Cattle Ranch,Slip/Trip/Fall,High,1,1,1
c1d0e860-efb3-4731-b577-0b7bb6737ec4,Smoke detector malfunctioning in storage room (Zone 1),Follow-up required on the smoke detector malfunctioning in storage room (zone 1). The severity is rated as critical due to lack of protection.,2025-02-26 00:00:00,Storage Facility,Bugesera Cement Works,Fire,Critical,1,0,1
77f79a67-462f-468f-b79a-94d8145f08b2,Spilled coolant around west exit (Room 142),"During a walkthrough, staff noticed the spilled coolant around west exit (room 142). No immediate incident occurred but the potential for harm is significant.",2023-03-26 00:00:00,Storage Facility,Rwanda Manufacturing Co,Chemical,High,4,1,0
1e64fd2f-208b-40ed-adf9-8fa9d163e20f,Awkward lifting position at receiving dock in loading dock (Room 184),Staff reported the awkward lifting position at receiving dock in loading dock (room 184) at approximately 4pm. Site inspection confirmed the hazard. No temporary measures taken.,2024-08-12 00:00:00,Sanitation,Rubavu Logistics Hub,Ergonomic,Medium,3,0,0
6c87defd-4148-4678-aff2-05413caecccc,Obstacle in walkway at east wing (Room 146),Follow-up required on the obstacle in walkway at east wing (room 146). The danger is rated as high due to proximity to staff.,2024-02-02 00:00:00,Security,Rwanda Manufacturing Co,Slip/Trip/Fall,High,1,0,0
9101356f-84f5-4ce0-8bcc-eddec9ae87e1,Obstacle in walkway at rooftop (Room 102),"During a walkthrough, staff noticed the obstacle in walkway at rooftop (room 102). No immediate incident occurred but the potential for harm is significant.",2024-07-13 00:00:00,Maintenance,Rubavu Logistics Hub,Slip/Trip/Fall,Medium,4,1,0
6521a5f6-8183-4b1b-adfe-79ebc59ec8f4,Spoiled materials found in stairwell (Zone 10),,2026-04-13 00:00:00,Assembly Line,Nyagatare Cattle Ranch,Biological,Low,0,0,0
eed31d5e-9cd3-4db4-bb84-a1e73450663d,Damaged power cord on welding machine at basement (Room 155),The damaged power cord on welding machine at basement (room 155) was observed during routine inspection. This presents a potential risk to staff in the area.,2023-06-03 00:00:00,Sanitation,Musanze Mining Corp,Electrical,High,6,1,1
38d3ee35-345d-4224-ad25-759c85af48fd,Obstacle in walkway at emergency stairs (Room 183),Follow-up required on the obstacle in walkway at emergency stairs (room 183). The danger is rated as high due to proximity to staff.,2025-01-26 00:00:00,Security,Bugesera Cement Works,Slip/Trip/Fall,High,7,1,0
12a19f04-30bb-4cac-8d05-b1016bca342f,Spill of acids near loading dock (Zone 2),Report issued by team lead. The spill of acids near loading dock (zone 2) has been reported by multiple staff members. Recommend temporary closure.,2025-04-15 00:00:00,Office Complex,Bugesera Cement Works,Chemical,Medium,2,0,0
599d2e2f-e2c5-42a6-a948-0d641be3c9ac,Repetitive strain risk operating microwave at checkout counter,The repetitive strain risk operating microwave at checkout counter was observed during routine inspection. This presents a potential risk to staff in the area.,2025-10-21 00:00:00,Maintenance,Gasabo Textile Factory,Ergonomic,Low,1,0,0
f034d502-a81f-4926-b693-17769e7c9f09,Sparks observed from microwave in assembly area (Room 157),Staff reported the sparks observed from microwave in assembly area (room 157) at approximately 2pm. Site inspection confirmed the hazard. Tape has been placed.,2025-04-14 00:00:00,Administration,Huye Power Plant,Electrical,High,1,0,0
78d6d9fd-3920-40c5-b824-039172ec5d7b,Smoke detector malfunctioning in lobby (Room 161),Staff reported the smoke detector malfunctioning in lobby (room 161) at approximately 4pm. Site inspection confirmed the hazard. Tape has been placed.,2026-04-22 00:00:00,Maintenance,Nyagatare Cattle Ranch,Fire,High,2,0,0
6aa8077a-23b0-47cb-986e-94b864629507,Stagnant water near rear exit causing Bacterial contamination risk,The stagnant water near rear exit causing bacterial contamination risk was observed during routine inspection. This presents a potential risk to staff in the department.,2026-02-17 00:00:00,Kitchen,Rubavu Logistics Hub,Biological,Low,14,0,1
5e9a1c38-ebec-48da-a867-6038cafc9eea,Improper desk height for computer in production floor (Room 128),"During a walkthrough, staff noticed the improper desk height for computer in production floor (room 128). No immediate incident occurred but the potential for damage is significant.",2025-11-28 00:00:00,Laboratory,Bugesera Cement Works,Ergonomic,Medium,7,0,0
8cf6a14a-06a8-4108-a870-80e56da74123,Bacterial contamination risk in workshop near east wing (Room 162),The bacterial contamination risk in workshop near east wing (room 162) was observed during routine inspection. This presents a potential risk to staff in the building.,2026-05-29 00:00:00,Security,RSSB Head Office,Biological,High,2,0,1
8465f1a1-2a88-4729-94ef-d93073aa664b,Pest infestation in warehouse near south wing (Room 172),,2024-09-25 00:00:00,Kitchen,Muhanga Agro-Processing,Biological,High,4,0,1
511f4439-87c6-42bb-afe2-5dee8ef55f94,Poorly adjusted chair at Station 20 in corridor (Room 104),The poorly adjusted chair at station 20 in corridor (room 104) was observed during routine inspection. This presents a potential risk to staff in the department.,2026-03-18 00:00:00,Warehouse,Kigali Construction Ltd,Ergonomic,High,0,0,0
bbff9ded-b34c-4c72-b34b-a7069e41155d,Blocked fire exit at south wing near canteen (Sector D),The blocked fire exit at south wing near canteen (sector d) was observed during routine inspection. This presents a potential risk to staff in the area.,2026-03-06 00:00:00,Warehouse,Bugesera Cement Works,Fire,High,8,0,1
80c25b21-6f06-406a-8f09-ac8da8fc0c83,Debris in break room near Station 12 (Sector C),Can someone look at this?,2026-04-10 00:00:00,Sanitation,Gasabo Textile Factory,Slip/Trip/Fall,High,6,0,0
1e7b0acf-be1c-4681-884f-f4fc2ce468ff,Blocked emergency route in west exit (Room 165),Staff reported the blocked emergency route in west exit (room 165) at approximately 2pm. Site inspection confirmed the hazard. No temporary measures taken.,2023-07-11 00:00:00,Production,Kigali Construction Ltd,Fire,Critical,8,0,1
a3ee0397-3ed7-4e81-9c7e-459035238cd5,Issue in department,The issue in department was observed during routine inspection. This presents a potential risk to staff in the area.,2025-10-17 00:00:00,Transport,Bugesera Cement Works,Slip/Trip/Fall,Low,3,0,0
9afc1d4a-d560-4ed8-9d60-0124050c992c,Improper desk height for boiler in stairwell (Zone 9),Staff reported the improper desk height for boiler in stairwell (zone 9) at approximately 10am. Site inspection confirmed the hazard. No temporary measures taken.,2024-01-30 00:00:00,Maintenance,Nyagatare Cattle Ranch,Ergonomic,Medium,7,0,1
2b0dbcff-a088-4c6f-ab8c-90d457f981e8,Exposed guard on motor at south wing (Room 101),This needs fixing urgently.,2023-04-18 00:00:00,Sanitation,Kigali Construction Ltd,Machinery,Critical,3,0,0
c8e10950-8995-40e6-9bb1-0f23e8d4e7df,Accumulated flammable material near computer (Room 168),The accumulated flammable material near computer (room 168) was observed during routine inspection. This presents a potential risk to staff in the department.,2026-04-07 00:00:00,Maintenance,Rubavu Logistics Hub,Fire,High,1,0,1
55ba2bbd-dc36-403a-869b-c9335c589975,Broken belt on welding station in server room (Room 137),Report issued by safety rep. The broken belt on welding station in server room (room 137) has been reported by multiple staff members. Recommend temporary closure.,2023-01-15 00:00:00,Office Complex,Musanze Mining Corp,Machinery,Critical,2,1,0
1ed385df-1835-412b-aacf-a37391f22f7d,Poorly adjusted chair at Station 15 in loading dock (Room 104),Report issued by supervisor. The poorly adjusted chair at station 15 in loading dock (room 104) has been reported by multiple staff members. Recommend temporary closure.,2024-11-23 00:00:00,Quality Control,Musanze Mining Corp,Ergonomic,Critical,0,1,1
b75ffd3a-2cf9-41b7-9ea2-df418ab9f11b,Damaged power cord on air conditioner at perimeter fence (Room 122),Report issued by supervisor. The damaged power cord on air conditioner at perimeter fence (room 122) has been reported by multiple staff members. Recommend review by safety team.,2024-04-10 00:00:00,Transport,Bugesera Cement Works,Electrical,High,3,0,1
35cb9d47-19d6-4075-9aab-6cd3352dfb97,Faulty casing on HVAC unit near Station 5,,2026-04-29 00:00:00,Maintenance,RSSB Head Office,Machinery,High,4,0,0
a47151fb-30cc-4bef-b67a-9bc1b1205f74,Improper storage of paint thinner in storage room (Room 132),"During a walkthrough, staff noticed the improper storage of paint thinner in storage room (room 132). No immediate incident occurred but the potential for damage is significant.",2024-11-09 00:00:00,Quality Control,Gasabo Textile Factory,Chemical,High,10,1,0
5021d2d4-93a8-4b94-abfb-824bc59ecf7a,Awkward lifting position at receiving dock in toilet (Room 151),Staff reported the awkward lifting position at receiving dock in toilet (room 151) at approximately 10am. Site inspection confirmed the hazard. Tape has been placed.,2024-08-11 00:00:00,Maintenance,Huye Power Plant,Ergonomic,High,3,1,0
2f694c19-b1f8-4499-96a4-6ec227d43882,Blocked fire exit at rear exit near storage room (Room 136),Follow-up required on the blocked fire exit at rear exit near storage room (room 136). The risk is rated as high due to lack of protection.,2023-02-15 00:00:00,Security,Huye Power Plant,Fire,High,5,0,1
56b5f64b-08ee-41da-95c1-3202b9b5fc34,Broken bearing on pump system in break room (Room 108),,2026-04-14 00:00:00,Storage Facility,Muhanga Agro-Processing,Machinery,Medium,5,0,0
373d0691-3bf4-42cb-945a-8704e266b389,Unsafe operation of HVAC unit in cafeteria (Room 155),The unsafe operation of hvac unit in cafeteria (room 155) was observed during routine inspection. This presents a potential risk to staff in the department.,2025-09-23 00:00:00,Loading Bay,Nyagatare Cattle Ranch,Machinery,Medium,5,0,0
c2b93dab-5144-4dc0-a132-d67199fce3b3,Faulty filter on industrial mixer near Station 20,"During a walkthrough, staff noticed the faulty filter on industrial mixer near station 20. No immediate incident occurred but the potential for damage is significant.",2023-04-16 00:00:00,Production,Rwanda Manufacturing Co,Machinery,High,4,1,0
563b33b0-eb02-4ff2-81ca-e363a413347d,Damaged power cord on welding machine at front gate (Room 151),Staff reported the damaged power cord on welding machine at front gate (room 151) at approximately 10am. Site inspection confirmed the hazard. Warning signs posted.,2024-04-01 00:00:00,Quality Control,Rwanda Manufacturing Co,Electrical,Critical,3,0,1
ceffaa40-b827-4a92-bcd4-59ad7e7d1e68,Repetitive strain risk operating welding machine at Station 7,"During a walkthrough, staff noticed the repetitive strain risk operating welding machine at station 7. No immediate incident occurred but the potential for injury is significant.",2024-09-11 00:00:00,Quality Control,Gasabo Textile Factory,Ergonomic,Medium,0,0,1
ccf9a5c7-ff7c-44eb-a9fa-e7626a0e67f0,Fumes from chlorine near Station 5 (Zone 14),Report issued by supervisor. The fumes from chlorine near station 5 (zone 14) has been reported by multiple staff members. Recommend review by safety team.,2023-04-23 00:00:00,Security,Bugesera Cement Works,Chemical,High,1,1,0
d3be1bdc-6ee9-49e1-afa3-fbb084fb575f,Sparks observed from boiler in server room (Room 191),"During a walkthrough, staff noticed the sparks observed from boiler in server room (room 191). No immediate incident occurred but the potential for injury is significant.",2025-12-26 00:00:00,Packaging,Musanze Mining Corp,Electrical,High,4,0,1
20668810-fa9e-4958-a402-609b27f6de87,Awkward lifting position at main corridor in assembly area (Zone 2),Report issued by safety rep. The awkward lifting position at main corridor in assembly area (zone 2) has been reported by multiple staff members. Recommend review by safety team.,2025-10-25 00:00:00,Kitchen,Nyagatare Cattle Ranch,Ergonomic,Low,7,1,0
7f5c7f52-d0ca-46f7-8779-306b4805fb1d,Awkward lifting position at emergency stairs in production floor (Room 178),Follow-up required on the faulty plug on forklift near station 12. The severity is rated as medium due to lack of protection.,2024-12-07 00:00:00,Office Complex,Bugesera Cement Works,Ergonomic,High,1,1,0
e5927ca5-5e94-400c-8f62-2073c45c2163,Unlabeled degreaser container at receiving dock (Room 166),Report issued by team lead. The unlabeled degreaser container at receiving dock (room 166) has been reported by multiple staff members. Recommend temporary closure.,2026-05-24 00:00:00,Kitchen,Gasabo Textile Factory,Chemical,Critical,0,1,0
6c5594ae-be71-468a-a460-ae67d39fcd5f,Exposed cables in server room near Station 18 (Zone 11),The exposed cables in server room near station 18 (zone 11) was observed during routine inspection. This presents a potential risk to staff in the area.,2024-09-12 00:00:00,Quality Control,Nyagatare Cattle Ranch,Slip/Trip/Fall,High,4,0,1
cc5f44a8-9180-4e8d-9d17-eef143557243,Unpleasant odor in loading dock near south wing (Room 180),,2025-07-24 00:00:00,Packaging,Bugesera Cement Works,Biological,Low,8,0,0
802aeef5-3544-42ae-aeb9-7712e91b6252,Cluttered floor space around coffee maker at front gate,Report issued by employee. The cluttered floor space around coffee maker at front gate has been reported by multiple staff members. Recommend further assessment.,2024-01-02 00:00:00,Packaging,Huye Power Plant,Slip/Trip/Fall,High,1,0,0
81f67716-0db9-4a5c-ad60-7127d7b19b9d,Faulty fire extinguisher in storage room (Room 179),"During a walkthrough, staff noticed the faulty fire extinguisher in storage room (room 179). No immediate incident occurred but the potential for damage is significant.",2023-11-07 00:00:00,Office Complex,Gasabo Textile Factory,Fire,Critical,1,0,0
83def0e1-104f-452f-ad68-912a44f39818,Exposed guard on motor at main corridor (Zone 7),Please investigate.,2025-03-03 00:00:00,Storage Facility,Musanze Mining Corp,Machinery,Medium,2,0,1
1720d64e-c71a-493e-a2ef-cfbb889affec,Accumulated flammable material near computer (Room 189),Report issued by team lead. The accumulated flammable material near computer (room 189) has been reported by multiple staff members. Recommend immediate repair.,2026-04-17 00:00:00,Workshop,Rwanda Manufacturing Co,Fire,Critical,8,0,1
eeeb7d86-ad5d-4c72-8ae2-825334c981f5,Poorly adjusted chair at Station 20 in stairwell (Room 158),Follow-up required on the poorly adjusted chair at station 20 in stairwell (room 158). The severity is rated as low due to frequency of use.,2023-11-28 00:00:00,Packaging,RSSB Head Office,Ergonomic,Low,4,0,0
94221701-f3b7-43dd-850c-7ba54b0e609d,Loose carpet in warehouse near main lobby (Room 156) (similar to report #2141),Staff reported the loose carpet in warehouse near main lobby (room 156) (similar to report #2141) at approximately 2pm. Site inspection confirmed the hazard. Warning signs posted.,2026-03-21 00:00:00,Quality Control,Kigali Construction Ltd,Fire,Critical,6,1,1
3d80ef9b-3831-4079-9998-26d9345229c9,Fungal spread in assembly area near perimeter fence (Room 173),The fungal spread in assembly area near perimeter fence (room 173) was observed during routine inspection. This presents a potential risk to staff in the building.,2026-03-05 00:00:00,Assembly Line,Muhanga Agro-Processing,Biological,High,1,0,1
1b6964f1-15d2-41e1-9752-3ed51824d38c,Poorly adjusted chair at workbench in server room (Room 168),"During a walkthrough, staff noticed the poorly adjusted chair at workbench in server room (room 168). No immediate incident occurred but the potential for injury is significant.",2023-11-03 00:00:00,Loading Bay,Musanze Mining Corp,Ergonomic,Low,11,0,1
f34c7897-bad4-4e4f-a996-e0bd6fed52f5,Fumes from industrial glue near Station 15 (Room 171),Staff reported the fumes from industrial glue near station 15 (room 171) at approximately 2pm. Site inspection confirmed the hazard. Warning signs posted.,2025-12-11 00:00:00,Security,Muhanga Agro-Processing,Chemical,Critical,1,0,1
a2c39aeb-d068-4602-a0bb-c919c84bfbd1,Damaged power cord on ventilator at south wing (Room 150),I'm concerned about this.,2024-06-25 00:00:00,Sanitation,Bugesera Cement Works,Electrical,Low,8,0,0
ae67d840-7fa0-47d0-909b-0ee912dc046d,Awkward lifting position at east wing in canteen (Room 116),Follow-up required on the awkward lifting position at east wing in canteen (room 116). The danger is rated as medium due to proximity to staff.,2025-09-24 00:00:00,Warehouse,Kigali Construction Ltd,Ergonomic,Medium,1,0,0
1c806a7c-2faa-4335-ad0b-8d95bf2f0669,Loose carpet in canteen near receiving dock (Room 154),Follow-up required on the loose carpet in canteen near receiving dock (room 154). The risk is rated as low due to proximity to staff.,2024-07-04 00:00:00,Transport,Gasabo Textile Factory,Slip/Trip/Fall,Low,2,0,0
d463fd07-3348-425d-b4f0-448a8d5064fc,Blocked fire exit at rear exit near storage room (Room 113),,2023-08-04 00:00:00,Workshop,Kigali Construction Ltd,Fire,High,5,0,1
9c35121e-9fe3-4259-bf85-7d30100178e6,Awkward lifting position at rooftop in toilet (Room 114),The awkward lifting position at rooftop in toilet (room 114) was observed during routine inspection. This presents a potential risk to staff in the area.,2026-05-08 00:00:00,Assembly Line,Huye Power Plant,Ergonomic,Low,5,0,0
10f164f4-775e-4313-944d-9ee13158de3c,Smoke detector malfunctioning in warehouse (Room 110),The smoke detector malfunctioning in warehouse (room 110) was observed during routine inspection. This presents a potential risk to staff in the area.,2023-10-17 00:00:00,Packaging,Huye Power Plant,Fire,Critical,2,0,1
9c0c689e-e241-452a-abb1-dba4944fd73f,Repetitive strain risk operating printer at Station 13,"During a walkthrough, staff noticed the repetitive strain risk operating printer at station 13. No immediate incident occurred but the potential for harm is significant.",2025-04-12 00:00:00,Sanitation,Bugesera Cement Works,Ergonomic,Medium,3,1,1
cf2536c4-6bfd-4670-b70c-2e26af744e94,Biological waste disposal issue in corridor (Room 127),Follow-up required on the biological waste disposal issue in corridor (room 127). The severity is rated as low due to frequency of use.,2024-06-18 00:00:00,Transport,Bugesera Cement Works,Biological,Low,0,0,0
2b728214-ca0e-4e6a-b178-e86bf91c3213,Blocked fire exit at basement near office (Room 164),Report issued by supervisor. The blocked fire exit at basement near office (room 164) has been reported by multiple staff members. Recommend review by safety team.,2025-12-08 00:00:00,Storage Facility,Nyagatare Cattle Ranch,Fire,High,3,0,0
03301b5f-bb60-45e9-bd36-44e802a71b7c,Safety violation spotted,"During a walkthrough, staff noticed the safety violation spotted. No immediate incident occurred but the potential for harm is significant.",2024-01-10 00:00:00,Quality Control,Muhanga Agro-Processing,Biological,Medium,8,0,0
772bcac6-4ad2-4ac5-88b2-614c035d3515,Repetitive strain risk operating hand truck at Station 11,Staff reported the repetitive strain risk operating hand truck at station 11 at approximately 8am. Site inspection confirmed the hazard. No temporary measures taken.,2025-05-13 00:00:00,Loading Bay,Gasabo Textile Factory,Ergonomic,Low,1,0,0
a44ac643-fff1-4fed-a37f-9a5cdb065c86,Uncontained coolant near storage room (Room 145),I'm concerned about this.,2023-08-13 00:00:00,Storage Facility,Nyagatare Cattle Ranch,Chemical,Critical,1,1,0
fe31eb8f-3e2e-4a60-92b0-1874b034c460,Spoiled materials found in chemical storage (Room 147),Staff reported the spoiled materials found in chemical storage (room 147) at approximately 2pm. Site inspection confirmed the hazard. No temporary measures taken.,2023-03-21 00:00:00,Administration,Rubavu Logistics Hub,Biological,Low,1,0,0
8aca05b5-91bf-4bcb-acb9-6c74fcc7b5d6,Exposed switch on hydraulic press at north entrance (Room 188),Report issued by supervisor. The exposed switch on hydraulic press at north entrance (room 188) has been reported by multiple staff members. Recommend temporary closure.,2024-05-29 00:00:00,Workshop,Bugesera Cement Works,Machinery,Medium,1,0,0
7cc2523e-642b-4aa5-8c24-b1fd142e4a38,Repetitive strain risk operating ventilator at checkout counter,Report issued by employee. The repetitive strain risk operating ventilator at checkout counter has been reported by multiple staff members. Recommend immediate repair.,2025-05-14 00:00:00,Transport,Rubavu Logistics Hub,Ergonomic,High,4,0,1
e2780ac3-b50f-4db2-8f97-440f33134818,Loose carpet in toilet near perimeter fence (Room 160),Staff reported the loose carpet in toilet near perimeter fence (room 160) at approximately 4pm. Site inspection confirmed the hazard. No temporary measures taken.,2025-11-27 00:00:00,Administration,Huye Power Plant,Slip/Trip/Fall,Low,1,0,0
13b2633b-0e9b-4523-ab61-7aebd383cb99,Biological waste disposal issue in break room (Room 138),Staff reported the biological waste disposal issue in break room (room 138) at approximately 8am. Site inspection confirmed the hazard. No temporary measures taken.,2026-05-03 00:00:00,Sanitation,Nyagatare Cattle Ranch,Biological,Low,0,1,1
85020ada-f973-4ea9-98f8-d38322f8e818,Exposed casing on shredder in workshop (Zone 2),Report issued by safety rep. The exposed casing on shredder in workshop (zone 2) has been reported by multiple staff members. Recommend review by safety team.,2026-05-22 00:00:00,Assembly Line,Nyagatare Cattle Ranch,Electrical,High,0,0,1
7ec03151-496a-44f7-9490-bb8de9f53ea3,Exposed gear on conveyor belt at basement (Room 144),Follow-up required on the stagnant water near loading bay causing fungal spread. The danger is rated as high due to frequency of use.,2027-04-18 00:00:00,Transport,Gasabo Textile Factory,Machinery,High,2,1,0
1da018a3-e058-48c5-8d21-98bb2887452e,Awkward lifting position at perimeter fence in break room (Zone 13),Report issued by supervisor. The awkward lifting position at perimeter fence in break room (zone 13) has been reported by multiple staff members. Recommend temporary closure.,2024-05-07 00:00:00,Quality Control,Nyagatare Cattle Ranch,Ergonomic,Low,0,0,1
84a7d9f9-7be0-4182-a38e-e6ca6c4b13c4,Blocked fire exit at receiving dock near maintenance bay (Room 173),,2023-12-18 00:00:00,Storage Facility,Gasabo Textile Factory,Fire,High,2,0,0
c638236a-4b79-4baf-82d8-4f0a24f443de,Exposed wire on power drill in corridor (Room 123),Report issued by supervisor. The exposed wire on power drill in corridor (room 123) has been reported by multiple staff members. Recommend immediate repair.,2023-07-11 00:00:00,Sanitation,Bugesera Cement Works,Electrical,Critical,3,0,1
a7d555fa-d7a5-4e11-a94e-6ff19dbaf9b4,Loose carpet in corridor near east wing (Room 173),Can someone look at this?,2025-06-18 00:00:00,Laboratory,Rwanda Manufacturing Co,Slip/Trip/Fall,High,1,0,1
72d52e83-b113-45d8-b6bc-04e423045da2,Biological waste disposal issue in cafeteria (Room 108),"During a walkthrough, staff noticed the flickering lights in south wing near coffee maker. No immediate incident occurred but the potential for injury is significant.",2025-07-30 00:00:00,Assembly Line,Nyagatare Cattle Ranch,Biological,Medium,13,0,1
6752af35-84f3-4615-a0a8-6d4461d7e16f,Unsafe operation of hydraulic press in lobby (Room 145),Report issued by team lead. The unsafe operation of hydraulic press in lobby (room 145) has been reported by multiple staff members. Recommend temporary closure.,2025-08-13 00:00:00,Assembly Line,Rubavu Logistics Hub,Machinery,High,2,0,0
54292906-f3cc-4021-a592-054537e12b6f,Broken wire on packaging unit in break room (Room 171),Report issued by safety rep. The broken wire on packaging unit in break room (room 171) has been reported by multiple staff members. Recommend review by safety team.,2024-04-10 00:00:00,Maintenance,Nyagatare Cattle Ranch,Machinery,Medium,1,0,0
b072c798-ec38-4385-abd7-39db28efce43,Exposed sensor on hoist in warehouse (Room 129),"During a walkthrough, staff noticed the exposed sensor on hoist in warehouse (room 129). No immediate incident occurred but the potential for harm is significant.",2023-03-17 00:00:00,Office Complex,RSSB Head Office,Electrical,Critical,1,0,1
1f1685f9-fdcf-4aa0-b633-4f0cba170792,Obstacle in walkway at service elevator (Zone 14),Report issued by safety rep. The obstacle in walkway at service elevator (zone 14) has been reported by multiple staff members. Recommend temporary closure.,2028-03-25 00:00:00,Workshop,Muhanga Agro-Processing,Slip/Trip/Fall,Low,4,1,1
e1f23edb-7ef3-4608-8946-c02ed30551a6,Flickering lights in service elevator near welding machine,Report issued by safety rep. The flickering lights in service elevator near welding machine has been reported by multiple staff members. Recommend temporary closure.,2024-09-06 00:00:00,Warehouse,Huye Power Plant,Electrical,High,2,0,1
1e389d73-dccb-4cfc-9a50-0b366b906f21,Insects found in corridor near front gate (Room 138),Follow-up required on the insects found in corridor near front gate (room 138). The risk is rated as low due to exposure levels.,2025-03-17 00:00:00,Assembly Line,Muhanga Agro-Processing,Biological,Low,8,0,0
69fa9aff-db44-4ada-81f1-5a7ef8d5f4f3,Faulty fire extinguisher in canteen (Room 191),The faulty fire extinguisher in canteen (room 191) was observed during routine inspection. This presents a potential risk to staff in the department.,2026-05-09 00:00:00,Loading Bay,Gasabo Textile Factory,Fire,Critical,1,1,1
f1da9d18-8d87-4634-ac55-517e52c880b4,Accumulated flammable material near boiler (Zone 2),"During a walkthrough, staff noticed the accumulated flammable material near boiler (zone 2). No immediate incident occurred but the potential for injury is significant.",2026-02-24 00:00:00,Warehouse,Musanze Mining Corp,Fire,Critical,3,0,0
2b66bbd4-eb49-4dcc-85b2-df041abb17d9,Flickering lights in basement near printer,Follow-up required on the flickering lights in basement near printer. The severity is rated as critical due to lack of protection.,2023-05-19 00:00:00,Production,Huye Power Plant,Electrical,Critical,8,0,1
6e0ff0df-10e9-4f88-8856-a1badce71646,Cluttered floor space around hand truck at rooftop,Follow-up required on the cluttered floor space around hand truck at rooftop. The risk is rated as high due to frequency of use.,2023-07-09 00:00:00,Warehouse,Rubavu Logistics Hub,Slip/Trip/Fall,High,1,1,0
a2daec3c-0c7d-4905-94d4-88a06aa7a691,Stagnant water near east wing causing Pest infestation,Staff reported the stagnant water near east wing causing pest infestation at approximately 2pm. Site inspection confirmed the hazard. Tape has been placed.,2023-04-16 00:00:00,Transport,RSSB Head Office,Biological,Medium,1,1,0
1d8fbf4b-b52d-4618-980d-fb8b33442ba1,Repetitive strain risk operating microwave at Station 14,Staff reported the repetitive strain risk operating microwave at station 14 at approximately 8am. Site inspection confirmed the hazard. Tape has been placed.,2025-10-30 00:00:00,Warehouse,Bugesera Cement Works,Ergonomic,Medium,1,0,0
af34df61-dd38-4b3a-87f4-e0d533c3ef27,Obstacle in walkway at service elevator (Room 103),Follow-up required on the obstacle in walkway at service elevator (room 103). The danger is rated as low due to frequency of use.,2026-04-18 00:00:00,Workshop,Rubavu Logistics Hub,Slip/Trip/Fall,Low,1,1,0
a6132c30-eb58-4803-8b42-4e26bddb7586,Blocked emergency route in east wing (Room 156),Follow-up required on the blocked emergency route in east wing (room 156). The danger is rated as critical due to frequency of use.,2023-08-01 00:00:00,Transport,Huye Power Plant,Fire,Critical,1,0,0
95f11f69-651b-4cfa-bf5b-63c8abcb9503,Spill of bleach near loading dock (Room 119),Report issued by safety rep. The spill of bleach near loading dock (room 119) has been reported by multiple staff members. Recommend temporary closure.,2024-01-16 00:00:00,Maintenance,Rwanda Manufacturing Co,Chemical,Critical,3,0,1
826d5788-9bc1-4c77-a161-f788b718a8d1,Loose tiles in server room near control panel (Sector E),Staff reported the loose tiles in server room near control panel (sector e) at approximately 4pm. Site inspection confirmed the hazard. Tape has been placed.,2025-06-07 00:00:00,Laboratory,RSSB Head Office,Slip/Trip/Fall,Medium,3,1,0
d074e3af-a301-4338-8756-d6380bfbf0f5,Improper desk height for power drill in car park (Room 169),Can someone look at this?,2023-12-10 00:00:00,Administration,Nyagatare Cattle Ranch,Ergonomic,High,1,1,1
c1be0ba4-fb17-4786-86c6-661db80d0a4f,Smoke detector malfunctioning in canteen (Room 101),"During a walkthrough, staff noticed the smoke detector malfunctioning in canteen (room 101). No immediate incident occurred but the potential for damage is significant.",2024-05-10 00:00:00,Quality Control,Rwanda Manufacturing Co,Fire,Critical,15,0,1
e9f5cf5a-82ef-4bd3-8533-27da747c4a9a,Damaged power cord on microwave at front gate (Room 182),Staff reported the damaged power cord on microwave at front gate (room 182) at approximately 10am. Site inspection confirmed the hazard. No temporary measures taken.,2025-02-16 00:00:00,Transport,Muhanga Agro-Processing,Electrical,High,4,1,1
62bb72d9-deda-4ad3-ad17-0c8dafae6b5c,Unlabeled resin container at basement (Sector E),Staff reported the unlabeled resin container at basement (sector e) at approximately 4pm. Site inspection confirmed the hazard. Tape has been placed.,2024-10-16 00:00:00,Sanitation,Bugesera Cement Works,Chemical,Medium,0,0,1
409ccaf1-4456-42fe-a30d-2fc117ccedca,Fumes from pesticides near inspection desk (Room 118) (similar to report #2092),"During a walkthrough, staff noticed the fumes from pesticides near inspection desk (room 118) (similar to report #2092). No immediate incident occurred but the potential for injury is significant.",2027-09-28 00:00:00,Warehouse,Gasabo Textile Factory,Biological,Medium,1,0,0
ba2d9f89-75b5-4257-bf8a-df39c714efc5,Cluttered floor space around microwave at basement,The awkward lifting position at front gate in maintenance bay (room 127) was observed during routine inspection. This presents a potential risk to staff in the department.,2023-05-26 00:00:00,Office Complex,Musanze Mining Corp,Slip/Trip/Fall,Medium,9,0,0
a384a9ba-3de9-4401-85bf-c7309aad2927,Faulty fire extinguisher in break room (Room 112),Follow-up required on the faulty fire extinguisher in break room (room 112). The severity is rated as critical due to frequency of use.,2023-08-14 00:00:00,Production,Rwanda Manufacturing Co,Fire,Critical,0,0,1
ab0485b9-8760-4428-8544-92c9c194cb5f,Cluttered floor space around welding machine at main lobby,Follow-up required on the cluttered floor space around welding machine at main lobby. The severity is rated as high due to exposure levels.,2025-02-14 00:00:00,Assembly Line,Muhanga Agro-Processing,Slip/Trip/Fall,High,0,0,1
3bc81401-3b82-4a52-9e73-887a847ff198,Sparks observed from coffee maker in canteen (Room 129),,2023-01-28 00:00:00,Office Complex,Rwanda Manufacturing Co,Electrical,Critical,0,1,0
84dd624b-db3c-4f0f-820d-b4482f01369b,Improper storage of bleach in canteen (Room 155),Staff reported the improper storage of bleach in canteen (room 155) at approximately 10am. Site inspection confirmed the hazard. No temporary measures taken.,2024-12-22 00:00:00,Quality Control,Gasabo Textile Factory,Chemical,Critical,2,1,0
2b329b7a-06a4-4e5a-9af3-f79ae66be9c7,Stagnant water near receiving dock causing Bacterial contamination risk,Report issued by safety rep. The stagnant water near receiving dock causing bacterial contamination risk has been reported by multiple staff members. Recommend immediate repair.,2024-01-23 00:00:00,Maintenance,Muhanga Agro-Processing,Biological,Low,1,0,1
92b4f94c-aa48-49c1-9e13-5abf3e5d8140,Overloaded power outlet near Station 1 (Room 180),Staff reported the overloaded power outlet near station 1 (room 180) at approximately 10am. Site inspection confirmed the hazard. No temporary measures taken.,2024-01-16 00:00:00,Maintenance,Nyagatare Cattle Ranch,Electrical,High,3,0,1
5f2623b6-16cb-4671-b4fb-dae7b8ff595d,Sparks observed from power drill in loading dock (Room 116),The sparks observed from power drill in loading dock (room 116) was observed during routine inspection. This presents a potential risk to staff in the building.,2023-05-26 00:00:00,Production,Kigali Construction Ltd,Electrical,High,1,0,1
49971cc5-7361-4399-95df-bc17e3afb47d,Improper storage of acids in canteen (Room 193),Report issued by team lead. The improper storage of acids in canteen (room 193) has been reported by multiple staff members. Recommend further assessment.,2026-03-15 00:00:00,Laboratory,Nyagatare Cattle Ranch,Chemical,High,1,1,0
59842e73-1261-4d44-b1c2-8b6d0d12b042,Flickering lights in emergency stairs near welding machine,The flickering lights in emergency stairs near welding machine was observed during routine inspection. This presents a potential risk to staff in the building.,2025-04-13 00:00:00,Workshop,Musanze Mining Corp,Electrical,Critical,6,1,0
3120e9dd-aa43-47d5-9b4a-151e8bc86905,Hazard observed,Staff reported the hazard observed at approximately 8am. Site inspection confirmed the hazard. Tape has been placed.,2024-07-31 00:00:00,Packaging,Rubavu Logistics Hub,Ergonomic,Medium,0,0,0
1fd0830e-1519-47ea-9577-059b56abe140,Spilled chlorine around south wing (Zone 11) (similar to report #48),Report issued by employee. The spilled chlorine around south wing (zone 11) has been reported by multiple staff members. Recommend further assessment.,2024-02-23 00:00:00,Warehouse,Muhanga Agro-Processing,Chemical,High,0,0,0
873f93fd-7d5a-4140-9884-19f862fdcf7d,Faulty fire extinguisher in chemical storage (Room 132),Report issued by employee. The faulty fire extinguisher in chemical storage (room 132) has been reported by multiple staff members. Recommend review by safety team.,2025-04-11 00:00:00,Loading Bay,Nyagatare Cattle Ranch,Fire,Critical,0,0,1
78b23c89-6763-43bf-9829-a690d38801f8,Fumes from bleach near Station 5 (Sector B),Follow-up required on the fumes from bleach near station 5 (sector b). The risk is rated as medium due to exposure levels.,2024-07-28 00:00:00,Laboratory,Musanze Mining Corp,Chemical,Medium,1,1,1
888edb72-d7ba-45f9-9976-be6127a1a19d,Fumes from chlorine near assembly line (Room 122),"During a walkthrough, staff noticed the fumes from chlorine near assembly line (room 122). No immediate incident occurred but the potential for harm is significant.",2026-05-20 00:00:00,Production,Rubavu Logistics Hub,Chemical,Critical,1,0,0
2521ef24-d8a6-4991-b95a-e98152051bde,Improper storage of coolant in stairwell (Room 158),Staff reported the improper storage of coolant in stairwell (room 158) at approximately 8am. Site inspection confirmed the hazard. No temporary measures taken.,2023-04-29 00:00:00,Quality Control,Kigali Construction Ltd,Chemical,Critical,8,1,1
5d0a0ca4-9f6f-4552-8bc8-606a751e77f5,Spilled chlorine around south wing (Zone 11),Report issued by employee. The spilled chlorine around south wing (zone 11) has been reported by multiple staff members. Recommend further assessment.,2026-03-08 00:00:00,Workshop,Nyagatare Cattle Ranch,Chemical,High,2,1,0
0576a552-79e5-40ba-9ddc-8ec8588f724e,Overloaded power outlet near Station 10 (Room 160),The unsafe operation of exhaust fan in warehouse (room 196) was observed during routine inspection. This presents a potential risk to staff in the department.,2023-06-24 00:00:00,Administration,Musanze Mining Corp,Electrical,High,5,1,0
7cd98770-af1c-4d25-a64f-ca433f91d88c,Biological waste disposal issue in loading dock (Room 136),Please investigate.,2023-08-25 00:00:00,Sanitation,Muhanga Agro-Processing,Biological,Medium,6,0,0
0907aae7-9059-4f85-87da-048d51b3a37f,Icy patch in office near Station 15 (Room 192),,2025-03-25 00:00:00,Kitchen,Rwanda Manufacturing Co,Slip/Trip/Fall,Critical,0,0,1
dc9148d0-376a-41b9-aa25-83e33031ff4a,Strange noise from milling machine at basement (Room 196),"During a walkthrough, staff noticed the strange noise from milling machine at basement (room 196). No immediate incident occurred but the potential for harm is significant.",2025-06-09 00:00:00,Administration,Gasabo Textile Factory,Machinery,Critical,1,0,1
293b5292-2dd4-4147-8ef3-0ce16e664425,Flickering lights in rooftop near welding machine,Staff reported the flickering lights in rooftop near welding machine at approximately 4pm. Site inspection confirmed the hazard. No temporary measures taken.,2023-07-01 00:00:00,Laboratory,Kigali Construction Ltd,Electrical,Critical,7,1,1
ed168db0-0e92-4044-96b2-e26814628d75,Loose carpet in corridor near loading bay (Room 130),Report issued by team lead. The loose carpet in corridor near loading bay (room 130) has been reported by multiple staff members. Recommend review by safety team.,2025-02-12 00:00:00,Warehouse,RSSB Head Office,Slip/Trip/Fall,Critical,1,0,1
ebc44333-e941-4311-9f4e-284f267a8468,Broken belt on motor in loading dock (Room 156),Follow-up required on the broken belt on motor in loading dock (room 156). The risk is rated as high due to frequency of use.,2023-09-24 00:00:00,Quality Control,Kigali Construction Ltd,Machinery,High,4,1,1
dab373b6-8698-4543-b007-bcc91840f306,Bacterial contamination risk in stairwell near west exit (Room 184),"During a walkthrough, staff noticed the bacterial contamination risk in stairwell near west exit (room 184). No immediate incident occurred but the potential for damage is significant.",2023-08-20 00:00:00,Sanitation,RSSB Head Office,Biological,Low,12,1,0
8fe8f5d3-d011-497c-a125-c1b5d2c98989,Sparks observed from welding machine in storage room (Room 136),Follow-up required on the sparks observed from welding machine in storage room (room 136). The severity is rated as critical due to lack of protection.,2025-06-25 00:00:00,Quality Control,RSSB Head Office,Electrical,Critical,1,0,0
b440282c-e2c8-4ec0-ba92-1bfe7c6439d1,Faulty fire extinguisher in break room (Room 104),"During a walkthrough, staff noticed the sparks observed from shredder in chemical storage (zone 5). No immediate incident occurred but the potential for damage is significant.",2025-08-31 00:00:00,Workshop,Nyagatare Cattle Ranch,Fire,Critical,3,1,1
edde5b89-5175-41fb-855d-912b8a2e73c5,Unsafe operation of conveyor belt in office (Room 116),Report issued by safety rep. The unsafe operation of conveyor belt in office (room 116) has been reported by multiple staff members. Recommend review by safety team.,2024-05-07 00:00:00,Administration,RSSB Head Office,Machinery,Medium,4,0,1
a53a666e-cf42-47d5-befd-df6ae78eb00a,Faulty bearing on CNC machine near Station 10,,2025-12-19 00:00:00,Warehouse,Nyagatare Cattle Ranch,Machinery,High,3,0,0
bdea2c22-65e7-4166-b01c-1b2c7e0652fb,Flickering lights in rear exit near grinder,Follow-up required on the flickering lights in rear exit near grinder. The danger is rated as critical due to frequency of use.,2023-10-11 00:00:00,Production,Rubavu Logistics Hub,Electrical,Critical,2,0,1
11fa616a-93f0-4608-bd8c-3e55b4de5cee,Oil spill in warehouse near packing station (Room 104),The oil spill in warehouse near packing station (room 104) was observed during routine inspection. This presents a potential risk to staff in the area.,2024-11-20 00:00:00,Warehouse,Bugesera Cement Works,Slip/Trip/Fall,Medium,1,0,0
0e7a15bf-f5ed-4514-8fcc-d523de3d22a6,Stagnant water near north entrance causing Pest infestation,Report issued by supervisor. The stagnant water near north entrance causing pest infestation has been reported by multiple staff members. Recommend review by safety team.,2025-01-23 00:00:00,Quality Control,Muhanga Agro-Processing,Biological,Low,1,0,0
e218dd3b-c45e-4b8a-bdba-5b9f5bc5f423,Awkward lifting position at front gate in car park (Room 125),Follow-up required on the awkward lifting position at front gate in car park (room 125). The risk is rated as high due to lack of protection.,2023-12-20 00:00:00,Security,Rwanda Manufacturing Co,Ergonomic,High,4,0,1
1382fc89-1e9d-4cd5-b3c4-eeec99709cd6,Obstacle in walkway at south wing (Sector B),Follow-up required on the obstacle in walkway at south wing (sector b). The severity is rated as low due to exposure levels.,2026-02-27 00:00:00,Storage Facility,Gasabo Textile Factory,Slip/Trip/Fall,Low,8,0,0
cf1f2533-7b04-4265-88ab-e1b3592f35ff,Cluttered floor space around coffee maker at rooftop,I'm concerned about this.,2026-02-07 00:00:00,Assembly Line,Bugesera Cement Works,Slip/Trip/Fall,Medium,2,1,0
9ae7a5f7-7857-47b4-bdb0-8baa708ace7c,Poorly adjusted chair at Station 6 in loading dock (Room 155),Can someone look at this?,2024-09-24 00:00:00,Laboratory,Rwanda Manufacturing Co,Ergonomic,Medium,3,0,0
5f58d952-2acd-4f46-8502-abf2f4f4cbc1,Poorly adjusted chair at Station 12 in production floor (Room 113),Report issued by safety rep. The poorly adjusted chair at station 12 in production floor (room 113) has been reported by multiple staff members. Recommend temporary closure.,2025-06-26 00:00:00,Production,Bugesera Cement Works,Ergonomic,Low,4,0,0
7b5170d6-1294-40a8-958b-0711b77e462f,Biological waste disposal issue in chemical storage (Room 117),The biological waste disposal issue in chemical storage (room 117) was observed during routine inspection. This presents a potential risk to staff in the department.,2024-03-22 00:00:00,Administration,RSSB Head Office,Biological,High,7,0,0
491208ea-43fb-426f-bb75-f16139c7639d,Cluttered floor space around ventilator at main lobby,Staff reported the cluttered floor space around ventilator at main lobby at approximately 10am. Site inspection confirmed the hazard. Warning signs posted.,2025-01-25 00:00:00,Administration,Gasabo Textile Factory,Slip/Trip/Fall,Critical,1,1,0
b78f1442-6983-40c9-bb97-91a57bb413a5,Improper storage of industrial glue in maintenance bay (Room 116),Report issued by employee. The improper storage of industrial glue in maintenance bay (room 116) has been reported by multiple staff members. Recommend temporary closure.,2024-05-14 00:00:00,Laboratory,Kigali Construction Ltd,Chemical,High,1,0,0
32409794-45f1-4849-9268-6a6147caf7c6,Broken sensor on milling machine in stairwell (Zone 8),Follow-up required on the broken sensor on milling machine in stairwell (zone 8). The danger is rated as high due to frequency of use.,2023-09-11 00:00:00,Assembly Line,Musanze Mining Corp,Machinery,High,2,0,1
11af2195-252e-46e2-aed7-3d46b86cf1d2,Biological waste disposal issue in storage room (Room 145),Staff reported the biological waste disposal issue in storage room (room 145) at approximately 10am. Site inspection confirmed the hazard. No temporary measures taken.,2025-11-23 00:00:00,Office Complex,Muhanga Agro-Processing,Biological,High,1,1,0
f750fd35-d432-4ce3-a33b-edcb04f7911b,Stagnant water near west exit causing Bacterial contamination risk,Report issued by supervisor. The stagnant water near west exit causing bacterial contamination risk has been reported by multiple staff members. Recommend immediate repair.,2025-04-09 00:00:00,Packaging,RSSB Head Office,Biological,Low,0,0,1
cc848587-a20f-42cf-b741-1d932e3063a5,Overloaded power outlet near packing station (Room 145),Follow-up required on the biological waste disposal issue in loading dock (room 104). The severity is rated as low due to exposure levels.,2023-11-01 00:00:00,Office Complex,Gasabo Textile Factory,Electrical,Critical,6,0,1
394f315d-0f75-40ea-9915-a68b1ef9b5c4,Flickering lights in receiving dock near boiler,Report issued by employee. The flickering lights in receiving dock near boiler has been reported by multiple staff members. Recommend temporary closure.,2023-10-21 00:00:00,Loading Bay,Musanze Mining Corp,Electrical,Critical,0,1,0
8ada4e24-33ec-49dd-8228-bfac3178d9f1,Exposed guard on bandsaw at perimeter fence (Sector C),Report issued by employee. The exposed guard on bandsaw at perimeter fence (sector c) has been reported by multiple staff members. Recommend review by safety team.,2023-05-21 00:00:00,Storage Facility,Huye Power Plant,Machinery,Critical,3,1,1
bc07c3e5-6ae9-425c-bd92-e5ea5c0040d1,Blocked emergency route in receiving dock (Sector F),Follow-up required on the blocked emergency route in receiving dock (sector f). The danger is rated as critical due to exposure levels.,2026-01-09 00:00:00,Storage Facility,Kigali Construction Ltd,Fire,Critical,9,0,1
a5407a12-e5ee-4a94-bbb4-74c8382630d8,Exposed casing on hoist in storage room (Room 134),Report issued by safety rep. The repetitive strain risk operating power drill at control panel has been reported by multiple staff members. Recommend temporary closure.,2023-12-24 00:00:00,Office Complex,Huye Power Plant,Electrical,Critical,4,1,0
8a0ae6fc-1ce6-43fe-8e7a-e228ca2864ef,Overloaded power outlet near control panel (Room 102),Report issued by employee. The overloaded power outlet near control panel (room 102) has been reported by multiple staff members. Recommend temporary closure.,2025-04-07 00:00:00,Security,Gasabo Textile Factory,Electrical,High,2,0,0
7817de88-0c86-464f-9b3e-272874424603,Improperly stored resin near assembly area (Room 153),Report issued by employee. The improperly stored resin near assembly area (room 153) has been reported by multiple staff members. Recommend review by safety team.,2024-02-24 00:00:00,Office Complex,Rubavu Logistics Hub,Chemical,Critical,1,1,0
315a3701-f764-4ecb-8f02-f884e15adbf7,Strange noise from drill press at front gate (Room 152),The strange noise from drill press at front gate (room 152) was observed during routine inspection. This presents a potential risk to staff in the area.,2026-03-06 00:00:00,Sanitation,Huye Power Plant,Machinery,High,0,0,0
6ce3529e-c187-4f50-b79a-87177844bcb3,Unlabeled degreaser container at receiving dock (Room 130),,2024-11-25 00:00:00,Quality Control,Bugesera Cement Works,Chemical,Medium,3,0,0
158207f9-98ca-45a3-88b8-62a875998dd0,Cluttered floor space around boiler at rear exit,Can someone look at this?,2025-08-29 00:00:00,Administration,Gasabo Textile Factory,Slip/Trip/Fall,Low,5,0,0
2d717452-bc64-42ff-b031-13e1aeca3cf3,Exposed motor on welding machine in toilet (Sector C),The exposed motor on welding machine in toilet (sector c) was observed during routine inspection. This presents a potential risk to staff in the area.,2024-03-23 00:00:00,Office Complex,Rwanda Manufacturing Co,Electrical,High,6,1,1
3f6bebff-6749-45b2-a3ff-f1b8f161ff96,Loose carpet in workshop near main lobby (Room 120),I'm concerned about this.,2026-03-10 00:00:00,Office Complex,Gasabo Textile Factory,Slip/Trip/Fall,Critical,1,0,1
78bbfbaa-4ad4-4b19-b910-ce5350a7fc86,Loose carpet in cafeteria near basement (Room 107),Report issued by safety rep. The loose carpet in cafeteria near basement (room 107) has been reported by multiple staff members. Recommend review by safety team.,2024-06-25 00:00:00,Workshop,Huye Power Plant,Slip/Trip/Fall,Medium,2,0,0
b5d34d8c-9e7c-4feb-bbcb-b5ff21aae25e,Improper desk height for coffee maker in workshop (Room 151),The improper desk height for coffee maker in workshop (room 151) was observed during routine inspection. This presents a potential risk to staff in the building.,2024-05-27 00:00:00,Workshop,Muhanga Agro-Processing,Ergonomic,Medium,0,0,0
8b497670-33a7-4b69-b45b-8b343e4b1ea4,Poorly adjusted chair at Station 6 in chemical storage (Room 165),Staff reported the poorly adjusted chair at station 6 in chemical storage (room 165) at approximately 2pm. Site inspection confirmed the hazard. Tape has been placed.,2023-01-15 00:00:00,Quality Control,Nyagatare Cattle Ranch,Ergonomic,Low,7,1,0
5b78e4a6-48f8-44a2-9463-36973a0de8be,Routine check finding,The routine check finding was observed during routine inspection. This presents a potential risk to staff in the building.,2025-11-03 00:00:00,Quality Control,RSSB Head Office,Fire,Critical,11,0,1
60f51adb-2e3b-4ecb-b9bc-aad7127f7225,Improperly stored chlorine near office (Room 149),The improperly stored chlorine near office (room 149) was observed during routine inspection. This presents a potential risk to staff in the area.,2024-06-16 00:00:00,Administration,Kigali Construction Ltd,Chemical,High,15,1,0
93647482-e689-4f84-9f38-62e675b09b2e,Damaged power cord on air conditioner at loading bay (Room 128),Staff reported the damaged power cord on air conditioner at loading bay (room 128) at approximately 8am. Site inspection confirmed the hazard. No temporary measures taken.,2024-11-30 00:00:00,Security,Muhanga Agro-Processing,Electrical,Critical,4,1,1
02260eea-251a-4461-abcd-b29142ecbeb3,Poorly adjusted chair at Station 19 in maintenance bay (Room 120),Staff reported the poorly adjusted chair at station 19 in maintenance bay (room 120) at approximately 2pm. Site inspection confirmed the hazard. No temporary measures taken.,2025-07-17 00:00:00,Packaging,Muhanga Agro-Processing,Ergonomic,High,0,0,1
babd1791-47ed-455d-be10-687379d4ca92,Stagnant water near loading bay causing Pest infestation,The stagnant water near loading bay causing pest infestation was observed during routine inspection. This presents a potential risk to staff in the building.,2024-09-14 00:00:00,Assembly Line,Rubavu Logistics Hub,Biological,High,8,1,1
cb6cafe3-7849-45a8-97e0-9843e8ff0936,Exposed gear on CNC machine at west exit (Room 103),"During a walkthrough, staff noticed the exposed gear on cnc machine at west exit (room 103). No immediate incident occurred but the potential for damage is significant.",2024-11-17 00:00:00,Warehouse,Muhanga Agro-Processing,Machinery,High,1,1,0
5c3e6bbd-0e88-4b99-8d57-e7f39fa86c3c,Bacterial contamination risk in toilet near basement (Room 164),Can someone look at this?,2023-09-03 00:00:00,Packaging,Nyagatare Cattle Ranch,Biological,Medium,3,1,0
bb5ad8ab-bafe-46f4-95a0-be5f432addc4,Fumes from paint thinner near Station 4 (Room 181),Follow-up required on the fumes from paint thinner near station 4 (room 181). The severity is rated as critical due to exposure levels.,2026-03-22 00:00:00,Office Complex,Nyagatare Cattle Ranch,Chemical,Critical,13,1,0
987628e1-86a0-492e-960c-fc934e91752b,Pest infestation in warehouse near receiving dock (Room 195),"During a walkthrough, staff noticed the pest infestation in warehouse near receiving dock (room 195). No immediate incident occurred but the potential for damage is significant.",2023-09-16 00:00:00,Warehouse,Rwanda Manufacturing Co,Biological,High,5,1,0
9f337929-5b2e-4d1e-8edd-e5309abee703,Biological waste disposal issue in break room (Room 165),Follow-up required on the biological waste disposal issue in break room (room 165). The severity is rated as high due to lack of protection.,2023-10-07 00:00:00,Storage Facility,Musanze Mining Corp,Biological,High,7,1,1
c6bc4d52-fcea-4b9f-8535-c4353dff4ec5,Spilled bleach around service elevator (Room 104),The spilled bleach around service elevator (room 104) was observed during routine inspection. This presents a potential risk to staff in the area.,2024-11-12 00:00:00,Storage Facility,Kigali Construction Ltd,Chemical,Critical,1,0,0
e1b2dc63-7209-4460-b009-b2b7c7605847,Loose tiles in chemical storage near Station 17 (Room 118),"During a walkthrough, staff noticed the loose tiles in chemical storage near station 17 (room 118). No immediate incident occurred but the potential for damage is significant.",2025-10-18 00:00:00,Security,Huye Power Plant,Slip/Trip/Fall,Low,4,1,0
dd8921c6-0294-467e-801a-166c596517b4,Faulty fire extinguisher in car park (Room 195),Follow-up required on the faulty fire extinguisher in car park (room 195). The danger is rated as high due to lack of protection.,2023-07-25 00:00:00,Maintenance,RSSB Head Office,Fire,High,1,0,0
383796b9-6ef1-499f-9341-af4ba89f15b6,Smoke detector malfunctioning in loading dock (Room 163),This has been like this for weeks.,2024-01-21 00:00:00,Assembly Line,Muhanga Agro-Processing,Fire,Critical,0,1,1
f2d50b5b-7446-499f-8d28-2b189702a90c,Unsafe operation of packaging unit in office (Room 114),Staff reported the unsafe operation of packaging unit in office (room 114) at approximately 10am. Site inspection confirmed the hazard. Warning signs posted.,2023-07-04 00:00:00,Storage Facility,Bugesera Cement Works,Machinery,Medium,3,0,0
a3a963bf-4b1f-42ff-bc2d-74da5d453619,Tripping hazard in cafeteria near Station 2 (Room 167),The tripping hazard in cafeteria near station 2 (room 167) was observed during routine inspection. This presents a potential risk to staff in the building.,2025-02-12 00:00:00,Kitchen,Rubavu Logistics Hub,Slip/Trip/Fall,High,12,0,1
989b6245-3ec1-45a9-8315-d528f0842350,Biological waste disposal issue in break room (Zone 6),Staff reported the unlabeled resin container at basement (sector e) at approximately 4pm. Site inspection confirmed the hazard. Tape has been placed.,2025-12-07 00:00:00,Assembly Line,Musanze Mining Corp,Biological,High,1,1,0
9110cb70-e95b-48fb-8c8b-264b2e54fb53,Accumulated flammable material near boiler (Room 177),The accumulated flammable material near boiler (room 177) was observed during routine inspection. This presents a potential risk to staff in the building.,2025-12-16 00:00:00,Assembly Line,Musanze Mining Corp,Fire,High,2,0,0
7ba4807c-7c58-475b-9264-d1c8815b857f,Obstacle in walkway at basement (Room 161),Follow-up required on the obstacle in walkway at basement (room 161). The danger is rated as high due to proximity to staff.,2025-07-30 00:00:00,Production,RSSB Head Office,Slip/Trip/Fall,High,1,0,1
09c1a1cb-c43e-4ba1-ad5e-f33c29dabc7e,Biological waste disposal issue in toilet (Room 176),Staff reported the biological waste disposal issue in toilet (room 176) at approximately 2pm. Site inspection confirmed the hazard. No temporary measures taken.,2023-10-30 00:00:00,Administration,Kigali Construction Ltd,Biological,Medium,0,0,0
97f370b5-bfb5-4d1e-b8e9-3620cbdd279b,Awkward lifting position at service elevator in server room (Zone 7),Report issued by employee. The awkward lifting position at service elevator in server room (zone 7) has been reported by multiple staff members. Recommend immediate repair.,2026-04-08 00:00:00,Production,Rwanda Manufacturing Co,Ergonomic,Low,7,0,0
bb397f52-4bf9-456d-98e3-4a6a9ee31823,Blocked fire exit at emergency stairs near cafeteria (Room 195),Follow-up required on the blocked fire exit at emergency stairs near cafeteria (room 195). The risk is rated as high due to lack of protection.,2024-06-13 00:00:00,Sanitation,Nyagatare Cattle Ranch,Fire,High,4,0,1
a8327c96-8648-4ced-a869-dc9458f02306,Strange noise from drill press at rear exit (Room 134),The strange noise from drill press at rear exit (room 134) was observed during routine inspection. This presents a potential risk to staff in the department.,2026-04-17 00:00:00,Sanitation,Gasabo Textile Factory,Machinery,Medium,6,0,1
5d290575-9fb8-440a-ac8c-c32501faa34f,Accumulated flammable material near computer (Zone 7),Report issued by supervisor. The accumulated flammable material near computer (zone 7) has been reported by multiple staff members. Recommend temporary closure.,2023-05-03 00:00:00,Loading Bay,Gasabo Textile Factory,Fire,Critical,7,0,0
f2491528-65e6-4a00-b316-99f4a419dc69,Damaged power cord on hand truck at rear exit (Room 156),I'm concerned about this.,2026-05-03 00:00:00,Office Complex,Rubavu Logistics Hub,Electrical,High,2,1,1
25bd04df-42ce-443e-a86c-f175acfe3e1c,Cluttered floor space around transformer at front gate,Report issued by team lead. The cluttered floor space around transformer at front gate has been reported by multiple staff members. Recommend immediate repair.,2023-07-03 00:00:00,Kitchen,Nyagatare Cattle Ranch,Slip/Trip/Fall,High,1,0,0
edd10edc-e8cc-48f8-a87c-e8250294540c,Spoiled materials found in cafeteria (Room 189),Report issued by employee. The spoiled materials found in cafeteria (room 189) has been reported by multiple staff members. Recommend temporary closure.,2024-10-19 00:00:00,Production,Bugesera Cement Works,Biological,Low,0,1,1
d16ad764-79bb-4344-b1d2-14f0bc3a1733,Strange noise from crane at front gate (Room 166),Staff reported the strange noise from crane at front gate (room 166) at approximately 4pm. Site inspection confirmed the hazard. Warning signs posted.,2023-01-25 00:00:00,Kitchen,Bugesera Cement Works,Machinery,Critical,14,0,1
1773c7d3-d4ea-49d5-b6a5-47d1ea282203,Biological waste disposal issue in break room (Room 121),Report issued by safety rep. The biological waste disposal issue in break room (room 121) has been reported by multiple staff members. Recommend temporary closure.,2025-08-24 00:00:00,Kitchen,Nyagatare Cattle Ranch,Biological,High,15,1,1
9390da67-011c-40be-9d4d-0160dbe1dbfe,Damaged power cord on printer at east wing (Room 113),Staff reported the damaged power cord on printer at east wing (room 113) at approximately 8am. Site inspection confirmed the hazard. No temporary measures taken.,2024-02-10 00:00:00,Workshop,Muhanga Agro-Processing,Electrical,Critical,2,1,1
d864ec35-0c95-4461-8cdc-fdff79917d7a,Blocked fire exit at main lobby near chemical storage (Room 162),Report issued by safety rep. The blocked fire exit at main lobby near chemical storage (room 162) has been reported by multiple staff members. Recommend review by safety team.,2024-10-21 00:00:00,Workshop,RSSB Head Office,Fire,High,3,0,1
3923efa1-d1bd-4534-bbee-770e8e081708,Obstacle in walkway at emergency stairs (Sector C),Follow-up required on the obstacle in walkway at emergency stairs (sector c). The severity is rated as medium due to proximity to staff.,2025-09-29 00:00:00,Assembly Line,Musanze Mining Corp,Slip/Trip/Fall,Medium,8,0,0
d0ae38ec-f006-498f-8c8e-76dc37fb6dc4,Overloaded power outlet near Station 10 (Room 115),The overloaded power outlet near station 10 (room 115) was observed during routine inspection. This presents a potential risk to staff in the building.,2024-06-25 00:00:00,Storage Facility,Kigali Construction Ltd,Electrical,Low,5,0,0
336ffa96-657a-40ea-91ee-e4cd62b9e343,Awkward lifting position at basement in maintenance bay (Room 192),The awkward lifting position at basement in maintenance bay (room 192) was observed during routine inspection. This presents a potential risk to staff in the department.,2025-04-12 00:00:00,Sanitation,Bugesera Cement Works,Ergonomic,Medium,1,1,0
ebbd347b-3219-4ce1-958e-2708c048b9e7,Broken casing on forklift in cafeteria (Room 136),Follow-up required on the broken casing on forklift in cafeteria (room 136). The danger is rated as critical due to frequency of use.,2023-11-18 00:00:00,Quality Control,Rwanda Manufacturing Co,Machinery,Critical,0,1,0
80a7b8ec-d89f-4be7-8128-b42c0afe10fe,Cluttered floor space around shredder at emergency stairs,Follow-up required on the cluttered floor space around shredder at emergency stairs. The severity is rated as high due to exposure levels.,2028-05-23 00:00:00,Warehouse,Gasabo Textile Factory,Slip/Trip/Fall,High,4,0,0
c599fc12-3978-4315-8f6b-d832d72ccaed,Damaged power cord on shredder at loading bay (Room 130),The damaged power cord on shredder at loading bay (room 130) was observed during routine inspection. This presents a potential risk to staff in the building.,2023-06-22 00:00:00,Kitchen,Rubavu Logistics Hub,Electrical,High,11,0,1
5b6571b2-6228-4df0-903f-23ff29ad8c9b,Overloaded power outlet near Station 3 (Room 138),Follow-up required on the overloaded power outlet near station 3 (room 138). The severity is rated as critical due to lack of protection.,2026-02-23 00:00:00,Warehouse,Kigali Construction Ltd,Electrical,Critical,3,0,0
b476658c-5cc3-41db-8ef3-b5db36b432d8,Faulty fire extinguisher in server room (Room 134),Staff reported the faulty fire extinguisher in server room (room 134) at approximately 4pm. Site inspection confirmed the hazard. Tape has been placed.,2025-01-08 00:00:00,Warehouse,Huye Power Plant,Fire,Critical,0,0,1
4443fbff-f428-455e-a49d-f9732df7cfe4,Spoiled materials found in production floor (Room 189),"During a walkthrough, staff noticed the spoiled materials found in production floor (room 189). No immediate incident occurred but the potential for harm is significant.",2023-08-08 00:00:00,Security,Huye Power Plant,Biological,Low,0,0,0
32236ad3-1b63-4e1d-81da-f40263afc93d,Faulty fire extinguisher in workshop (Room 121),,2025-02-21 00:00:00,Kitchen,RSSB Head Office,Fire,Critical,4,0,1
275a7a57-0a01-433d-bc33-faff0c386e1b,Poorly adjusted chair at Station 15 in office (Room 184),,2023-10-15 00:00:00,Administration,Musanze Mining Corp,Ergonomic,Low,3,1,0
a98826ad-60a9-467c-8846-165bad7cd222,Improper desk height for microwave in maintenance bay (Room 182),Follow-up required on the improper desk height for microwave in maintenance bay (room 182). The risk is rated as medium due to proximity to staff.,2025-06-06 00:00:00,Quality Control,Bugesera Cement Works,Ergonomic,Medium,4,0,0
55b5e7ce-5fb9-4fc2-81a7-afd52ef4a747,Exposed filter on server rack in assembly area (Room 170),This needs fixing urgently.,2023-01-02 00:00:00,Administration,Kigali Construction Ltd,Electrical,High,1,0,0
51780f4a-daee-4c7b-a9fc-77d7539dd293,Repetitive strain risk operating grinder at Station 13,Staff reported the repetitive strain risk operating grinder at station 13 at approximately 8am. Site inspection confirmed the hazard. Tape has been placed.,2026-03-07 00:00:00,Assembly Line,RSSB Head Office,Ergonomic,Medium,2,1,0
763a3f48-ea30-48e0-af81-7bfaf01273d3,Sparks observed from power drill in stairwell (Room 141),Report issued by employee. The sparks observed from power drill in stairwell (room 141) has been reported by multiple staff members. Recommend temporary closure.,2025-07-28 00:00:00,Loading Bay,RSSB Head Office,Electrical,Critical,0,0,1
82f36684-f046-4c6a-ac43-7dc074dd2ad4,Mold growth in canteen near north entrance (Room 141),Staff reported the mold growth in canteen near north entrance (room 141) at approximately 8am. Site inspection confirmed the hazard. No temporary measures taken.,2024-07-17 00:00:00,Maintenance,Musanze Mining Corp,Biological,Medium,3,0,0
3786e37b-6540-46e6-87f4-69b0e65c9d23,Obstacle in walkway at south wing (Room 194),Follow-up required on the obstacle in walkway at south wing (room 194). The severity is rated as low due to exposure levels.,2025-03-05 00:00:00,Loading Bay,Huye Power Plant,Slip/Trip/Fall,Low,0,0,0
620fc659-22ba-4ae9-8177-849e6113d82e,Obstacle in walkway at rooftop (Zone 6),Follow-up required on the obstacle in walkway at rooftop (zone 6). The severity is rated as high due to proximity to staff.,2023-04-11 00:00:00,Quality Control,Kigali Construction Ltd,Slip/Trip/Fall,High,4,0,0
a443eb63-81cb-44f5-8129-b92975312b5c,Unlabeled degreaser container at rooftop (Room 134),"During a walkthrough, staff noticed the unlabeled degreaser container at rooftop (room 134). No immediate incident occurred but the potential for harm is significant.",2025-09-01 00:00:00,Workshop,Gasabo Textile Factory,Chemical,Critical,2,0,1
2d1ca095-766d-4014-abf8-4aa375b348e7,Improper desk height for hoist in canteen (Room 195),Report issued by team lead. The improper desk height for hoist in canteen (room 195) has been reported by multiple staff members. Recommend review by safety team.,2023-01-29 00:00:00,Laboratory,RSSB Head Office,Ergonomic,High,1,1,0
a752fc70-297c-4d6a-b1d7-5cfef36d151b,Biological waste disposal issue in cafeteria (Room 151) (similar to report #298),Report issued by employee. The biological waste disposal issue in cafeteria (room 151) has been reported by multiple staff members. Recommend temporary closure.,2026-05-12 00:00:00,Laboratory,Muhanga Agro-Processing,Fire,Critical,0,0,0
918da6e0-11f3-46ee-9a01-972bc2c283cd,Unsafe operation of drill press in stairwell (Room 184),The unsafe operation of drill press in stairwell (room 184) was observed during routine inspection. This presents a potential risk to staff in the department.,2025-11-01 00:00:00,Administration,Musanze Mining Corp,Machinery,High,8,1,1
f581e2e2-8215-4677-bd0c-7c9d84ee1c4e,Smoke detector malfunctioning in cafeteria (Room 196),The smoke detector malfunctioning in cafeteria (room 196) was observed during routine inspection. This presents a potential risk to staff in the department.,2024-05-27 00:00:00,Administration,Rubavu Logistics Hub,Fire,Critical,4,0,1
ff0992d1-a8c1-427e-a9df-1fe344702576,Biological waste disposal issue in lobby (Room 186),Follow-up required on the biological waste disposal issue in lobby (room 186). The risk is rated as high due to lack of protection.,2025-12-23 00:00:00,Warehouse,Rwanda Manufacturing Co,Biological,High,0,0,0
673787fc-ae60-4425-bbb5-7a2429b067f0,Sparks observed from grinder in storage room (Room 153),The sparks observed from grinder in storage room (room 153) was observed during routine inspection. This presents a potential risk to staff in the department.,2025-04-25 00:00:00,Maintenance,RSSB Head Office,Electrical,High,3,0,0
f2ec9e78-2558-4bc4-8077-000bad26ac10,Flickering lights in east wing near boiler,The flickering lights in east wing near boiler was observed during routine inspection. This presents a potential risk to staff in the area.,2024-12-18 00:00:00,Assembly Line,Kigali Construction Ltd,Electrical,High,1,0,0
fca6e7f5-66a1-4c95-962e-ef249ab3f201,Sparks observed from server rack in storage room (Sector F),I'm concerned about this.,2024-01-12 00:00:00,Workshop,Muhanga Agro-Processing,Electrical,High,2,0,1
631a3ba1-cf05-4877-900f-f288b7dc8ac4,Smoke detector malfunctioning in canteen (Room 119),"During a walkthrough, staff noticed the smoke detector malfunctioning in canteen (room 119). No immediate incident occurred but the potential for damage is significant.",2025-01-31 00:00:00,Storage Facility,RSSB Head Office,Fire,High,13,0,1
93b75c9d-0396-4990-b83c-65aeeab47333,Spilled liquid in stairwell near packing station (Room 155),Report issued by employee. The spilled liquid in stairwell near packing station (room 155) has been reported by multiple staff members. Recommend further assessment.,2025-10-03 00:00:00,Warehouse,Nyagatare Cattle Ranch,Slip/Trip/Fall,Low,4,0,0
2dd06853-3f65-48e4-bf63-c9afac690211,Unsafe operation of pallet jack in maintenance bay (Room 158),Follow-up required on the unsafe operation of pallet jack in maintenance bay (room 158). The danger is rated as medium due to exposure levels.,2025-09-23 00:00:00,Packaging,Rwanda Manufacturing Co,Machinery,Medium,2,0,0
b8d9b4e7-bca0-44e7-8b26-6a3c609a25c6,Repetitive strain risk operating power drill at Station 1,The repetitive strain risk operating power drill at station 1 was observed during routine inspection. This presents a potential risk to staff in the building.,2023-10-16 00:00:00,Sanitation,Rubavu Logistics Hub,Ergonomic,High,11,0,1
e17ca6ba-1137-4f8a-83e0-b613a03a3779,Accumulated flammable material near air conditioner (Room 184),The accumulated flammable material near air conditioner (room 184) was observed during routine inspection. This presents a potential risk to staff in the building.,2023-11-17 00:00:00,Sanitation,Rwanda Manufacturing Co,Fire,Critical,5,0,0
27ce6df0-71f0-4974-bdc3-d96a60255db6,Flickering lights in front gate near hand truck,Staff reported the flickering lights in front gate near hand truck at approximately 2pm. Site inspection confirmed the hazard. Warning signs posted.,2024-09-19 00:00:00,Sanitation,RSSB Head Office,Electrical,High,1,0,1
2abe7c60-f9f3-4ef3-af15-a624d4bf4baf,Exposed pipe on hand truck in chemical storage (Room 157),,2023-01-29 00:00:00,Administration,Huye Power Plant,Electrical,Critical,2,1,0
d751f9b0-aed6-4152-9588-0f5594cab7f5,Exposed plug on grinder in car park (Room 134) (similar to report #2374),The exposed plug on grinder in car park (room 134) (similar to report #2374) was observed during routine inspection. This presents a potential risk to staff in the department.,2023-07-20 00:00:00,Laboratory,Bugesera Cement Works,Machinery,Critical,4,0,0
414ff225-91d2-4b27-967c-b17d679b693a,Stagnant water near emergency stairs causing Unpleasant odor,Report issued by supervisor. The repetitive strain risk operating transformer at station 9 has been reported by multiple staff members. Recommend immediate repair.,2026-03-22 00:00:00,Transport,Nyagatare Cattle Ranch,Biological,High,1,1,0
52f98d04-91fb-4971-8d09-402b6fcbccf1,Blocked fire exit at rooftop near lobby (Room 174),Staff reported the blocked fire exit at rooftop near lobby (room 174) at approximately 10am. Site inspection confirmed the hazard. No temporary measures taken.,2026-04-03 00:00:00,Administration,Musanze Mining Corp,Fire,Critical,0,0,1
4eea38b7-6b37-423a-af6f-664183ca8cb9,Poorly adjusted chair at Station 7 in office (Room 181),Staff reported the poorly adjusted chair at station 7 in office (room 181) at approximately 8am. Site inspection confirmed the hazard. Tape has been placed.,2024-01-26 00:00:00,Maintenance,Rubavu Logistics Hub,Ergonomic,Medium,1,0,0
213bebdb-4b37-442b-b2c2-1a7976529e08,Fumes from pesticides near packing station (Room 190),Report issued by safety rep. The fumes from pesticides near packing station (room 190) has been reported by multiple staff members. Recommend further assessment.,2024-02-12 00:00:00,Transport,Gasabo Textile Factory,Chemical,High,0,0,0
6a8d9130-a157-4b1a-8734-314bcdb3bbcf,Improper desk height for ventilator in chemical storage (Room 103),"During a walkthrough, staff noticed the improper desk height for ventilator in chemical storage (room 103). No immediate incident occurred but the potential for injury is significant.",2026-01-22 00:00:00,Packaging,RSSB Head Office,Ergonomic,Medium,15,0,0
6edf0d66-c0aa-4903-8f81-a2384791dd02,Insects found in server room near rooftop (Room 102),The insects found in server room near rooftop (room 102) was observed during routine inspection. This presents a potential risk to staff in the area.,2023-06-01 00:00:00,Office Complex,Bugesera Cement Works,Biological,High,8,0,0
8364d49d-1002-4518-a9db-dd08a8804bca,Broken gear on packaging unit in car park (Sector E),,2025-10-29 00:00:00,Packaging,Rubavu Logistics Hub,Machinery,Critical,8,0,1
b8a02546-b0e8-4b06-8937-1f2985af5958,Stagnant water near receiving dock causing Rodent sightings,"During a walkthrough, staff noticed the stagnant water near receiving dock causing rodent sightings. No immediate incident occurred but the potential for harm is significant.",2023-10-27 00:00:00,Loading Bay,Muhanga Agro-Processing,Biological,Medium,5,0,0
967e07c8-f0d0-457a-824f-2bf1434118ca,Damaged power cord on microwave at south wing (Room 120),,2023-02-18 00:00:00,Office Complex,RSSB Head Office,Electrical,Critical,2,1,0
9c3ad75f-bf4b-4b20-ad17-0e46ffb8137d,Fungal spread in lobby near west exit (Sector A),This needs fixing urgently.,2026-05-27 00:00:00,Loading Bay,Bugesera Cement Works,Biological,Critical,4,0,1
03c90c0f-1c9c-492f-8158-baeb279a8420,Faulty fire extinguisher in toilet (Room 169),The faulty fire extinguisher in toilet (room 169) was observed during routine inspection. This presents a potential risk to staff in the building.,2025-12-22 00:00:00,Maintenance,Muhanga Agro-Processing,Fire,High,12,0,1
0a45e0d8-606f-405a-95c8-668a166e7209,Blocked fire exit at rooftop near maintenance bay (Room 158),Follow-up required on the blocked fire exit at rooftop near maintenance bay (room 158). The danger is rated as critical due to exposure levels.,2023-01-17 00:00:00,Warehouse,Gasabo Textile Factory,Fire,Critical,3,0,0
f2af8143-fff6-4fb6-8aec-d74c8ae3451e,Overloaded power outlet near dispatch area (Room 135),Report issued by supervisor. The overloaded power outlet near dispatch area (room 135) has been reported by multiple staff members. Recommend further assessment.,2025-01-13 00:00:00,Laboratory,RSSB Head Office,Electrical,Critical,14,0,1
f035163c-32b5-42f9-8e96-c64b216b2f3b,Obstacle in walkway at basement (Room 131),"During a walkthrough, staff noticed the obstacle in walkway at basement (room 131). No immediate incident occurred but the potential for injury is significant.",2026-03-07 00:00:00,Workshop,Musanze Mining Corp,Slip/Trip/Fall,Medium,0,1,0
b9b645a8-de44-4751-8872-796b6767909e,Strange noise from generator at west exit (Room 183),The strange noise from generator at west exit (room 183) was observed during routine inspection. This presents a potential risk to staff in the area.,2023-04-13 00:00:00,Maintenance,Kigali Construction Ltd,Machinery,High,8,0,1
2a459d2e-211e-4775-a336-024b7c45d315,Blocked emergency route in rear exit (Room 134),Staff reported the blocked emergency route in rear exit (room 134) at approximately 8am. Site inspection confirmed the hazard. Warning signs posted.,2024-12-25 00:00:00,Production,RSSB Head Office,Fire,High,11,0,1
dda03333-82f5-4997-b6a5-ab38bacb3e5e,Accumulated flammable material near microwave (Zone 13),Report issued by safety rep. The accumulated flammable material near microwave (zone 13) has been reported by multiple staff members. Recommend further assessment.,2024-11-02 00:00:00,Packaging,Bugesera Cement Works,Fire,Critical,2,1,0
e92e9d78-c521-422a-91d5-37bc3b94d065,Exposed hose on industrial mixer at north entrance (Room 108),Staff reported the exposed hose on industrial mixer at north entrance (room 108) at approximately 10am. Site inspection confirmed the hazard. No temporary measures taken.,2025-05-10 00:00:00,Storage Facility,Nyagatare Cattle Ranch,Machinery,Medium,0,1,0
a4443797-406c-461a-bb9b-1608ded20c3f,Improper desk height for microwave in canteen (Room 194),Report issued by safety rep. The improper desk height for microwave in canteen (room 194) has been reported by multiple staff members. Recommend immediate repair.,2025-09-27 00:00:00,Office Complex,Bugesera Cement Works,Ergonomic,High,0,1,0
2b255ba8-fd01-409b-a8c2-24ec6a1c6f9c,Exposed belt on microwave in cafeteria (Room 128),Report issued by team lead. The exposed belt on microwave in cafeteria (room 128) has been reported by multiple staff members. Recommend immediate repair.,2028-03-11 00:00:00,Sanitation,Musanze Mining Corp,Electrical,Low,8,1,1
c9b457ba-5d9b-45eb-8ef0-e6e5c4f2440b,Exposed gear on air conditioner in canteen (Room 176) (similar to report #471),Report issued by employee. The exposed gear on air conditioner in canteen (room 176) (similar to report #471) has been reported by multiple staff members. Recommend further assessment.,2024-11-08 00:00:00,Laboratory,Nyagatare Cattle Ranch,Biological,Medium,7,0,1
76e08c0b-4916-4fed-8cc8-4a291e08e43c,Faulty gear on hydraulic press near assembly line,The faulty gear on hydraulic press near assembly line was observed during routine inspection. This presents a potential risk to staff in the building.,2023-05-11 00:00:00,Workshop,Huye Power Plant,Machinery,Medium,6,0,0
cc77cedb-1f23-4baf-91f5-4fe32279e9fd,Exposed valve on coffee maker in corridor (Room 118),Staff reported the exposed valve on coffee maker in corridor (room 118) at approximately 2pm. Site inspection confirmed the hazard. No temporary measures taken.,2023-03-12 00:00:00,Sanitation,Rwanda Manufacturing Co,Electrical,Critical,1,1,1
a53314c6-c6f2-4935-a79b-eba86d66d163,Flickering lights in front gate near hoist,The flickering lights in front gate near hoist was observed during routine inspection. This presents a potential risk to staff in the building.,2023-03-19 00:00:00,Assembly Line,Rwanda Manufacturing Co,Electrical,High,6,1,0
655cae82-3d15-45c8-b05a-ba5b3da3c91d,Broken pipe on lathe in office (Room 104),Follow-up required on the debris in loading dock near station 19 (room 198). The risk is rated as low due to frequency of use.,2024-10-14 00:00:00,Transport,Huye Power Plant,Machinery,Medium,0,0,0
4dcf8de7-32f7-4705-9422-9c7592503ac4,Loose carpet in stairwell near south wing (Room 197),Report issued by supervisor. The loose carpet in stairwell near south wing (room 197) has been reported by multiple staff members. Recommend review by safety team.,2024-01-17 00:00:00,Administration,Rubavu Logistics Hub,Slip/Trip/Fall,High,3,0,1
76596c5e-470f-4663-a8ce-2f6970b30705,Repetitive strain risk operating boiler at Station 16,The repetitive strain risk operating boiler at station 16 was observed during routine inspection. This presents a potential risk to staff in the building.,2025-03-10 00:00:00,Security,Rubavu Logistics Hub,Ergonomic,Critical,4,0,0
d9d4b66e-5ed9-4225-845f-d5ac3b611db5,Flickering lights in rear exit near computer,,2025-09-22 00:00:00,Workshop,Musanze Mining Corp,Electrical,Critical,3,0,0
584a1d8d-d44e-43de-9846-beaf1cf44899,Broken pipe on compressor in chemical storage (Room 179),Please investigate.,2024-06-02 00:00:00,Kitchen,Musanze Mining Corp,Machinery,High,0,1,0
c39f68cd-070e-4bba-89d6-80c7a56e8120,Spilled industrial glue around main lobby (Room 128),The spilled industrial glue around main lobby (room 128) was observed during routine inspection. This presents a potential risk to staff in the area.,2023-02-17 00:00:00,Workshop,Bugesera Cement Works,Chemical,Medium,2,0,1
d1210334-9833-44fe-8d32-507365828b11,Overloaded power outlet near Station 3 (Room 181),Report issued by supervisor. The overloaded power outlet near station 3 (room 181) has been reported by multiple staff members. Recommend further assessment.,2024-05-24 00:00:00,Workshop,Muhanga Agro-Processing,Electrical,High,4,0,1
6d3253d5-9ce6-470d-b8fb-a8848a1ebd3b,Exposed cables in stairwell near Station 20 (Room 143),This needs fixing urgently.,2024-03-12 00:00:00,Laboratory,Musanze Mining Corp,Slip/Trip/Fall,Medium,7,0,0
1b6851b3-971a-4c1a-b661-698da8dbaa51,Blocked fire exit at rear exit near canteen (Room 133),Staff reported the blocked fire exit at rear exit near canteen (room 133) at approximately 4pm. Site inspection confirmed the hazard. Tape has been placed.,2025-10-09 00:00:00,Kitchen,Nyagatare Cattle Ranch,Fire,Critical,0,0,1
98ce2a93-966d-4293-a183-7a36362acbe9,Repetitive strain risk operating printer at Station 4,Report issued by supervisor. The repetitive strain risk operating printer at station 4 has been reported by multiple staff members. Recommend immediate repair.,2024-03-24 00:00:00,Laboratory,Huye Power Plant,Ergonomic,Low,2,1,0
a783b25a-721d-4c18-85ef-9e69aa777ae9,Exposed sensor on HVAC unit at emergency stairs (Room 174),Report issued by team lead. The exposed sensor on hvac unit at emergency stairs (room 174) has been reported by multiple staff members. Recommend review by safety team.,2024-03-30 00:00:00,Administration,Gasabo Textile Factory,Machinery,Critical,6,1,1
91272b95-5265-4120-af8f-70cdfe85f0b0,Stagnant water near basement causing Insects found,The stagnant water near basement causing insects found was observed during routine inspection. This presents a potential risk to staff in the department.,2023-12-22 00:00:00,Security,Huye Power Plant,Biological,Low,8,0,0
2e6c8ce0-1fe0-4aea-b176-4a91f73fa2b3,Blocked fire exit at perimeter fence near stairwell (Room 127),Staff reported the blocked fire exit at perimeter fence near stairwell (room 127) at approximately 8am. Site inspection confirmed the hazard. No temporary measures taken.,2025-03-01 00:00:00,Laboratory,Rwanda Manufacturing Co,Fire,Critical,1,1,1
e0efbc04-f050-40f2-9321-78a0f404cac0,Exposed casing on hydraulic press at loading bay (Room 182),Staff reported the exposed casing on hydraulic press at loading bay (room 182) at approximately 2pm. Site inspection confirmed the hazard. Warning signs posted.,2024-07-13 00:00:00,Administration,Musanze Mining Corp,Machinery,High,0,1,1
562eef0f-0cdc-42d2-8301-81035258728a,Overloaded power outlet near Station 7 (Zone 1),Follow-up required on the overloaded power outlet near station 7 (zone 1). The danger is rated as medium due to proximity to staff.,2025-07-30 00:00:00,Office Complex,Huye Power Plant,Electrical,Medium,10,0,0
2d6bf287-d364-4582-9ff6-a5acdf386a3a,Blocked fire exit at rooftop near toilet (Room 178),"During a walkthrough, staff noticed the blocked fire exit at rooftop near toilet (room 178). No immediate incident occurred but the potential for injury is significant.",2024-07-10 00:00:00,Assembly Line,Kigali Construction Ltd,Fire,Low,1,0,0
6bf79678-fdc9-4c88-97bc-10915b6fdbfd,Stagnant water near perimeter fence causing Unpleasant odor,"During a walkthrough, staff noticed the stagnant water near perimeter fence causing unpleasant odor. No immediate incident occurred but the potential for injury is significant.",2026-01-13 00:00:00,Packaging,Rubavu Logistics Hub,Biological,Medium,2,0,0
6130f196-5a13-4fa9-8af1-a76d6c83de64,Smoke detector malfunctioning in loading dock (Room 159),Report issued by team lead. The smoke detector malfunctioning in loading dock (room 159) has been reported by multiple staff members. Recommend temporary closure.,2024-07-31 00:00:00,Production,RSSB Head Office,Fire,Critical,6,0,0
4ecb9287-1bc5-4453-93a6-be2143b90acb,Spilled resin around north entrance (Room 195),,2025-10-15 00:00:00,Production,Rwanda Manufacturing Co,Chemical,Critical,1,0,1
a3d61d79-1b24-4eca-b8c7-00292a1358ea,Blocked fire exit at rear exit near warehouse (Room 185),The blocked fire exit at rear exit near warehouse (room 185) was observed during routine inspection. This presents a potential risk to staff in the area.,2025-04-17 00:00:00,Storage Facility,Bugesera Cement Works,Fire,Critical,5,0,1
68c4a6a8-3b44-4277-a9ec-14e882e083e0,Exposed hose on power drill in lobby (Zone 10),Report issued by supervisor. The exposed hose on power drill in lobby (zone 10) has been reported by multiple staff members. Recommend immediate repair.,2025-03-13 00:00:00,Warehouse,Gasabo Textile Factory,Electrical,Critical,0,0,0
55fc1833-cc7b-4101-83fd-9b0e99db158c,Spoiled materials found in toilet (Room 110),The spoiled materials found in toilet (room 110) was observed during routine inspection. This presents a potential risk to staff in the department.,2023-03-25 00:00:00,Workshop,Rubavu Logistics Hub,Biological,Medium,3,1,1
44cd4752-3064-4fa1-b3f2-00f6b79a4314,Loose carpet in cafeteria near south wing (Room 179),The exposed plug on grinder in car park (room 134) (similar to report #2374) was observed during routine inspection. This presents a potential risk to staff in the department.,2025-06-02 00:00:00,Maintenance,Musanze Mining Corp,Slip/Trip/Fall,Low,2,0,0
d514ce2f-5532-4990-9e7e-f9a42d1abc89,Unlabeled degreaser container at west exit (Room 187),Follow-up required on the unlabeled degreaser container at west exit (room 187). The risk is rated as medium due to frequency of use.,2025-05-18 00:00:00,Production,RSSB Head Office,Chemical,Medium,7,1,0
a5d7b95c-8bf6-412f-9a03-ab7fd93321d7,Sparks observed from power drill in car park (Room 111) (similar to report #2063),"During a walkthrough, staff noticed the sparks observed from power drill in car park (room 111) (similar to report #2063). No immediate incident occurred but the potential for injury is significant.",2023-06-06 00:00:00,Loading Bay,Musanze Mining Corp,Machinery,Medium,0,0,0
18c7bae5-b2c5-4136-8a05-5bd9c0733b4c,Awkward lifting position at rear exit in server room (Room 124),Staff reported the awkward lifting position at rear exit in server room (room 124) at approximately 10am. Site inspection confirmed the hazard. No temporary measures taken.,2024-11-11 00:00:00,Loading Bay,Muhanga Agro-Processing,Ergonomic,High,1,0,0
f8bfc01a-2053-4335-8bc7-17b48491e5a5,Spoiled materials found in car park (Zone 5),The spoiled materials found in car park (zone 5) was observed during routine inspection. This presents a potential risk to staff in the department.,2023-12-25 00:00:00,Sanitation,Muhanga Agro-Processing,Biological,Medium,4,0,0
26c652f2-0f5d-493c-925a-a8f56717465a,Spoiled materials found in server room (Zone 8),Follow-up required on the spoiled materials found in server room (zone 8). The danger is rated as medium due to exposure levels.,2025-09-30 00:00:00,Workshop,Nyagatare Cattle Ranch,Biological,Medium,4,0,1
c92fff73-5d93-43c6-8c5b-37d0d3aaae61,Unsafe operation of crane in storage room (Room 196),I'm concerned about this.,2023-12-04 00:00:00,Warehouse,Bugesera Cement Works,Machinery,Medium,1,0,1
2d9ae911-ca82-4e38-b730-92892a263eab,Fumes from paint thinner near Station 7 (Room 181),"During a walkthrough, staff noticed the fumes from paint thinner near station 7 (room 181). No immediate incident occurred but the potential for harm is significant.",2024-04-21 00:00:00,Maintenance,Gasabo Textile Factory,Chemical,High,8,1,1
0217b442-a8c8-459e-a868-0ea45634a8f0,Loose carpet in storage room near loading bay (Room 174),Can someone look at this?,2023-05-25 00:00:00,Warehouse,Bugesera Cement Works,Slip/Trip/Fall,Low,0,0,0
28be2dbb-f1bc-4da3-9a85-91b5716d2806,Cluttered floor space around shredder at west exit,"During a walkthrough, staff noticed the cluttered floor space around shredder at west exit. No immediate incident occurred but the potential for injury is significant.",2026-10-29 00:00:00,Transport,Nyagatare Cattle Ranch,Slip/Trip/Fall,High,0,0,0
bad4191f-64a7-4cdd-b70c-05079dc5a866,Smoke detector malfunctioning in break room (Room 169),Can someone look at this?,2026-05-18 00:00:00,Office Complex,Huye Power Plant,Fire,High,0,0,0
fe8d69fe-1bb8-412d-9696-85eadee219c8,Unsafe operation of pump system in server room (Room 159),Report issued by team lead. The unsafe operation of pump system in server room (room 159) has been reported by multiple staff members. Recommend temporary closure.,2023-02-16 00:00:00,Maintenance,RSSB Head Office,Machinery,Medium,1,0,1
8d4cf769-9327-4da1-9a31-caffc2ee3972,Smoke detector malfunctioning in maintenance bay (Room 101),The smoke detector malfunctioning in maintenance bay (room 101) was observed during routine inspection. This presents a potential risk to staff in the building.,2024-05-03 00:00:00,Maintenance,Nyagatare Cattle Ranch,Fire,High,9,0,1
c4b940c7-4b2a-4fbe-b7e2-72014c964c31,Fumes from industrial glue near control panel (Room 101),Report issued by employee. The fumes from industrial glue near control panel (room 101) has been reported by multiple staff members. Recommend immediate repair.,2025-03-29 00:00:00,Laboratory,Rubavu Logistics Hub,Chemical,High,2,1,0
24d3c380-cab4-42f9-9e62-cbff42f3f101,Faulty plug on motor near Station 11,The faulty plug on motor near station 11 was observed during routine inspection. This presents a potential risk to staff in the department.,2023-01-14 00:00:00,Quality Control,Kigali Construction Ltd,Machinery,Critical,5,1,0
3c8579a3-93d9-4319-8f34-5f8d12d5c755,Loose carpet in office near south wing (Room 115),"During a walkthrough, staff noticed the loose carpet in office near south wing (room 115). No immediate incident occurred but the potential for damage is significant.",2023-10-24 00:00:00,Quality Control,Rwanda Manufacturing Co,Slip/Trip/Fall,Low,0,0,0
fc6f4f80-72b1-4798-bbca-ed3fd47320ce,Spoiled materials found in corridor (Room 173),The spoiled materials found in corridor (room 173) was observed during routine inspection. This presents a potential risk to staff in the department.,2024-06-09 00:00:00,Kitchen,Kigali Construction Ltd,Biological,High,12,1,1
452c69a4-c47c-48e2-95fe-4cc3d32c37c2,Stagnant water near front gate causing Insects found,Report issued by employee. The improper storage of industrial glue in maintenance bay (room 116) has been reported by multiple staff members. Recommend temporary closure.,2025-10-10 00:00:00,Administration,Muhanga Agro-Processing,Biological,Low,1,0,1
634e91b0-273c-4f85-85d1-efcc206b995a,Biological waste disposal issue in lobby (Room 198),The accumulated flammable material near server rack (room 105) was observed during routine inspection. This presents a potential risk to staff in the department.,2023-06-24 00:00:00,Laboratory,Musanze Mining Corp,Biological,Low,7,1,1
8e2c24a0-8bca-4fcc-9338-770ca9daea01,Sparks observed from server rack in assembly area (Room 144),Report issued by employee. The sparks observed from server rack in assembly area (room 144) has been reported by multiple staff members. Recommend review by safety team.,2023-10-10 00:00:00,Packaging,Huye Power Plant,Electrical,High,2,0,1
581cf224-d361-4ac7-8574-a3080041928b,Insects found in loading dock near main lobby (Room 170),"During a walkthrough, staff noticed the insects found in loading dock near main lobby (room 170). No immediate incident occurred but the potential for harm is significant.",2025-08-30 00:00:00,Storage Facility,RSSB Head Office,Biological,High,2,1,0
55c41ada-7a82-49f8-8b15-3ff04ca05067,Faulty belt on HVAC unit near dispatch area,"During a walkthrough, staff noticed the faulty belt on hvac unit near dispatch area. No immediate incident occurred but the potential for harm is significant.",2024-02-04 00:00:00,Storage Facility,Musanze Mining Corp,Machinery,Critical,8,1,0
ce93e273-8902-4308-986c-8bde432f052c,Check required,The check required was observed during routine inspection. This presents a potential risk to staff in the area.,2025-07-14 00:00:00,Storage Facility,Kigali Construction Ltd,Fire,Critical,2,0,1
0deef206-09fe-4218-885e-7e1c1dd636a7,Faulty pipe on hydraulic press near dispatch area,"During a walkthrough, staff noticed the faulty pipe on hydraulic press near dispatch area. No immediate incident occurred but the potential for harm is significant.",2025-04-30 00:00:00,Kitchen,Musanze Mining Corp,Machinery,High,8,0,0
13ea955c-25f7-46e7-98ea-6a9e4d47abaf,Unsafe operation of drill press in assembly area (Zone 11),"During a walkthrough, staff noticed the unsafe operation of drill press in assembly area (zone 11). No immediate incident occurred but the potential for injury is significant.",2027-02-18 00:00:00,Kitchen,Rwanda Manufacturing Co,Machinery,Medium,8,0,0
5c41a184-1b3a-4973-8a70-6709afa82f6b,Unlabeled paint thinner container at rear exit (Room 122),The unlabeled paint thinner container at rear exit (room 122) was observed during routine inspection. This presents a potential risk to staff in the department.,2023-04-22 00:00:00,Warehouse,Rwanda Manufacturing Co,Chemical,Critical,2,1,1
8d03a90c-1073-46cb-aeb2-63ee22dc1a5f,Damaged power cord on printer at service elevator (Room 181),"During a walkthrough, staff noticed the damaged power cord on printer at service elevator (room 181). No immediate incident occurred but the potential for harm is significant.",2024-05-10 00:00:00,Workshop,Bugesera Cement Works,Electrical,High,3,0,0
7b27ead1-9375-4cd8-82b9-d6c3acb1466f,Problem with equipment,Follow-up required on the problem with equipment. The danger is rated as medium due to frequency of use.,2023-06-30 00:00:00,Production,Kigali Construction Ltd,Biological,Medium,4,0,0
c714475e-e1b8-4a07-a6fd-1a52bdb2cfcc,Faulty pipe on conveyor belt near reception,The faulty pipe on conveyor belt near reception was observed during routine inspection. This presents a potential risk to staff in the department.,2026-02-21 00:00:00,Workshop,Rubavu Logistics Hub,Machinery,High,1,1,1
d339c524-65d4-4d94-a31b-98e85e27e42a,Biological waste disposal issue in production floor (Room 118),Report issued by team lead. The tripping hazard in loading dock near station 5 (sector g) has been reported by multiple staff members. Recommend review by safety team.,2025-12-27 00:00:00,Administration,Musanze Mining Corp,Biological,High,1,1,1
4f553e46-d79f-4733-beed-46be48e6170a,Awkward lifting position at main corridor in storage room (Room 125),Report issued by supervisor. The awkward lifting position at main corridor in storage room (room 125) has been reported by multiple staff members. Recommend review by safety team.,2024-06-04 00:00:00,Warehouse,Muhanga Agro-Processing,Ergonomic,Low,4,0,0
588d607f-11d5-46fd-aa61-90bfc896b8f6,Uncontained industrial glue near lobby (Room 191),Follow-up required on the uncontained industrial glue near lobby (room 191). The severity is rated as high due to proximity to staff.,2025-01-11 00:00:00,Loading Bay,Bugesera Cement Works,Chemical,High,1,1,0
8de0539c-6719-4515-ba37-b4f1a7007929,Cluttered floor space around coffee maker at perimeter fence,Staff reported the cluttered floor space around coffee maker at perimeter fence at approximately 2pm. Site inspection confirmed the hazard. Warning signs posted.,2024-11-28 00:00:00,Laboratory,Nyagatare Cattle Ranch,Slip/Trip/Fall,Low,0,0,0
f92cd262-9c79-4f96-b75e-de4840344ee5,Biological waste disposal issue in workshop (Room 124),Please investigate.,2025-11-05 00:00:00,Transport,Kigali Construction Ltd,Biological,High,0,0,0
f30adc5d-9c93-4744-87ac-baafbfd33d56,Smoke detector malfunctioning in assembly area (Zone 5),"During a walkthrough, staff noticed the smoke detector malfunctioning in assembly area (zone 5). No immediate incident occurred but the potential for damage is significant.",2025-04-15 00:00:00,Storage Facility,Musanze Mining Corp,Fire,Critical,0,0,0
789083a1-6b8c-4522-b51b-697ae7d0cc39,Exposed display on server rack in cafeteria (Room 149),Report issued by employee. The exposed display on server rack in cafeteria (room 149) has been reported by multiple staff members. Recommend review by safety team.,2024-06-04 00:00:00,Storage Facility,Bugesera Cement Works,Electrical,High,4,0,1
18aee0f8-cef2-482e-94c1-a92708b7925b,Bacterial contamination risk in car park near west exit (Room 177),Follow-up required on the bacterial contamination risk in car park near west exit (room 177). The danger is rated as low due to exposure levels.,2024-05-24 00:00:00,Storage Facility,Muhanga Agro-Processing,Biological,Low,1,0,0
762a52a5-74d1-4443-8300-eb55ed5c6f4d,Leakage from resin near break room (Zone 2),The leakage from resin near break room (zone 2) was observed during routine inspection. This presents a potential risk to staff in the area.,2025-09-30 00:00:00,Packaging,Gasabo Textile Factory,Chemical,High,6,0,1
590d7158-0e02-49f8-8f4b-3be47b0db526,Poorly adjusted chair at Station 3 in storage room (Room 102),,2024-03-04 00:00:00,Warehouse,Kigali Construction Ltd,Ergonomic,High,1,0,0
5c541006-fec9-417c-bfb9-df62e706771b,Wet floor in stairwell near Station 5 (Room 141),"During a walkthrough, staff noticed the wet floor in stairwell near station 5 (room 141). No immediate incident occurred but the potential for harm is significant.",2024-11-20 00:00:00,Storage Facility,RSSB Head Office,Slip/Trip/Fall,Medium,1,0,0
c120c1ea-f2e8-4d91-80df-e65beb043978,Exposed filter on hoist in corridor (Room 104),"During a walkthrough, staff noticed the exposed filter on hoist in corridor (room 104). No immediate incident occurred but the potential for injury is significant.",2023-06-19 00:00:00,Administration,Rwanda Manufacturing Co,Electrical,High,7,0,0
daa0f070-539f-48f1-aadb-d044762144e6,Sparks observed from hand truck in car park (Room 166),Staff reported the sparks observed from hand truck in car park (room 166) at approximately 2pm. Site inspection confirmed the hazard. No temporary measures taken.,2024-07-16 00:00:00,Sanitation,Muhanga Agro-Processing,Electrical,High,7,0,0
aedbbb7a-6d90-409f-a9b4-c675811de8c6,Faulty fire extinguisher in production floor (Room 181),,2024-09-09 00:00:00,Transport,Bugesera Cement Works,Fire,Critical,3,0,0
3d853b13-29eb-4320-ad33-effc0ba4e9e6,Stagnant water near main corridor causing Mold growth (similar to report #1638),Follow-up required on the stagnant water near main corridor causing mold growth (similar to report #1638). The risk is rated as medium due to frequency of use.,2025-06-14 00:00:00,Loading Bay,Gasabo Textile Factory,Machinery,Medium,1,1,0
f716172b-d240-42c9-ab6d-8aff4fa25b94,Improper storage of bleach in stairwell (Room 101),Report issued by employee. The improper storage of bleach in stairwell (room 101) has been reported by multiple staff members. Recommend immediate repair.,2026-05-06 00:00:00,Packaging,Huye Power Plant,Chemical,Critical,7,0,0
b63caabc-b8f6-429c-ad85-1b752b6695c1,Overloaded power outlet near Station 15 (Room 164),Report issued by employee. The overloaded power outlet near station 15 (room 164) has been reported by multiple staff members. Recommend further assessment.,2024-10-12 00:00:00,Maintenance,Kigali Construction Ltd,Electrical,Critical,1,1,1
2d8ee207-f933-4ac9-9eba-63e3ab3a59de,Poorly adjusted chair at Station 9 in canteen (Sector B),,2023-01-07 00:00:00,Storage Facility,Muhanga Agro-Processing,Ergonomic,Low,4,1,1
7964f7c6-d946-49a9-aea6-dc8ad865bf81,Cluttered floor space around grinder at north entrance,Follow-up required on the cluttered floor space around grinder at north entrance. The danger is rated as low due to frequency of use.,2025-07-22 00:00:00,Laboratory,Gasabo Textile Factory,Slip/Trip/Fall,Low,6,0,1
f5fdb869-3309-4824-90d3-91f110c4477d,Fumes from resin near Station 7 (Zone 7),The fumes from resin near station 7 (zone 7) was observed during routine inspection. This presents a potential risk to staff in the building.,2024-05-03 00:00:00,Maintenance,Huye Power Plant,Chemical,High,8,0,0
3cefd0c0-380c-4ec8-8764-5f706856f58c,Faulty motor on generator near Station 16,The faulty motor on generator near station 16 was observed during routine inspection. This presents a potential risk to staff in the department.,2025-10-15 00:00:00,Kitchen,Musanze Mining Corp,Machinery,Medium,0,0,0
7d6bab95-e7c5-4b02-abba-e193a6fe6df9,Cluttered floor space around boiler at front gate,Follow-up required on the cluttered floor space around boiler at front gate. The severity is rated as high due to exposure levels.,2026-03-12 00:00:00,Security,Nyagatare Cattle Ranch,Slip/Trip/Fall,High,3,0,1
d4ba3aee-98d4-44d6-8bd5-5353fa58d5da,Biological waste disposal issue in toilet (Room 184),Can someone look at this?,2023-10-25 00:00:00,Administration,Huye Power Plant,Biological,Low,1,0,0
8a6d805f-8fca-4564-bcad-5ee7da224206,Broken motor on HVAC unit in storage room (Zone 3),Follow-up required on the broken motor on hvac unit in storage room (zone 3). The severity is rated as medium due to proximity to staff.,2023-09-25 00:00:00,Quality Control,Rwanda Manufacturing Co,Machinery,Medium,1,0,0
98f9d119-fe98-4b77-a48e-a976883eb874,Unsafe operation of CNC machine in break room (Room 175),Report issued by team lead. The unsafe operation of cnc machine in break room (room 175) has been reported by multiple staff members. Recommend review by safety team.,2024-10-28 00:00:00,Maintenance,Bugesera Cement Works,Machinery,Critical,2,0,0
d2362f0a-8133-4148-b061-b4e33e434d39,Sparks observed from grinder in cafeteria (Zone 5),Follow-up required on the sparks observed from grinder in cafeteria (zone 5). The severity is rated as high due to lack of protection.,2025-06-03 00:00:00,Warehouse,Musanze Mining Corp,Electrical,High,15,0,0
ed69df69-16c4-416e-be13-d08b955d373b,Biological waste disposal issue in canteen (Room 129),Report issued by employee. The fumes from bleach near station 13 (room 153) has been reported by multiple staff members. Recommend review by safety team.,2028-05-31 00:00:00,Workshop,Muhanga Agro-Processing,Biological,High,1,0,0
700ceda8-4202-4201-ad07-5518080ebbb3,Awkward lifting position at basement in workshop (Room 118),Staff reported the awkward lifting position at basement in workshop (room 118) at approximately 4pm. Site inspection confirmed the hazard. Tape has been placed.,2025-12-25 00:00:00,Quality Control,Rwanda Manufacturing Co,Ergonomic,High,8,0,1
b6c5b2a8-194c-45e5-99de-c4f78f494b06,Faulty fire extinguisher in chemical storage (Room 167),"During a walkthrough, staff noticed the faulty fire extinguisher in chemical storage (room 167). No immediate incident occurred but the potential for damage is significant.",2023-06-03 00:00:00,Loading Bay,Bugesera Cement Works,Fire,Critical,4,1,0
d8c0237a-7f61-4c9f-be7d-b568dcdce6f0,Smoke detector malfunctioning in assembly area (Sector E),The smoke detector malfunctioning in assembly area (sector e) was observed during routine inspection. This presents a potential risk to staff in the area.,2025-11-30 00:00:00,Transport,Musanze Mining Corp,Fire,High,3,1,0
ff892456-d57a-4441-b44d-486223a592dc,Rodent sightings in maintenance bay near rooftop (Sector C),"During a walkthrough, staff noticed the rodent sightings in maintenance bay near rooftop (sector c). No immediate incident occurred but the potential for harm is significant.",2026-05-02 00:00:00,Sanitation,Rubavu Logistics Hub,Biological,Medium,8,1,0
bdd786a6-ad5a-4bbc-a0dd-7b13b13222cf,Exposed wire on crusher at main corridor (Room 128),"During a walkthrough, staff noticed the exposed wire on crusher at main corridor (room 128). No immediate incident occurred but the potential for injury is significant.",2024-06-27 00:00:00,Office Complex,Muhanga Agro-Processing,Machinery,High,5,0,0
f970f654-1dbd-4d4f-9693-b7b3f2d40aab,Faulty fire extinguisher in lobby (Room 155),Follow-up required on the faulty fire extinguisher in lobby (room 155). The severity is rated as critical due to lack of protection.,2025-08-25 00:00:00,Workshop,Rubavu Logistics Hub,Fire,Critical,6,0,1
8cdc121f-6403-4cb5-a010-b61c2ca0a2ef,Unlabeled paint thinner container at service elevator (Room 104),Report issued by team lead. The unlabeled paint thinner container at service elevator (room 104) has been reported by multiple staff members. Recommend temporary closure.,2024-08-17 00:00:00,Sanitation,Huye Power Plant,Chemical,High,3,1,0
8e3c7900-65e1-48e8-838d-63c93b48b7de,Blocked emergency route in perimeter fence (Room 176),"During a walkthrough, staff noticed the blocked emergency route in perimeter fence (room 176). No immediate incident occurred but the potential for harm is significant.",2023-11-08 00:00:00,Production,RSSB Head Office,Fire,High,0,0,0
906af85d-a4d6-4b92-8580-dbd1a5a8897c,Pooling of cleaning agent near office (Room 161),Report issued by team lead. The pooling of cleaning agent near office (room 161) has been reported by multiple staff members. Recommend review by safety team.,2024-01-24 00:00:00,Warehouse,Nyagatare Cattle Ranch,Chemical,Medium,0,0,0
22c85651-dada-4f50-8bfb-88cd475712e3,Poorly adjusted chair at Station 1 in break room (Room 178),Staff reported the poorly adjusted chair at station 1 in break room (room 178) at approximately 10am. Site inspection confirmed the hazard. Warning signs posted.,2026-01-31 00:00:00,Storage Facility,RSSB Head Office,Ergonomic,Medium,11,1,0
9b0250b7-123d-46ed-9992-156f8a9f59e1,Traces of acids near corridor (Room 185),"During a walkthrough, staff noticed the traces of acids near corridor (room 185). No immediate incident occurred but the potential for harm is significant.",2024-08-08 00:00:00,Warehouse,Musanze Mining Corp,Chemical,High,3,0,0
5ecc10c0-00e2-40b8-9adb-9d8269e0886b,Faulty fire extinguisher in server room (Room 131),Follow-up required on the exposed switch on air conditioner in workshop (room 149). The risk is rated as high due to frequency of use.,2025-04-08 00:00:00,Production,Rubavu Logistics Hub,Fire,Critical,3,0,1
b568aae2-9a17-4365-abd6-533ea1d4cfdd,Spilled solvents around receiving dock (Room 161) (similar to report #119),Report issued by employee. The spilled solvents around receiving dock (room 161) (similar to report #119) has been reported by multiple staff members. Recommend further assessment.,2024-10-20 00:00:00,Sanitation,Rubavu Logistics Hub,Slip/Trip/Fall,Medium,0,1,0
0240e8e7-d959-4f1c-a264-29797fa71e97,Cluttered floor space around hand truck at north entrance,"During a walkthrough, staff noticed the cluttered floor space around hand truck at north entrance. No immediate incident occurred but the potential for harm is significant.",2025-09-15 00:00:00,Transport,Nyagatare Cattle Ranch,Slip/Trip/Fall,Low,0,0,1
a9817ad8-62a8-41d3-b24e-af1d7af270df,Safety violation spotted,"During a walkthrough, staff noticed the traces of industrial glue near server room (room 192). No immediate incident occurred but the potential for harm is significant.",2025-11-09 00:00:00,Packaging,Kigali Construction Ltd,Fire,Critical,1,1,0
06033d83-a8e7-4be7-afd3-c34f0779f8eb,Spilled liquid in warehouse near Station 20 (Room 166),Follow-up required on the spilled liquid in warehouse near station 20 (room 166). The severity is rated as low due to proximity to staff.,2024-02-24 00:00:00,Administration,Huye Power Plant,Slip/Trip/Fall,Low,0,1,0
2de14b6f-01d5-497b-9ec2-4f009050a975,Poorly adjusted chair at Station 19 in server room (Room 142),,2025-03-23 00:00:00,Packaging,Nyagatare Cattle Ranch,Ergonomic,Low,3,1,0
9c3924a1-6e70-44ac-912d-ee524fee3e9f,Fumes from solvents near Station 6 (Room 177),Staff reported the fumes from solvents near station 6 (room 177) at approximately 10am. Site inspection confirmed the hazard. Tape has been placed.,2023-04-24 00:00:00,Packaging,Rubavu Logistics Hub,Chemical,Medium,8,0,0
1747f90e-ee5a-4f6f-ac05-1f9a7285056a,Obstacle in walkway at perimeter fence (Room 110),Follow-up required on the obstacle in walkway at perimeter fence (room 110). The severity is rated as high due to proximity to staff.,2023-07-15 00:00:00,Loading Bay,RSSB Head Office,Slip/Trip/Fall,High,2,1,0
a1b34092-23f4-4dce-a1d5-b98862a1caab,Stagnant water near main lobby causing Rodent sightings,"During a walkthrough, staff noticed the stagnant water near main lobby causing rodent sightings. No immediate incident occurred but the potential for harm is significant.",2026-03-11 00:00:00,Laboratory,Huye Power Plant,Biological,Medium,4,0,0
e4a52c30-8e43-4d58-91a9-ec6e7add19f1,Spilled pesticides around basement (Room 188),Report issued by supervisor. The spilled pesticides around basement (room 188) has been reported by multiple staff members. Recommend further assessment.,2023-01-19 00:00:00,Assembly Line,Musanze Mining Corp,Chemical,High,8,0,0
1e1a7a43-5d7c-4056-b487-72546feb0f4f,Exposed connector on printer in corridor (Room 105),Staff reported the exposed connector on printer in corridor (room 105) at approximately 2pm. Site inspection confirmed the hazard. Tape has been placed.,2025-04-03 00:00:00,Warehouse,Musanze Mining Corp,Electrical,Critical,1,0,0
e7cd3f57-21a8-4de4-8804-b79c22f97c66,Exposed pipe on coffee maker in server room (Room 197),"During a walkthrough, staff noticed the exposed pipe on coffee maker in server room (room 197). No immediate incident occurred but the potential for harm is significant.",2024-07-07 00:00:00,Production,Kigali Construction Ltd,Electrical,Critical,0,1,0
2920a4d1-b30d-40bf-8eff-c5909adbd11c,Overloaded power outlet near assembly line (Room 196),Follow-up required on the overloaded power outlet near assembly line (room 196). The severity is rated as critical due to exposure levels.,2024-07-28 00:00:00,Workshop,Gasabo Textile Factory,Electrical,Critical,5,1,1
e95ec0ce-0cc5-438c-ad62-853959b971dd,Stagnant water near rooftop causing Unpleasant odor,Report issued by team lead. The stagnant water near rooftop causing unpleasant odor has been reported by multiple staff members. Recommend further assessment.,2024-01-12 00:00:00,Laboratory,Rubavu Logistics Hub,Biological,Low,5,0,0
1108920e-f15e-4f0f-820a-50c5dd3023f3,Fumes from chlorine near Station 6 (Room 198),Report issued by team lead. The fumes from chlorine near station 6 (room 198) has been reported by multiple staff members. Recommend further assessment.,2023-08-30 00:00:00,Security,Nyagatare Cattle Ranch,Chemical,Critical,0,0,1
8d854ff9-1db0-4418-bf8e-6bb21dd9e162,Stagnant water near south wing causing Fungal spread,,2025-05-28 00:00:00,Packaging,Gasabo Textile Factory,Biological,High,3,0,1
efb56b7f-1e13-44c0-8967-fda9f5fef7e5,Damaged power cord on microwave at emergency stairs (Room 180),The damaged power cord on microwave at emergency stairs (room 180) was observed during routine inspection. This presents a potential risk to staff in the department.,2023-11-12 00:00:00,Packaging,Kigali Construction Ltd,Electrical,Critical,4,1,1
514f83c0-adf7-441e-9b9d-b311e4fc8cbb,Improper storage of solvents in workshop (Zone 5),Report issued by supervisor. The improper storage of solvents in workshop (zone 5) has been reported by multiple staff members. Recommend further assessment.,2025-07-18 00:00:00,Production,Bugesera Cement Works,Chemical,High,1,0,0
155e5cf1-2130-49e1-bbb4-af4b3c7edaf1,Mold growth in loading dock near rooftop (Room 129),This needs fixing urgently.,2027-02-02 00:00:00,Sanitation,Rubavu Logistics Hub,Biological,High,2,0,0
f852951d-d371-4b31-a689-5a8c687b9477,Spilled industrial glue around service elevator (Room 153),Follow-up required on the spilled industrial glue around service elevator (room 153). The danger is rated as critical due to exposure levels.,2023-04-12 00:00:00,Packaging,Nyagatare Cattle Ranch,Chemical,Critical,0,0,0
49262ff1-d130-4346-ad88-ad30a5c52bc6,Poorly adjusted chair at Station 2 in chemical storage (Room 155),Staff reported the poorly adjusted chair at station 2 in chemical storage (room 155) at approximately 10am. Site inspection confirmed the hazard. Tape has been placed.,2023-05-22 00:00:00,Security,Huye Power Plant,Ergonomic,High,9,0,1
052547f3-69c7-4cb7-8aa8-6a669271a45d,Unsafe operation of generator in cafeteria (Room 189),"During a walkthrough, staff noticed the unsafe operation of generator in cafeteria (room 189). No immediate incident occurred but the potential for harm is significant.",2024-12-25 00:00:00,Assembly Line,Musanze Mining Corp,Machinery,High,14,0,0
7af30711-1630-4996-a964-2db5a537d892,Spill of industrial glue near car park (Zone 11),"During a walkthrough, staff noticed the spill of industrial glue near car park (zone 11). No immediate incident occurred but the potential for harm is significant.",2025-09-17 00:00:00,Office Complex,Musanze Mining Corp,Chemical,High,7,0,0
6f3306f5-317c-45a2-a4f2-16eb23f409f2,Exposed pipe on crusher at west exit (Room 176),I'm concerned about this.,2026-01-31 00:00:00,Assembly Line,Rubavu Logistics Hub,Machinery,Medium,0,1,0
a0422b5b-64e8-47b1-b3cf-05753d255857,Faulty fire extinguisher in maintenance bay (Room 143),Follow-up required on the faulty fire extinguisher in maintenance bay (room 143). The severity is rated as high due to frequency of use.,2024-12-06 00:00:00,Workshop,Rwanda Manufacturing Co,Fire,High,0,0,1
5550c6cd-27c9-4793-9eb3-5fef13db6946,Obstacle in walkway at east wing (Room 123),The obstacle in walkway at east wing (room 123) was observed during routine inspection. This presents a potential risk to staff in the building.,2025-03-08 00:00:00,Workshop,Rwanda Manufacturing Co,Slip/Trip/Fall,Low,2,1,0
a57468f3-f2e8-4fbc-910d-2b069a91629b,Blocked emergency route in south wing (Room 135),The blocked emergency route in south wing (room 135) was observed during routine inspection. This presents a potential risk to staff in the area.,2024-08-31 00:00:00,Warehouse,Rubavu Logistics Hub,Fire,Critical,2,1,1
ef7a3fc2-a696-4fe1-bfd5-8deece61e76b,Loose tiles in canteen near Station 4 (Room 143),Follow-up required on the loose tiles in canteen near station 4 (room 143). The severity is rated as high due to lack of protection.,2023-05-18 00:00:00,Workshop,Musanze Mining Corp,Slip/Trip/Fall,High,2,0,1
ccd59bf0-af1b-4670-83b9-9ca65489a69f,Obstacle in walkway at main corridor (Room 135),Staff reported the obstacle in walkway at main corridor (room 135) at approximately 4pm. Site inspection confirmed the hazard. No temporary measures taken.,2024-05-31 00:00:00,Transport,Kigali Construction Ltd,Slip/Trip/Fall,Low,1,0,0
01d6eb1a-a0b7-454d-a8cf-2c9d9f98e9d1,Spilled pesticides around perimeter fence (Room 142),The spilled pesticides around perimeter fence (room 142) was observed during routine inspection. This presents a potential risk to staff in the area.,2026-04-29 00:00:00,Administration,Nyagatare Cattle Ranch,Chemical,Medium,1,0,0
671398a1-d879-4620-ad9e-447102a0b90d,Strange noise from conveyor belt at basement (Room 103),Report issued by safety rep. The strange noise from conveyor belt at basement (room 103) has been reported by multiple staff members. Recommend review by safety team.,2023-06-09 00:00:00,Administration,RSSB Head Office,Machinery,High,7,0,0
6051735e-73d6-422b-a90d-0bbf18e985bb,Exposed plug on hydraulic press at service elevator (Room 149),Staff reported the exposed plug on hydraulic press at service elevator (room 149) at approximately 8am. Site inspection confirmed the hazard. Tape has been placed.,2025-04-20 00:00:00,Office Complex,Musanze Mining Corp,Machinery,High,14,1,1
8ad2acdd-5316-4108-bd07-82bfcf8fa9f1,Awkward lifting position at west exit in production floor (Room 177),Report issued by employee. The awkward lifting position at west exit in production floor (room 177) has been reported by multiple staff members. Recommend review by safety team.,2025-02-10 00:00:00,Security,Bugesera Cement Works,Ergonomic,High,5,0,0
099db8d2-8e2d-4606-bce1-f3d4dead5d01,Biological waste disposal issue in warehouse (Room 182),Report issued by employee. The biological waste disposal issue in warehouse (room 182) has been reported by multiple staff members. Recommend review by safety team.,2023-01-23 00:00:00,Assembly Line,Musanze Mining Corp,Biological,Low,5,0,0
bba9a340-2b01-46ee-be9d-bffe7d3152b0,Improper desk height for printer in corridor (Room 187),Follow-up required on the improper desk height for printer in corridor (room 187). The severity is rated as high due to proximity to staff.,2025-06-23 00:00:00,Warehouse,RSSB Head Office,Ergonomic,High,0,0,1
02c7c721-c587-4d09-8836-75701d5a3ef7,Spilled lubricant around service elevator (Room 196),I'm concerned about this.,2023-02-07 00:00:00,Kitchen,Nyagatare Cattle Ranch,Chemical,Critical,0,0,0
e6998500-5b5d-4149-a9b4-a5bccc1bbb88,Spilled resin around loading bay (Room 183),"During a walkthrough, staff noticed the spilled resin around loading bay (room 183). No immediate incident occurred but the potential for harm is significant.",2026-05-29 00:00:00,Packaging,Rwanda Manufacturing Co,Chemical,Critical,0,0,1
b81a920f-e793-4901-b2a7-d1754d4b924f,Sparks observed from ventilator in canteen (Room 143),Report issued by employee. The sparks observed from ventilator in canteen (room 143) has been reported by multiple staff members. Recommend review by safety team.,2023-02-15 00:00:00,Assembly Line,Huye Power Plant,Electrical,Critical,7,0,0
001e6329-c37a-41b5-a556-958731d81ee6,Stagnant water near loading bay causing Mold growth,Can someone look at this?,2023-06-28 00:00:00,Packaging,RSSB Head Office,Biological,Medium,3,0,0
d88e002b-c038-4d7c-a501-f4336b2dec3a,Improper storage of bleach in stairwell (Room 165) (similar to report #758),Staff reported the improper storage of bleach in stairwell (room 165) (similar to report #758) at approximately 2pm. Site inspection confirmed the hazard. Tape has been placed.,2024-11-08 00:00:00,Loading Bay,RSSB Head Office,Slip/Trip/Fall,High,1,0,1
07651a8c-aedf-4a8e-a344-318b06ddbc5d,Repetitive strain risk operating grinder at dispatch area,The repetitive strain risk operating grinder at dispatch area was observed during routine inspection. This presents a potential risk to staff in the area.,2024-01-06 00:00:00,Workshop,Rwanda Manufacturing Co,Ergonomic,Medium,0,1,0
ee7f514a-379e-4f65-b8d4-10d739aeaaac,Loose tiles in toilet near Station 17 (Zone 10),Staff reported the loose tiles in toilet near station 17 (zone 10) at approximately 8am. Site inspection confirmed the hazard. Warning signs posted.,2024-10-29 00:00:00,Security,Rubavu Logistics Hub,Slip/Trip/Fall,High,4,0,1
9b5a8731-5398-4abf-9c4f-85f76aade80e,Spilled epoxy around rooftop (Sector E),"During a walkthrough, staff noticed the sparks observed from microwave in lobby (room 144). No immediate incident occurred but the potential for damage is significant.",2026-03-09 00:00:00,Quality Control,Bugesera Cement Works,Chemical,Critical,2,0,0
9f21224c-08f0-44c2-88ba-61fe4aab0e55,Debris in assembly area near control panel (Zone 9),"During a walkthrough, staff noticed the debris in assembly area near control panel (zone 9). No immediate incident occurred but the potential for injury is significant.",2024-08-11 00:00:00,Security,RSSB Head Office,Slip/Trip/Fall,Medium,1,1,0
cc908432-9a91-4eb4-9011-c454b5ca07a3,Stagnant water near west exit causing Fungal spread,Follow-up required on the stagnant water near west exit causing fungal spread. The severity is rated as medium due to lack of protection.,2025-10-25 00:00:00,Workshop,Bugesera Cement Works,Biological,Medium,7,1,0
5250ec45-9bd4-410c-a64c-d2024c4f7858,Exposed motor on packaging unit at rear exit (Room 152),Follow-up required on the exposed motor on packaging unit at rear exit (room 152). The risk is rated as critical due to frequency of use.,2026-04-27 00:00:00,Storage Facility,Musanze Mining Corp,Machinery,Critical,2,0,1
dca3d009-ef02-4c01-9055-b8452adcafcc,Awkward lifting position at rear exit in cafeteria (Room 152),"During a walkthrough, staff noticed the awkward lifting position at rear exit in cafeteria (room 152). No immediate incident occurred but the potential for injury is significant.",2024-03-16 00:00:00,Quality Control,Rubavu Logistics Hub,Ergonomic,Medium,2,1,0
b787daff-0e10-4b6d-9045-3588954a62f2,Exposed gear on grinder in chemical storage (Room 141),Staff reported the unsafe operation of milling machine in office (room 159) at approximately 8am. Site inspection confirmed the hazard. No temporary measures taken.,2024-02-03 00:00:00,Quality Control,Nyagatare Cattle Ranch,Electrical,Critical,5,1,0
f27913a2-088c-47f5-b0eb-bcad612b8a2f,Icy patch in lobby near Station 20 (Room 157),"During a walkthrough, staff noticed the icy patch in lobby near station 20 (room 157). No immediate incident occurred but the potential for harm is significant.",2023-09-29 00:00:00,Kitchen,Gasabo Textile Factory,Slip/Trip/Fall,High,4,0,0
862ab23b-1913-4ca7-8263-90df7f82a85d,Spoiled materials found in production floor (Room 179),Can someone look at this?,2024-11-29 00:00:00,Maintenance,Gasabo Textile Factory,Biological,High,5,0,1
f7116a6c-2b31-43cc-b59d-ac57b78d6443,Unsafe operation of pump system in storage room (Room 151),Report issued by safety rep. The blocked fire exit at main lobby near chemical storage (room 162) has been reported by multiple staff members. Recommend review by safety team.,2023-07-03 00:00:00,Transport,Muhanga Agro-Processing,Machinery,Critical,6,0,1
49215881-119d-4909-9af3-0554b3173b0c,Faulty connector on pallet jack near Station 14 (similar to report #1611),Staff reported the faulty connector on pallet jack near station 14 (similar to report #1611) at approximately 8am. Site inspection confirmed the hazard. No temporary measures taken.,2023-02-01 00:00:00,Quality Control,Gasabo Textile Factory,Ergonomic,Medium,3,0,0
bd5fc1c0-ee4d-4288-a466-eca487001c40,Leakage from industrial glue near stairwell (Room 116),Report issued by supervisor. The leakage from industrial glue near stairwell (room 116) has been reported by multiple staff members. Recommend further assessment.,2023-12-27 00:00:00,Administration,Kigali Construction Ltd,Chemical,Critical,8,0,1
f83d7d10-10a8-4eb7-9c7b-511a8372f854,Improper desk height for boiler in lobby (Room 130),"During a walkthrough, staff noticed the improper desk height for boiler in lobby (room 130). No immediate incident occurred but the potential for damage is significant.",2025-09-06 00:00:00,Kitchen,Nyagatare Cattle Ranch,Ergonomic,High,8,1,0
53295de9-8bb3-4d1f-b107-fb6a71db2a6b,Uncontained degreaser near car park (Room 120),Staff reported the uncontained degreaser near car park (room 120) at approximately 8am. Site inspection confirmed the hazard. Tape has been placed.,2023-04-06 00:00:00,Office Complex,Muhanga Agro-Processing,Chemical,Critical,4,0,1
be1639d4-5ed5-426d-beb2-0cb11476f71c,Strange noise from compressor at east wing (Room 180),The strange noise from compressor at east wing (room 180) was observed during routine inspection. This presents a potential risk to staff in the building.,2025-06-08 00:00:00,Office Complex,Gasabo Textile Factory,Machinery,Critical,0,1,0
afe251d5-4abe-4d33-a22d-4f6193834af7,Biological waste disposal issue in corridor (Room 185),Staff reported the biological waste disposal issue in corridor (room 185) at approximately 2pm. Site inspection confirmed the hazard. Warning signs posted.,2023-06-10 00:00:00,Sanitation,Huye Power Plant,Biological,Medium,0,1,0
7eabefe0-9f3b-468e-9dc6-e21b12be918d,Safety violation spotted,Follow-up required on the safety violation spotted. The risk is rated as low due to frequency of use.,2026-04-13 00:00:00,Administration,Gasabo Textile Factory,Slip/Trip/Fall,Low,7,0,0
4c2d1fa7-0443-40d6-8cf1-f499f23b2f27,Spoiled materials found in assembly area (Room 189),The spoiled materials found in assembly area (room 189) was observed during routine inspection. This presents a potential risk to staff in the area.,2023-03-21 00:00:00,Office Complex,Musanze Mining Corp,Biological,Medium,3,0,0
f26ec959-c291-4f05-99bd-3d1a9984676d,Biological waste disposal issue in lobby (Room 157),Staff reported the biological waste disposal issue in lobby (room 157) at approximately 10am. Site inspection confirmed the hazard. Warning signs posted.,2025-06-16 00:00:00,Workshop,Kigali Construction Ltd,Biological,Medium,6,0,1
9b76ac51-06ec-45bf-9f34-39e7d1e728c1,Unsafe operation of milling machine in office (Room 159),Staff reported the unsafe operation of milling machine in office (room 159) at approximately 8am. Site inspection confirmed the hazard. No temporary measures taken.,2023-08-12 00:00:00,Assembly Line,Kigali Construction Ltd,Machinery,Medium,0,1,1
e638c6b6-0c3f-49bf-82ef-91da9fc723fe,Unsafe operation of pallet jack in canteen (Room 164),Follow-up required on the unsafe operation of pallet jack in canteen (room 164). The severity is rated as high due to lack of protection.,2024-11-21 00:00:00,Transport,Bugesera Cement Works,Machinery,High,14,0,0
e612620a-d805-46a2-9bc9-8b8566159096,Exposed casing on lathe at east wing (Zone 14),Please investigate.,2024-01-15 00:00:00,Office Complex,Rwanda Manufacturing Co,Machinery,High,1,0,0
9d2ff4b3-24ac-43d9-9b60-a6578132a9ea,Hazard observed (similar to report #1133),Follow-up required on the hazard observed (similar to report #1133). The risk is rated as low due to lack of protection.,2025-02-18 00:00:00,Quality Control,Kigali Construction Ltd,Slip/Trip/Fall,Low,2,0,0
086057e1-2b62-4d56-a3c6-61164640573c,Unlabeled degreaser container at loading bay (Zone 7),"During a walkthrough, staff noticed the unlabeled degreaser container at loading bay (zone 7). No immediate incident occurred but the potential for damage is significant.",2023-01-30 00:00:00,Loading Bay,Muhanga Agro-Processing,Chemical,High,6,0,1
5359c1d0-01f6-4a25-81f0-b6063c89388d,Awkward lifting position at perimeter fence in production floor (Room 165),The awkward lifting position at perimeter fence in production floor (room 165) was observed during routine inspection. This presents a potential risk to staff in the building.,2025-01-30 00:00:00,Security,Huye Power Plant,Ergonomic,Medium,5,0,0
fab9b826-6bc5-444b-9464-6a8e85e9b2d1,Strange noise from forklift at basement (Room 112),Follow-up required on the strange noise from forklift at basement (room 112). The danger is rated as critical due to exposure levels.,2023-06-01 00:00:00,Laboratory,Rwanda Manufacturing Co,Machinery,Critical,0,0,1
a03124cc-ea4f-4a56-ae4c-527f83f611f6,Awkward lifting position at loading bay in office (Room 181),"During a walkthrough, staff noticed the awkward lifting position at loading bay in office (room 181). No immediate incident occurred but the potential for damage is significant.",2023-02-25 00:00:00,Office Complex,Rwanda Manufacturing Co,Ergonomic,High,1,1,0
344c8d39-0585-4831-ac07-8ce483fff7f6,Damaged power cord on ventilator at north entrance (Room 190),Staff reported the damaged power cord on ventilator at north entrance (room 190) at approximately 2pm. Site inspection confirmed the hazard. No temporary measures taken.,2024-08-27 00:00:00,Transport,Muhanga Agro-Processing,Electrical,Critical,0,0,0
7101181c-a93c-4217-9664-07f377eb84bf,Overloaded power outlet near reception (Room 119),,2026-01-28 00:00:00,Warehouse,RSSB Head Office,Electrical,Critical,1,0,1
154d29b6-45c4-46f2-856b-dadd6667abb8,Loose carpet in stairwell near south wing (Room 191),Staff reported the loose carpet in stairwell near south wing (room 191) at approximately 10am. Site inspection confirmed the hazard. Tape has been placed.,2025-10-09 00:00:00,Quality Control,Rubavu Logistics Hub,Slip/Trip/Fall,High,4,0,0
55395cff-255f-4a9d-b6fd-f21b472c12e9,Sparks observed from computer in canteen (Room 188),Staff reported the sparks observed from computer in canteen (room 188) at approximately 10am. Site inspection confirmed the hazard. Warning signs posted.,2023-06-10 00:00:00,Administration,Huye Power Plant,Electrical,High,0,1,1
e876b444-86e8-4423-8118-20caab3f43fb,Awkward lifting position at receiving dock in loading dock (Room 154),Staff reported the awkward lifting position at receiving dock in loading dock (room 154) at approximately 2pm. Site inspection confirmed the hazard. No temporary measures taken.,2026-03-11 00:00:00,Storage Facility,RSSB Head Office,Ergonomic,Medium,2,0,0
eb6df1a7-c4d5-4d2c-9fea-a837382ae273,Faulty fire extinguisher in toilet (Room 158),,2024-12-11 00:00:00,Administration,Nyagatare Cattle Ranch,Fire,Critical,2,0,0
78faa0c8-5d06-4091-a41e-d0d89f3cd00d,Poorly adjusted chair at Station 12 in warehouse (Room 147),"During a walkthrough, staff noticed the poorly adjusted chair at station 12 in warehouse (room 147). No immediate incident occurred but the potential for injury is significant.",2024-05-12 00:00:00,Storage Facility,Muhanga Agro-Processing,Ergonomic,High,1,1,0
b7c3dd09-f645-4239-9bf9-ad55bc0de127,Repetitive strain risk operating hand truck at assembly line,Follow-up required on the repetitive strain risk operating hand truck at assembly line. The severity is rated as high due to proximity to staff.,2024-01-12 00:00:00,Administration,Rubavu Logistics Hub,Ergonomic,High,1,0,1
d2bd8c15-ad4b-4235-8d94-a72b8307eca0,Improper storage of paint thinner in office (Room 160),The improper storage of paint thinner in office (room 160) was observed during routine inspection. This presents a potential risk to staff in the department.,2025-12-27 00:00:00,Kitchen,Gasabo Textile Factory,Chemical,High,3,1,0
05bac547-283c-4ece-9f35-1a8d9152a6f2,Unlabeled industrial glue container at rear exit (Room 153),Follow-up required on the unlabeled industrial glue container at rear exit (room 153). The risk is rated as medium due to proximity to staff.,2025-07-10 00:00:00,Packaging,Rubavu Logistics Hub,Chemical,Medium,7,0,0
165ca2d4-8736-41d8-9c09-fd97361cd2dd,Exposed wire on grinder in break room (Room 125),This has been like this for weeks.,2025-04-08 00:00:00,Packaging,Nyagatare Cattle Ranch,Electrical,Medium,8,0,0
764cb885-29d3-4722-a28f-7dd00e498253,Spoiled materials found in production floor (Room 166),Follow-up required on the spoiled materials found in production floor (room 166). The risk is rated as low due to lack of protection.,2023-06-11 00:00:00,Sanitation,Gasabo Textile Factory,Biological,Low,2,1,0
ed0bf9e2-2191-4ead-9362-99510233be1a,Flickering lights in rear exit near hoist,I'm concerned about this.,2026-03-28 00:00:00,Maintenance,Bugesera Cement Works,Electrical,Critical,1,1,1
4b7088a1-5406-4181-b4f8-d2349c50c21b,Cluttered floor space around printer at south wing (similar to report #2448),Please investigate.,2026-04-21 00:00:00,Security,Huye Power Plant,Machinery,Medium,4,0,0
939846f9-bd22-449a-a31c-746859c947f2,Sparks observed from air conditioner in break room (Room 160),Report issued by employee. The sparks observed from air conditioner in break room (room 160) has been reported by multiple staff members. Recommend temporary closure.,2025-08-01 00:00:00,Office Complex,Rubavu Logistics Hub,Electrical,Critical,2,0,0
1c0a5cb3-345a-4de7-8d2c-c8a894bc7e04,Exposed gear on welding station at main lobby (Room 150),Staff reported the exposed gear on welding station at main lobby (room 150) at approximately 10am. Site inspection confirmed the hazard. Tape has been placed.,2025-01-12 00:00:00,Workshop,Nyagatare Cattle Ranch,Machinery,High,7,1,0
cf888ce9-0980-48c9-8af5-4ea46ed5e7bc,Smoke detector malfunctioning in server room (Room 142),Follow-up required on the smoke detector malfunctioning in server room (room 142). The danger is rated as high due to lack of protection.,2023-05-13 00:00:00,Administration,Nyagatare Cattle Ranch,Fire,High,1,1,0
d2a27fee-37f1-4ed6-ba9e-6688e9d3eb01,Flickering lights in main lobby near boiler,Report issued by safety rep. The flickering lights in main lobby near boiler has been reported by multiple staff members. Recommend immediate repair.,2023-01-05 00:00:00,Quality Control,Gasabo Textile Factory,Electrical,Critical,8,0,1
d61a7c86-9355-4d24-93da-cc92c6ae915e,Faulty fire extinguisher in warehouse (Room 115),Report issued by team lead. The faulty fire extinguisher in warehouse (room 115) has been reported by multiple staff members. Recommend review by safety team.,2025-06-10 00:00:00,Production,Nyagatare Cattle Ranch,Fire,High,4,0,1
8beeb3de-7420-416a-91d2-8bf473203792,Obstacle in walkway at rear exit (Room 107),Report issued by supervisor. The obstacle in walkway at rear exit (room 107) has been reported by multiple staff members. Recommend further assessment.,2025-06-19 00:00:00,Maintenance,Nyagatare Cattle Ranch,Slip/Trip/Fall,Medium,8,0,0
752a37fb-94f2-4dad-9d13-2e04aa67891f,Poorly adjusted chair at Station 15 in break room (Sector F),Staff reported the poorly adjusted chair at station 15 in break room (sector f) at approximately 8am. Site inspection confirmed the hazard. No temporary measures taken.,2026-06-09 00:00:00,Storage Facility,Rwanda Manufacturing Co,Ergonomic,Low,6,0,0
ca92b1d5-1ad4-40d8-a702-b890bc7756c1,Flickering lights in receiving dock near shredder,Report issued by team lead. The flickering lights in receiving dock near shredder has been reported by multiple staff members. Recommend further assessment.,2024-01-16 00:00:00,Assembly Line,Huye Power Plant,Electrical,Critical,0,0,0
5fecc008-2c94-43b1-8c4d-442c961e1beb,Fungal spread in corridor near basement (Room 130),Staff reported the fungal spread in corridor near basement (room 130) at approximately 8am. Site inspection confirmed the hazard. Warning signs posted.,2023-03-17 00:00:00,Storage Facility,Rubavu Logistics Hub,Biological,Low,4,0,0
4749d11f-1925-49d7-8dee-09f57e7bae9d,Unsafe operation of compressor in workshop (Room 149),The unsafe operation of compressor in workshop (room 149) was observed during routine inspection. This presents a potential risk to staff in the area.,2026-02-17 00:00:00,Warehouse,Kigali Construction Ltd,Machinery,Critical,14,0,0
d3af5861-cd2a-40e8-b3d8-0dcf231e4c24,Fumes from solvents near Station 11 (Room 190),The fumes from solvents near station 11 (room 190) was observed during routine inspection. This presents a potential risk to staff in the department.,2024-07-14 00:00:00,Transport,Muhanga Agro-Processing,Chemical,High,0,1,0
4747228a-9886-462e-b970-2644445a8d21,Repetitive strain risk operating power drill at Station 2,"During a walkthrough, staff noticed the repetitive strain risk operating power drill at station 2. No immediate incident occurred but the potential for damage is significant.",2025-12-04 00:00:00,Warehouse,Rubavu Logistics Hub,Ergonomic,Medium,1,0,0
85d0884e-441a-45b4-b948-4eb573209048,Smoke detector malfunctioning in workshop (Room 122),,2026-04-07 00:00:00,Administration,Gasabo Textile Factory,Fire,Critical,0,0,0
3f06d337-152a-45d8-8d4f-a5dbd220daef,Hazard observed,Report issued by supervisor. The hazard observed has been reported by multiple staff members. Recommend review by safety team.,2024-09-25 00:00:00,Quality Control,Nyagatare Cattle Ranch,Chemical,Medium,15,0,0
b7075251-721b-4efb-a095-f7393ab9cdf8,Flickering lights in rooftop near shredder,Follow-up required on the flickering lights in rooftop near shredder. The danger is rated as critical due to proximity to staff.,2023-11-11 00:00:00,Sanitation,Rubavu Logistics Hub,Electrical,Critical,2,1,0
96766ee7-81f4-4b1d-a25d-4c52a534c966,Smoke detector malfunctioning in loading dock (Room 146),Report issued by employee. The smoke detector malfunctioning in loading dock (room 146) has been reported by multiple staff members. Recommend further assessment.,2025-04-04 00:00:00,Office Complex,Musanze Mining Corp,Fire,Critical,8,0,1
0da6589a-a183-4051-9928-785577026e81,Safety violation spotted,"During a walkthrough, staff noticed the safety violation spotted. No immediate incident occurred but the potential for injury is significant.",2023-03-22 00:00:00,Transport,Bugesera Cement Works,Fire,Critical,6,0,1
bcef2a71-1ead-4b37-9450-c463852f1124,Unlabeled industrial glue container at front gate (Room 168),Please investigate.,2024-12-05 00:00:00,Sanitation,Nyagatare Cattle Ranch,Chemical,High,12,0,0
9bf9432d-6e26-4e05-a88a-1913b343cdf8,Awkward lifting position at main corridor in cafeteria (Sector H),Staff reported the awkward lifting position at main corridor in cafeteria (sector h) at approximately 4pm. Site inspection confirmed the hazard. Tape has been placed.,2026-01-22 00:00:00,Security,Rwanda Manufacturing Co,Ergonomic,Low,7,0,1
0acdce43-2e0d-415c-8177-f4c795c4e07e,Poorly adjusted chair at Station 19 in production floor (Room 175),"During a walkthrough, staff noticed the poorly adjusted chair at station 19 in production floor (room 175). No immediate incident occurred but the potential for injury is significant.",2025-09-19 00:00:00,Kitchen,Huye Power Plant,Ergonomic,High,1,0,0
a2d91fc1-7a04-43c9-9507-86ccad48303a,Unlabeled solvents container at west exit (Room 189),The unlabeled solvents container at west exit (room 189) was observed during routine inspection. This presents a potential risk to staff in the area.,2023-02-26 00:00:00,Assembly Line,Rubavu Logistics Hub,Chemical,High,1,1,1
ba357a1c-c807-4d32-8b6e-6b53baf09dba,Obstacle in walkway at east wing (Room 135) (similar to report #1434),"During a walkthrough, staff noticed the obstacle in walkway at east wing (room 135) (similar to report #1434). No immediate incident occurred but the potential for harm is significant.",2023-02-22 00:00:00,Warehouse,Bugesera Cement Works,Chemical,High,7,0,1
751f68a8-259b-42b8-8f5f-57d5c093cfc0,Exposed valve on boiler in workshop (Room 130) (similar to report #2416),Report issued by employee. The exposed valve on boiler in workshop (room 130) (similar to report #2416) has been reported by multiple staff members. Recommend temporary closure.,2023-08-03 00:00:00,Warehouse,Kigali Construction Ltd,Chemical,High,0,0,0
51f824e5-d6c0-451a-8a65-ffe2017a3969,Obstacle in walkway at perimeter fence (Room 110),"During a walkthrough, staff noticed the obstacle in walkway at perimeter fence (room 110). No immediate incident occurred but the potential for harm is significant.",2024-09-23 00:00:00,Office Complex,RSSB Head Office,Slip/Trip/Fall,High,0,0,0
b5207280-9c46-4da4-8687-175c015345a3,Spoiled materials found in car park (Room 128),The spoiled materials found in car park (room 128) was observed during routine inspection. This presents a potential risk to staff in the area.,2023-09-15 00:00:00,Storage Facility,Huye Power Plant,Biological,High,4,0,1
d9d65b1b-ed5b-4158-bc51-2b549ec4bc21,Faulty display on industrial mixer near Station 14,"During a walkthrough, staff noticed the faulty display on industrial mixer near station 14. No immediate incident occurred but the potential for harm is significant.",2024-01-30 00:00:00,Sanitation,Rwanda Manufacturing Co,Machinery,Critical,6,0,0
6efb3b8c-1bf4-433d-be8a-2f3f579078ab,Faulty switch on lathe near Station 13,Can someone look at this?,2024-08-17 00:00:00,Production,Gasabo Textile Factory,Machinery,High,0,1,1
de283d30-1924-4fcd-8892-3fc80469d1f4,Blocked emergency route in main lobby (Room 171),,2023-03-29 00:00:00,Warehouse,Muhanga Agro-Processing,Fire,Critical,11,0,0
f3cdcedb-b690-4680-a62c-e34ddfb9d7ea,Overloaded power outlet near Station 1 (Room 129),Staff reported the overloaded power outlet near station 1 (room 129) at approximately 10am. Site inspection confirmed the hazard. No temporary measures taken.,2024-06-30 00:00:00,Warehouse,Musanze Mining Corp,Electrical,High,13,1,1
70b8b36c-5a6e-4557-b6c2-96b0d91a2792,Unlabeled paint thinner container at north entrance (Zone 10),Follow-up required on the unlabeled paint thinner container at north entrance (zone 10). The danger is rated as high due to proximity to staff.,2023-06-18 00:00:00,Security,Rwanda Manufacturing Co,Chemical,High,0,1,1
705fa514-1ade-4c49-b4b2-572131accc72,Smoke detector malfunctioning in workshop (Room 122),"During a walkthrough, staff noticed the smoke detector malfunctioning in workshop (room 122). No immediate incident occurred but the potential for damage is significant.",2023-04-25 00:00:00,Production,Huye Power Plant,Fire,Critical,0,0,1
8e2d2fa5-cb1f-495d-add4-84e46bc8c86c,Cluttered floor space around welding machine at east wing,"During a walkthrough, staff noticed the cluttered floor space around welding machine at east wing. No immediate incident occurred but the potential for harm is significant.",2025-11-30 00:00:00,Administration,Kigali Construction Ltd,Slip/Trip/Fall,Medium,1,1,0
b3277d2e-d22e-4d6e-b2d3-6d6cc5c95589,Spoiled materials found in car park (Sector F),Staff reported the spoiled materials found in car park (sector f) at approximately 2pm. Site inspection confirmed the hazard. No temporary measures taken.,2025-04-21 00:00:00,Loading Bay,Nyagatare Cattle Ranch,Biological,Low,1,0,0
db13e457-b9c0-4124-b56d-1f6007601e10,Broken switch on motor in production floor (Room 166),Report issued by employee. The broken switch on motor in production floor (room 166) has been reported by multiple staff members. Recommend further assessment.,2023-06-23 00:00:00,Workshop,Gasabo Textile Factory,Machinery,Medium,0,0,0
860a60c3-adc5-4964-ab5a-bcfceb130b18,Unlabeled degreaser container at service elevator (Room 147),Follow-up required on the unlabeled degreaser container at service elevator (room 147). The danger is rated as high due to exposure levels.,2024-11-10 00:00:00,Security,RSSB Head Office,Chemical,High,4,1,1
dbcee732-7525-4d46-9625-ba05451d4aab,Stagnant water near basement causing Bacterial contamination risk,"During a walkthrough, staff noticed the stagnant water near basement causing bacterial contamination risk. No immediate incident occurred but the potential for harm is significant.",2025-03-21 00:00:00,Office Complex,Kigali Construction Ltd,Biological,Medium,1,0,0
4fff4be1-a2cf-4d91-bdf4-651130fed2bc,Damaged power cord on boiler at main lobby (Room 137),Staff reported the damaged power cord on boiler at main lobby (room 137) at approximately 4pm. Site inspection confirmed the hazard. No temporary measures taken.,2026-05-21 00:00:00,Workshop,Rwanda Manufacturing Co,Electrical,Critical,6,0,0
699af389-8f77-49e2-8adb-2ba5dc5c3a1d,Spoiled materials found in assembly area (Room 111),Follow-up required on the spoiled materials found in assembly area (room 111). The danger is rated as high due to proximity to staff.,2025-12-14 00:00:00,Assembly Line,Huye Power Plant,Biological,High,12,1,0
3ce91a11-ef1c-41b2-80cb-66d2f513ab00,Spoiled materials found in break room (Room 165),Report issued by supervisor. The spoiled materials found in break room (room 165) has been reported by multiple staff members. Recommend immediate repair.,2023-06-02 00:00:00,Maintenance,Huye Power Plant,Biological,Medium,3,0,1
70098e93-6d1a-4ce7-939b-3b7ffdc8c0ae,Awkward lifting position at north entrance in break room (Sector C),Staff reported the awkward lifting position at north entrance in break room (sector c) at approximately 2pm. Site inspection confirmed the hazard. No temporary measures taken.,2025-02-03 00:00:00,Office Complex,Rubavu Logistics Hub,Ergonomic,Low,1,0,1
75c44412-21c1-47c8-bfc3-3d9b551b9794,Repetitive strain risk operating power drill at assembly line,Staff reported the repetitive strain risk operating power drill at assembly line at approximately 4pm. Site inspection confirmed the hazard. No temporary measures taken.,2026-01-03 00:00:00,Assembly Line,Kigali Construction Ltd,Ergonomic,High,3,1,0
9d3f31c8-ae5a-4a3c-a851-a9e5a9709424,Repetitive strain risk operating printer at checkout counter (similar to report #2239),Follow-up required on the repetitive strain risk operating printer at checkout counter (similar to report #2239). The danger is rated as low due to exposure levels.,2024-03-02 00:00:00,Transport,Musanze Mining Corp,Biological,Low,0,1,0
f261525c-c370-4cc6-93a6-955467328646,Improper desk height for transformer in maintenance bay (Room 194),Report issued by team lead. The improper desk height for transformer in maintenance bay (room 194) has been reported by multiple staff members. Recommend immediate repair.,2024-05-17 00:00:00,Laboratory,Bugesera Cement Works,Ergonomic,Low,7,0,0
d7c9317e-c88d-4d17-9ab1-f568d5f48da6,Stagnant water near front gate causing Unpleasant odor (similar to report #1289),Staff reported the stagnant water near front gate causing unpleasant odor (similar to report #1289) at approximately 2pm. Site inspection confirmed the hazard. Tape has been placed.,2025-01-10 00:00:00,Packaging,Rubavu Logistics Hub,Ergonomic,High,0,0,0
0f1a5e7d-1b34-4a73-adc6-55489bfffc48,Loose carpet in lobby near east wing (Room 153),The loose carpet in lobby near east wing (room 153) was observed during routine inspection. This presents a potential risk to staff in the area.,2023-05-14 00:00:00,Sanitation,Bugesera Cement Works,Slip/Trip/Fall,High,13,1,1
4a911314-827e-4e80-8fd7-409b8496a20c,Biological waste disposal issue in loading dock (Room 104),Follow-up required on the biological waste disposal issue in loading dock (room 104). The severity is rated as low due to exposure levels.,2024-11-11 00:00:00,Loading Bay,Bugesera Cement Works,Biological,Low,2,0,0
e14cdf68-ea31-4fa1-bb39-dbce5c9e1257,Spilled ammonia around main lobby (Room 168),Report issued by supervisor. The exposed switch on hydraulic press at north entrance (room 188) has been reported by multiple staff members. Recommend temporary closure.,2023-05-08 00:00:00,Packaging,RSSB Head Office,Chemical,Critical,0,0,0
a9cdd640-5c9a-461b-bc5c-5b69a33c296e,Spoiled materials found in warehouse (Room 159),,2023-02-08 00:00:00,Warehouse,Bugesera Cement Works,Biological,Low,2,0,0
85704d97-7396-4b9b-9e29-96c172cfb03f,Exposed valve on drill press at loading bay (Room 132),Staff reported the exposed valve on drill press at loading bay (room 132) at approximately 8am. Site inspection confirmed the hazard. Warning signs posted.,2024-09-09 00:00:00,Security,Gasabo Textile Factory,Machinery,Medium,6,0,0
1d41dfcd-bee1-4fe3-a953-65af7d7c6764,Exposed wire on milling machine at perimeter fence (Room 141),"During a walkthrough, staff noticed the exposed wire on milling machine at perimeter fence (room 141). No immediate incident occurred but the potential for injury is significant.",2026-05-25 00:00:00,Kitchen,Rubavu Logistics Hub,Machinery,High,7,0,0
d91570b6-f9b9-4edf-90f4-1bc779ae5b08,Improperly stored epoxy near chemical storage (Room 188),Staff reported the improperly stored epoxy near chemical storage (room 188) at approximately 4pm. Site inspection confirmed the hazard. Warning signs posted.,2024-01-11 00:00:00,Laboratory,Kigali Construction Ltd,Chemical,Medium,0,0,1
3c70e1e0-bf18-4bf1-a845-363303f2b453,Traces of coolant near assembly area (Room 182),"During a walkthrough, staff noticed the traces of coolant near assembly area (room 182). No immediate incident occurred but the potential for damage is significant.",2027-05-24 00:00:00,Workshop,Kigali Construction Ltd,Chemical,Medium,1,0,0
1fbf098b-f311-4d77-98dd-3bac692b6dd8,Exposed plug on drill press at service elevator (Zone 4),Staff reported the cluttered floor space around transformer at east wing at approximately 10am. Site inspection confirmed the hazard. Tape has been placed.,2024-09-15 00:00:00,Sanitation,Gasabo Textile Factory,Machinery,High,0,1,0
9f44171c-a2dd-47bb-aa69-f59af1e26e89,Oil spill in warehouse near Station 2 (Room 119),Follow-up required on the oil spill in warehouse near station 2 (room 119). The severity is rated as low due to exposure levels.,2025-06-17 00:00:00,Workshop,RSSB Head Office,Slip/Trip/Fall,Low,8,0,0
99ea3e64-d35f-4ec0-ae36-31c72248fe90,Biological waste disposal issue in stairwell (Room 191),"During a walkthrough, staff noticed the biological waste disposal issue in stairwell (room 191). No immediate incident occurred but the potential for harm is significant.",2025-04-16 00:00:00,Assembly Line,Rwanda Manufacturing Co,Biological,Medium,2,0,0
398a4226-f533-4ebf-be3e-a26c65511c75,Awkward lifting position at rear exit in office (Room 147),Follow-up required on the awkward lifting position at rear exit in office (room 147). The danger is rated as medium due to proximity to staff.,2023-07-10 00:00:00,Security,Rubavu Logistics Hub,Ergonomic,Medium,8,0,0
3126a6c2-d33c-4ba0-9f4f-8a33d75bd9e1,Overloaded power outlet near Station 6 (Room 103),"During a walkthrough, staff noticed the overloaded power outlet near station 6 (room 103). No immediate incident occurred but the potential for harm is significant.",2023-09-18 00:00:00,Office Complex,Rwanda Manufacturing Co,Electrical,High,4,0,1
68140bab-c6fb-4a30-9dc2-b3e2ae614720,Flickering lights in receiving dock near ventilator,"During a walkthrough, staff noticed the flickering lights in receiving dock near ventilator. No immediate incident occurred but the potential for harm is significant.",2025-01-04 00:00:00,Storage Facility,Gasabo Textile Factory,Electrical,High,9,1,1
db9d42e6-82e1-42da-a7e3-11aabf1b97e9,Stagnant water near basement causing Pest infestation,The stagnant water near basement causing pest infestation was observed during routine inspection. This presents a potential risk to staff in the area.,2023-07-26 00:00:00,Assembly Line,Musanze Mining Corp,Biological,Low,10,0,1
24030401-22ad-4bc6-808b-7b5a61440801,Faulty guard on hydraulic press near Station 4,Report issued by team lead. The faulty guard on hydraulic press near station 4 has been reported by multiple staff members. Recommend review by safety team.,2024-12-17 00:00:00,Kitchen,Rubavu Logistics Hub,Machinery,High,3,0,0
d95a4782-253e-4b9b-b8e0-b509e4c0962f,Fumes from paint thinner near Station 7 (Room 142),The fumes from paint thinner near station 7 (room 142) was observed during routine inspection. This presents a potential risk to staff in the building.,2024-05-08 00:00:00,Kitchen,Bugesera Cement Works,Chemical,Medium,8,0,0
f4dc4ec4-1821-499a-aaf4-0094923bb337,Check required,Follow-up required on the check required. The severity is rated as critical due to lack of protection.,2024-10-28 00:00:00,Transport,Rwanda Manufacturing Co,Machinery,Critical,2,0,0
eb8d7248-5f29-4ff8-81b2-d00989183ea1,Awkward lifting position at east wing in canteen (Room 154),This needs fixing urgently.,2023-09-22 00:00:00,Assembly Line,Muhanga Agro-Processing,Ergonomic,Medium,1,0,1
637627d4-6061-43e3-a434-e367490b09b3,Exposed connector on microwave in server room (Room 164),Report issued by team lead. The exposed connector on microwave in server room (room 164) has been reported by multiple staff members. Recommend further assessment.,2025-03-11 00:00:00,Workshop,Rwanda Manufacturing Co,Electrical,Critical,0,0,0
e65f4d62-ab80-46cb-a291-472fcff1af5d,Exposed gear on power drill in toilet (Zone 12),Staff reported the exposed gear on power drill in toilet (zone 12) at approximately 8am. Site inspection confirmed the hazard. No temporary measures taken.,2024-09-21 00:00:00,Production,Rubavu Logistics Hub,Electrical,High,0,1,0
1702b8aa-2c21-42cb-9d5c-cedbef8b61b4,Loose carpet in workshop near rooftop (Room 106),Report issued by supervisor. The loose carpet in workshop near rooftop (room 106) has been reported by multiple staff members. Recommend immediate repair.,2023-01-25 00:00:00,Workshop,RSSB Head Office,Slip/Trip/Fall,High,0,0,0
65bc746b-c226-4e9c-b106-e019b92fd8c9,Exposed cables in stairwell near Station 12 (Sector A),Follow-up required on the exposed cables in stairwell near station 12 (sector a). The danger is rated as high due to frequency of use.,2023-04-12 00:00:00,Packaging,Rubavu Logistics Hub,Slip/Trip/Fall,High,4,0,0
801cf019-b652-4f50-9464-30d05001d575,Improper storage of degreaser in cafeteria (Zone 14),,2027-08-28 00:00:00,Security,Bugesera Cement Works,Chemical,Medium,2,1,0
0c538828-5bdc-4372-8132-c74a1f788aee,Improper storage of solvents in assembly area (Sector F),Report issued by team lead. The improper storage of solvents in assembly area (sector f) has been reported by multiple staff members. Recommend further assessment.,2026-03-15 00:00:00,Laboratory,Rwanda Manufacturing Co,Chemical,High,4,1,1
ba3d8de7-a697-432e-974e-822b41175fb7,Sparks observed from transformer in storage room (Zone 3),Report issued by team lead. The sparks observed from transformer in storage room (zone 3) has been reported by multiple staff members. Recommend temporary closure.,2026-11-26 00:00:00,Sanitation,Musanze Mining Corp,Electrical,Critical,4,0,0
63a48cd5-bd76-4a02-a81e-8591224f45b9,Sparks observed from computer in workshop (Room 183),Follow-up required on the sparks observed from computer in workshop (room 183). The severity is rated as critical due to frequency of use.,2024-12-26 00:00:00,Maintenance,Huye Power Plant,Electrical,Critical,1,0,1
93771fd7-4385-4f7a-ba96-f86b18c871ab,Overloaded power outlet near Station 19 (Room 135),Staff reported the overloaded power outlet near station 19 (room 135) at approximately 2pm. Site inspection confirmed the hazard. No temporary measures taken.,2023-09-04 00:00:00,Storage Facility,Huye Power Plant,Electrical,Critical,3,0,0
b439f0c1-6ec8-48ab-b4a6-41d3aba59d9d,Clutter in warehouse near Station 12 (Room 138),Staff reported the clutter in warehouse near station 12 (room 138) at approximately 2pm. Site inspection confirmed the hazard. Warning signs posted.,2026-03-20 00:00:00,Security,Kigali Construction Ltd,Slip/Trip/Fall,Low,3,0,0
1a31cd5b-bdda-4011-90a1-3596538c1a6c,Exposed plug on pallet jack at emergency stairs (Room 134),The exposed plug on pallet jack at emergency stairs (room 134) was observed during routine inspection. This presents a potential risk to staff in the area.,2026-01-27 00:00:00,Security,Rubavu Logistics Hub,Machinery,Critical,1,0,0
087e8705-fc34-4fa0-ab0a-58b19cdbef52,Overloaded power outlet near Station 2 (Room 112),Follow-up required on the stagnant water near main corridor causing mold growth (similar to report #1638). The risk is rated as medium due to frequency of use.,2023-04-15 00:00:00,Production,Bugesera Cement Works,Electrical,Critical,3,1,1
17908eca-59f3-4590-9fee-88424ecd5850,Exposed gear on hoist in stairwell (Room 195),Report issued by employee. The exposed gear on hoist in stairwell (room 195) has been reported by multiple staff members. Recommend further assessment.,2023-12-23 00:00:00,Administration,Gasabo Textile Factory,Electrical,High,0,1,0
d5d5d886-2eae-4351-92b7-0e5bc1133404,Unsafe operation of forklift in toilet (Room 186),Report issued by safety rep. The unsafe operation of forklift in toilet (room 186) has been reported by multiple staff members. Recommend temporary closure.,2025-05-01 00:00:00,Office Complex,Bugesera Cement Works,Machinery,Critical,5,0,1
09137e82-47cc-4030-8dca-d2308b478e6f,Fumes from resin near Station 15 (Room 158),"During a walkthrough, staff noticed the fumes from resin near station 15 (room 158). No immediate incident occurred but the potential for harm is significant.",2023-10-24 00:00:00,Laboratory,Musanze Mining Corp,Chemical,Medium,3,0,0
7be9aefb-9c69-43e8-adef-2b51058c523b,Fungal spread in break room near main lobby (Room 184),Report issued by team lead. The fungal spread in break room near main lobby (room 184) has been reported by multiple staff members. Recommend immediate repair.,2025-07-12 00:00:00,Loading Bay,Nyagatare Cattle Ranch,Biological,Medium,8,1,0
68511b35-c94f-41b0-8cd9-6efb4e40fb47,Unlabeled pesticides container at main corridor (Room 106),Follow-up required on the unlabeled pesticides container at main corridor (room 106). The severity is rated as critical due to lack of protection.,2025-05-06 00:00:00,Maintenance,Nyagatare Cattle Ranch,Chemical,Critical,14,0,1
73b66a9f-1d94-4ae0-bdff-3f8c3ea0e7b7,Check required,"During a walkthrough, staff noticed the blocked emergency route in main lobby (room 131). No immediate incident occurred but the potential for injury is significant.",2023-11-11 00:00:00,Storage Facility,Kigali Construction Ltd,Machinery,Medium,3,1,0
fb8e1e98-034f-4dac-b04e-067a5b4f72bf,Improper storage of solvents in office (Room 196),The improper storage of solvents in office (room 196) was observed during routine inspection. This presents a potential risk to staff in the area.,2025-11-29 00:00:00,Maintenance,Gasabo Textile Factory,Chemical,Critical,2,1,0
2bdc79e6-7d23-49b7-931e-1ebc0e8e1504,Awkward lifting position at receiving dock in maintenance bay (Room 154),Staff reported the awkward lifting position at receiving dock in maintenance bay (room 154) at approximately 2pm. Site inspection confirmed the hazard. Warning signs posted.,2027-09-04 00:00:00,Quality Control,Nyagatare Cattle Ranch,Ergonomic,Medium,1,1,0
e9915bbd-6d82-4395-b11c-26f7f37f5fa1,Biological waste disposal issue in workshop (Room 106),"During a walkthrough, staff noticed the fumes from epoxy near station 9 (room 184). No immediate incident occurred but the potential for injury is significant.",2023-01-14 00:00:00,Warehouse,RSSB Head Office,Biological,Low,4,1,0
25c3d351-0730-4961-a777-37c7ca1c61b5,Exposed display on computer in corridor (Room 135),Report issued by team lead. The exposed display on computer in corridor (room 135) has been reported by multiple staff members. Recommend review by safety team.,2028-05-28 00:00:00,Laboratory,Bugesera Cement Works,Electrical,High,14,1,0
93c82d38-62f4-4de7-9cec-ef701f148b05,Faulty fire extinguisher in maintenance bay (Sector E),"During a walkthrough, staff noticed the faulty fire extinguisher in maintenance bay (sector e). No immediate incident occurred but the potential for damage is significant.",2025-01-22 00:00:00,Security,Rubavu Logistics Hub,Fire,High,0,0,1
7dca5a48-f80c-42de-b07a-e0a1320d325c,Stagnant water near rooftop causing Fungal spread,I'm concerned about this.,2025-05-15 00:00:00,Storage Facility,Bugesera Cement Works,Biological,High,0,0,1
87be3932-fd46-4ba7-9fe4-35ea4fc0dff7,Stagnant water near perimeter fence causing Unpleasant odor,Staff reported the stagnant water near perimeter fence causing unpleasant odor at approximately 4pm. Site inspection confirmed the hazard. Warning signs posted.,2025-08-20 00:00:00,Administration,Rubavu Logistics Hub,Biological,Low,0,0,0
ce886615-5a50-4d44-94cd-9ccd4dc57ec6,Biological waste disposal issue in loading dock (Zone 6),Follow-up required on the biological waste disposal issue in loading dock (zone 6). The danger is rated as low due to exposure levels.,2025-06-10 00:00:00,Workshop,Kigali Construction Ltd,Biological,Low,8,0,0
30d2d1c2-d14b-4fc5-9c76-0a306e8253d4,Blocked emergency route in rooftop (Zone 9),I'm concerned about this.,2025-08-18 00:00:00,Kitchen,Rwanda Manufacturing Co,Fire,High,0,0,1
85be1e32-6f6b-4daa-88da-2d3f3c474a80,Biological waste disposal issue in canteen (Room 127),,2026-03-09 00:00:00,Production,Huye Power Plant,Biological,High,2,0,0
bc94e74b-3b61-453c-b712-1420ad3545ed,Fumes from epoxy near packing station (Room 195),"During a walkthrough, staff noticed the fumes from epoxy near packing station (room 195). No immediate incident occurred but the potential for injury is significant.",2024-06-21 00:00:00,Office Complex,Musanze Mining Corp,Chemical,Critical,1,0,1
c799dbbb-f74b-4458-b4ba-083810edbad6,Flickering lights in main lobby near grinder,The flickering lights in main lobby near grinder was observed during routine inspection. This presents a potential risk to staff in the department.,2024-02-17 00:00:00,Loading Bay,Bugesera Cement Works,Electrical,Critical,7,1,1
404817eb-ff5e-4373-a2b9-5456872222c5,Blocked fire exit at rooftop near cafeteria (Zone 14),"During a walkthrough, staff noticed the blocked fire exit at rooftop near cafeteria (zone 14). No immediate incident occurred but the potential for injury is significant.",2024-11-30 00:00:00,Sanitation,RSSB Head Office,Fire,Critical,2,1,0
4662314c-7e2d-492d-9c42-e7275a73a405,Obstacle in walkway at rear exit (Room 148),"During a walkthrough, staff noticed the obstacle in walkway at rear exit (room 148). No immediate incident occurred but the potential for injury is significant.",2025-11-05 00:00:00,Quality Control,Rubavu Logistics Hub,Slip/Trip/Fall,Low,7,0,1
5d05f052-cc07-41b1-961a-b667852be86d,Awkward lifting position at service elevator in toilet (Room 123),The awkward lifting position at service elevator in toilet (room 123) was observed during routine inspection. This presents a potential risk to staff in the area.,2025-07-25 00:00:00,Office Complex,Kigali Construction Ltd,Ergonomic,High,5,0,0
5f320931-a416-4555-bdfa-abbe60b2c7e8,Accumulated flammable material near server rack (Zone 10),Staff reported the accumulated flammable material near server rack (zone 10) at approximately 4pm. Site inspection confirmed the hazard. No temporary measures taken.,2023-08-19 00:00:00,Laboratory,Muhanga Agro-Processing,Fire,Critical,2,1,1
b2adeb86-c35d-4963-a025-150c35ae5337,Smoke detector malfunctioning in assembly area (Room 160),"During a walkthrough, staff noticed the smoke detector malfunctioning in assembly area (room 160). No immediate incident occurred but the potential for damage is significant.",2023-09-30 00:00:00,Production,Muhanga Agro-Processing,Fire,High,9,1,1
e0e43be8-9890-47ae-8fb8-c6a9c4dd59b2,Unsafe operation of motor in maintenance bay (Room 136),"During a walkthrough, staff noticed the unsafe operation of motor in maintenance bay (room 136). No immediate incident occurred but the potential for damage is significant.",2024-12-16 00:00:00,Office Complex,Bugesera Cement Works,Machinery,High,0,0,0
4519ea27-24f2-467c-a5fd-e8e2338e087b,Spilled industrial glue around west exit (Room 142),Follow-up required on the spilled industrial glue around west exit (room 142). The danger is rated as critical due to frequency of use.,2025-10-10 00:00:00,Assembly Line,Nyagatare Cattle Ranch,Chemical,Critical,1,0,0
7ebcd9c9-29e5-464b-adf3-c76389c2dc6b,Spoiled materials found in corridor (Zone 14),Follow-up required on the spoiled materials found in corridor (zone 14). The danger is rated as low due to proximity to staff.,2024-02-27 00:00:00,Workshop,Muhanga Agro-Processing,Biological,Low,2,0,0
511b4977-fd78-4120-8471-0e069bb341c9,Cluttered floor space around ventilator at front gate,Follow-up required on the cluttered floor space around ventilator at front gate. The risk is rated as high due to frequency of use.,2024-10-14 00:00:00,Packaging,Nyagatare Cattle Ranch,Slip/Trip/Fall,High,1,0,0
c5883b67-291e-4311-95ea-4e6619502a61,Overloaded power outlet near Station 14 (Room 118),The overloaded power outlet near station 14 (room 118) was observed during routine inspection. This presents a potential risk to staff in the building.,2023-02-16 00:00:00,Production,Bugesera Cement Works,Electrical,Critical,6,0,1
715acfdc-48bf-4375-b5b7-793e62b832fc,Awkward lifting position at basement in warehouse (Room 132),Follow-up required on the awkward lifting position at basement in warehouse (room 132). The severity is rated as medium due to frequency of use.,2026-03-07 00:00:00,Office Complex,Muhanga Agro-Processing,Ergonomic,Medium,0,1,0
b1dd4093-59fc-4ebf-ad55-df680965f5f3,Faulty panel on pallet jack near Station 7,Report issued by safety rep. The faulty panel on pallet jack near station 7 has been reported by multiple staff members. Recommend further assessment.,2025-03-03 00:00:00,Laboratory,Muhanga Agro-Processing,Machinery,Medium,9,0,1
39070ee0-5109-469b-ac3d-699751301a44,Blocked fire exit at west exit near office (Zone 8),Report issued by safety rep. The blocked fire exit at west exit near office (zone 8) has been reported by multiple staff members. Recommend immediate repair.,2024-05-11 00:00:00,Loading Bay,Muhanga Agro-Processing,Fire,High,4,1,0
8eb88a58-b1dd-4ef8-88ac-661b848f6668,Accumulated flammable material near coffee maker (Room 125),Report issued by team lead. The accumulated flammable material near coffee maker (room 125) has been reported by multiple staff members. Recommend review by safety team.,2026-02-27 00:00:00,Workshop,Rubavu Logistics Hub,Fire,High,5,0,0
7234d939-9f5f-44be-827c-52a511b7158d,Sparks observed from microwave in corridor (Zone 9),The sparks observed from microwave in corridor (zone 9) was observed during routine inspection. This presents a potential risk to staff in the building.,2026-01-05 00:00:00,Quality Control,Rwanda Manufacturing Co,Electrical,High,0,0,1
f0b0dc69-aea3-4252-9c29-7f203c7f880c,Poorly adjusted chair at Station 19 in corridor (Room 187),The poorly adjusted chair at station 19 in corridor (room 187) was observed during routine inspection. This presents a potential risk to staff in the building.,2025-09-05 00:00:00,Warehouse,Bugesera Cement Works,Ergonomic,Low,0,0,0
0a8bf2e9-ef6c-42a1-ab72-290dbee2a070,Improper desk height for shredder in server room (Room 179),Staff reported the improper desk height for shredder in server room (room 179) at approximately 10am. Site inspection confirmed the hazard. Warning signs posted.,2026-04-21 00:00:00,Assembly Line,RSSB Head Office,Ergonomic,Low,1,0,0
919f0255-384b-4863-8098-3cd5b1167e45,Spoiled materials found in workshop (Room 106),,2025-06-20 00:00:00,Kitchen,Bugesera Cement Works,Biological,Medium,5,0,0
3e030a15-237b-4c98-963d-51a8b4a955a1,Unsafe operation of generator in canteen (Room 157),Staff reported the unsafe operation of generator in canteen (room 157) at approximately 4pm. Site inspection confirmed the hazard. No temporary measures taken.,2024-10-28 00:00:00,Security,Huye Power Plant,Machinery,Medium,0,0,0
968e4b11-40ae-4c33-86f5-667c8754a27d,Pooling of lubricant near stairwell (Room 175),The pooling of lubricant near stairwell (room 175) was observed during routine inspection. This presents a potential risk to staff in the area.,2025-11-12 00:00:00,Transport,Rubavu Logistics Hub,Chemical,Medium,1,0,0
083e226d-4978-4ea1-a2ff-a612a441c907,Tripping hazard in toilet near Station 16 (Room 172),Report issued by supervisor. The tripping hazard in toilet near station 16 (room 172) has been reported by multiple staff members. Recommend temporary closure.,2025-05-12 00:00:00,Office Complex,Muhanga Agro-Processing,Slip/Trip/Fall,Medium,15,0,0
b73fb69f-e406-4a46-acd8-b9e740943935,Pest infestation in maintenance bay near loading bay (Room 102),The pest infestation in maintenance bay near loading bay (room 102) was observed during routine inspection. This presents a potential risk to staff in the department.,2025-02-07 00:00:00,Warehouse,RSSB Head Office,Biological,High,4,0,1
1b5946c3-e8d3-49e2-b8b0-676a18661943,Exposed belt on compressor at loading bay (Room 133),Staff reported the awkward lifting position at basement in workshop (room 118) at approximately 4pm. Site inspection confirmed the hazard. Tape has been placed.,2024-06-10 00:00:00,Warehouse,RSSB Head Office,Machinery,Medium,12,0,0
ab549cce-f9b5-4a74-8eac-1a6e677b6dc8,Improper storage of pesticides in break room (Room 157),The improper storage of pesticides in break room (room 157) was observed during routine inspection. This presents a potential risk to staff in the department.,2023-09-19 00:00:00,Kitchen,Huye Power Plant,Chemical,High,3,0,1
76860395-3b42-44a9-9e09-323112cbc7ea,Awkward lifting position at front gate in break room (Zone 11),I'm concerned about this.,2024-07-12 00:00:00,Warehouse,Rwanda Manufacturing Co,Ergonomic,Low,6,0,0
043ed1cc-0ddc-4fca-951c-79ad63b1365e,Biological waste disposal issue in car park (Zone 1),Staff reported the biological waste disposal issue in car park (zone 1) at approximately 10am. Site inspection confirmed the hazard. Tape has been placed.,2025-07-02 00:00:00,Transport,Rwanda Manufacturing Co,Biological,High,0,0,0
e4abf63b-6d18-4611-86da-d4d5b9d76e60,Fumes from lubricant near Station 20 (Room 184),Follow-up required on the fumes from lubricant near station 20 (room 184). The danger is rated as high due to proximity to staff.,2025-09-19 00:00:00,Storage Facility,Rwanda Manufacturing Co,Chemical,High,7,0,1
56ef5aa1-0def-4dc2-a1d8-12e5ac095390,Strange noise from motor at rooftop (Room 178),Report issued by team lead. The strange noise from motor at rooftop (room 178) has been reported by multiple staff members. Recommend further assessment.,2025-06-26 00:00:00,Warehouse,Rubavu Logistics Hub,Machinery,Critical,7,0,0
29dbfe64-549d-4db0-9d31-d865a6121460,Stagnant water near east wing causing Unpleasant odor,"During a walkthrough, staff noticed the flickering lights in basement near microwave. No immediate incident occurred but the potential for harm is significant.",2023-11-06 00:00:00,Production,Kigali Construction Ltd,Biological,High,1,0,1
d4021ab0-f237-44d5-bd50-f3ad06cc8c7e,Fumes from paint thinner near Station 16 (Room 180),The fumes from paint thinner near station 16 (room 180) was observed during routine inspection. This presents a potential risk to staff in the area.,2024-02-07 00:00:00,Laboratory,Huye Power Plant,Chemical,High,4,0,1
914af718-02c0-4dbd-9ff4-04a83e2488ec,Sparks observed from printer in loading dock (Room 198),The sparks observed from printer in loading dock (room 198) was observed during routine inspection. This presents a potential risk to staff in the area.,2023-10-26 00:00:00,Quality Control,Nyagatare Cattle Ranch,Electrical,Low,3,0,1
e589c390-67d4-4e80-ae10-09219012b73c,Poorly adjusted chair at Station 17 in toilet (Room 115),"During a walkthrough, staff noticed the poorly adjusted chair at station 17 in toilet (room 115). No immediate incident occurred but the potential for damage is significant.",2024-11-24 00:00:00,Kitchen,Gasabo Textile Factory,Ergonomic,Low,4,1,0
fdaa3740-223c-4d20-8607-3b6acb2d7957,Overloaded power outlet near inspection desk (Room 136),Report issued by employee. The overloaded power outlet near inspection desk (room 136) has been reported by multiple staff members. Recommend immediate repair.,2023-08-13 00:00:00,Kitchen,Bugesera Cement Works,Electrical,Critical,0,1,0
401d7382-9e9b-4ed9-b396-de39cb015043,Smoke detector malfunctioning in server room (Room 194),Report issued by safety rep. The smoke detector malfunctioning in server room (room 194) has been reported by multiple staff members. Recommend temporary closure.,2023-07-08 00:00:00,Production,Muhanga Agro-Processing,Fire,Critical,7,1,1
baa86f93-9150-4791-ab02-f4d9007d2201,Unlabeled degreaser container at receiving dock (Zone 8),,2024-09-17 00:00:00,Packaging,Rubavu Logistics Hub,Chemical,Medium,1,0,0
b1e19396-5bc8-4689-a488-1848072ebc7c,Fumes from degreaser near Station 8 (Room 114),The fumes from degreaser near station 8 (room 114) was observed during routine inspection. This presents a potential risk to staff in the area.,2023-11-18 00:00:00,Warehouse,RSSB Head Office,Chemical,Critical,1,1,0
d0e82975-75e5-47b8-949d-1adfad6900c0,Awkward lifting position at main lobby in storage room (Room 113),Report issued by team lead. The awkward lifting position at main lobby in storage room (room 113) has been reported by multiple staff members. Recommend review by safety team.,2024-12-02 00:00:00,Packaging,Bugesera Cement Works,Ergonomic,Medium,4,0,0
988720cb-6311-415f-9143-a32c784e9be2,Unsafe operation of bandsaw in toilet (Room 104),Report issued by supervisor. The unsafe operation of bandsaw in toilet (room 104) has been reported by multiple staff members. Recommend review by safety team.,2023-01-31 00:00:00,Storage Facility,Muhanga Agro-Processing,Machinery,Medium,1,0,0
fb867a32-685c-4b33-a58a-e55d052f2dfc,Blocked emergency route in north entrance (Room 174),This needs fixing urgently.,2024-05-22 00:00:00,Storage Facility,Musanze Mining Corp,Fire,Critical,1,0,1
30348322-b085-43e0-998b-ee5430f48c8d,Exposed plug on motor at perimeter fence (Room 178),"During a walkthrough, staff noticed the exposed plug on motor at perimeter fence (room 178). No immediate incident occurred but the potential for injury is significant.",2025-06-04 00:00:00,Office Complex,Nyagatare Cattle Ranch,Machinery,High,1,0,1
bc687b65-e89c-4547-a0f8-fdf05db87e0d,Poorly adjusted chair at Station 3 in cafeteria (Zone 3),Follow-up required on the poorly adjusted chair at station 3 in cafeteria (zone 3). The severity is rated as low due to lack of protection.,2026-03-07 00:00:00,Production,Gasabo Textile Factory,Ergonomic,Low,0,1,0
e3a427cd-bec6-4bde-97dc-7d06d15e8b98,Blocked emergency route in rooftop (Room 130),Follow-up required on the blocked emergency route in rooftop (room 130). The risk is rated as high due to proximity to staff.,2024-03-12 00:00:00,Production,Gasabo Textile Factory,Fire,High,1,0,0
d581e588-15a1-4a18-8543-8b0e2390a65d,Faulty fire extinguisher in car park (Sector C),Staff reported the faulty fire extinguisher in car park (sector c) at approximately 10am. Site inspection confirmed the hazard. Warning signs posted.,2024-04-24 00:00:00,Production,Bugesera Cement Works,Fire,Critical,6,0,0
075d0996-4c45-48ea-917d-40105bee588d,Overloaded power outlet near Station 19 (Room 198),Follow-up required on the overloaded power outlet near station 19 (room 198). The danger is rated as critical due to proximity to staff.,2025-12-03 00:00:00,Packaging,Kigali Construction Ltd,Electrical,Critical,3,0,0
af8c7b4e-1501-47ce-a377-6096a30c7423,Awkward lifting position at service elevator in canteen (Room 107),Staff reported the awkward lifting position at service elevator in canteen (room 107) at approximately 10am. Site inspection confirmed the hazard. No temporary measures taken.,2024-09-14 00:00:00,Administration,Muhanga Agro-Processing,Ergonomic,Medium,4,1,0
a37c5d8b-0e6f-4e07-933b-8ade90645ea7,Poorly adjusted chair at Station 8 in server room (Room 172),Staff reported the poorly adjusted chair at station 8 in server room (room 172) at approximately 2pm. Site inspection confirmed the hazard. No temporary measures taken.,2025-02-03 00:00:00,Production,Huye Power Plant,Ergonomic,Medium,0,0,1
7eab4d5d-8966-49f5-ba0c-a29f09bce54c,Improper storage of chlorine in canteen (Room 164),Report issued by safety rep. The improper storage of chlorine in canteen (room 164) has been reported by multiple staff members. Recommend immediate repair.,2024-10-17 00:00:00,Packaging,Nyagatare Cattle Ranch,Chemical,Critical,4,0,0
71cab28e-4cd1-4023-840b-6e53cae7a7a2,Improper desk height for coffee maker in office (Room 175),Staff reported the improper desk height for coffee maker in office (room 175) at approximately 10am. Site inspection confirmed the hazard. No temporary measures taken.,2024-07-18 00:00:00,Laboratory,Muhanga Agro-Processing,Ergonomic,High,0,0,0
64b0eb2e-e6f5-4864-9629-ad31dfef0a5c,Improper desk height for hand truck in office (Room 133),Follow-up required on the improper desk height for hand truck in office (room 133). The severity is rated as high due to proximity to staff.,2023-07-10 00:00:00,Transport,Huye Power Plant,Ergonomic,High,7,0,0
87496c75-f1c6-41f7-a837-0d268e4dc293,Spoiled materials found in stairwell (Room 112),"During a walkthrough, staff noticed the spoiled materials found in stairwell (room 112). No immediate incident occurred but the potential for damage is significant.",2024-09-08 00:00:00,Kitchen,Huye Power Plant,Biological,Medium,0,1,0
4084dbe2-8916-476f-9e07-94fa2ad8d626,Smoke detector malfunctioning in canteen (Room 171),Follow-up required on the smoke detector malfunctioning in canteen (room 171). The danger is rated as critical due to exposure levels.,2023-06-04 00:00:00,Transport,Rubavu Logistics Hub,Fire,Critical,2,1,0
267cbba6-dca9-4df0-970c-6844fe1172aa,Faulty fire extinguisher in car park (Room 183),The faulty fire extinguisher in car park (room 183) was observed during routine inspection. This presents a potential risk to staff in the department.,2025-03-25 00:00:00,Security,Nyagatare Cattle Ranch,Fire,Critical,2,0,0
2883bb9f-55e1-4d91-834f-8b9c9348d883,Strange noise from drill press at receiving dock (Room 191),Follow-up required on the strange noise from drill press at receiving dock (room 191). The danger is rated as critical due to lack of protection.,2024-02-17 00:00:00,Laboratory,Huye Power Plant,Machinery,Critical,0,1,0
70f9732e-2968-42bf-b435-b345d3886951,Exposed belt on shredder in break room (Room 120),Report issued by employee. The exposed belt on shredder in break room (room 120) has been reported by multiple staff members. Recommend further assessment.,2025-10-25 00:00:00,Administration,Muhanga Agro-Processing,Electrical,Critical,0,1,0
c883fcfe-8aec-4890-b8a7-5f934978c30a,Improper storage of lubricant in office (Room 160),Report issued by safety rep. The improper storage of lubricant in office (room 160) has been reported by multiple staff members. Recommend temporary closure.,2023-01-15 00:00:00,Laboratory,Bugesera Cement Works,Chemical,High,4,1,1
fc534d64-c213-4e70-8081-196e1f3b9de7,Damaged power cord on air conditioner at south wing (Room 116),The damaged power cord on air conditioner at south wing (room 116) was observed during routine inspection. This presents a potential risk to staff in the department.,2023-04-04 00:00:00,Workshop,Kigali Construction Ltd,Electrical,Critical,8,0,1
90683854-1ac3-47d8-9bfa-eda1d1598b4c,Poorly adjusted chair at inspection desk in lobby (Room 141),Report issued by employee. The poorly adjusted chair at inspection desk in lobby (room 141) has been reported by multiple staff members. Recommend temporary closure.,2023-10-27 00:00:00,Packaging,Rwanda Manufacturing Co,Ergonomic,Low,8,0,0
a652f9dd-d78d-42d8-82fe-690ac5d96572,Strange noise from packaging unit at rooftop (Room 132),This has been like this for weeks.,2025-09-07 00:00:00,Workshop,Rubavu Logistics Hub,Machinery,Critical,3,1,1
9cab0d68-af44-4c99-aa44-ab06c7b1d670,Overloaded power outlet near packing station (Room 120),"During a walkthrough, staff noticed the overloaded power outlet near packing station (room 120). No immediate incident occurred but the potential for harm is significant.",2025-03-17 00:00:00,Maintenance,Rubavu Logistics Hub,Electrical,High,9,0,0
71d0d943-c028-4b21-b794-77edb86c4bfd,Sparks observed from computer in car park (Room 128),"During a walkthrough, staff noticed the sparks observed from computer in car park (room 128). No immediate incident occurred but the potential for injury is significant.",2023-12-23 00:00:00,Administration,Gasabo Textile Factory,Electrical,Medium,8,1,1
3f38bd4d-e4bf-41b2-a514-ffdb02b3f0a1,Improper desk height for air conditioner in workshop (Room 127),Staff reported the improper desk height for air conditioner in workshop (room 127) at approximately 4pm. Site inspection confirmed the hazard. Tape has been placed.,2023-03-02 00:00:00,Assembly Line,Kigali Construction Ltd,Ergonomic,Medium,0,0,0
a3c6c806-6d0a-4293-bbf8-b945707c56d6,Overloaded power outlet near Station 1 (Room 150),Follow-up required on the overloaded power outlet near station 1 (room 150). The danger is rated as critical due to frequency of use.,2025-06-15 00:00:00,Security,Gasabo Textile Factory,Electrical,Critical,3,1,1
451de3d4-2073-4af0-8b23-9fe2231a32cc,Biological waste disposal issue in server room (Room 115),Report issued by supervisor. The biological waste disposal issue in server room (room 115) has been reported by multiple staff members. Recommend temporary closure.,2023-03-30 00:00:00,Transport,Rubavu Logistics Hub,Biological,Low,1,0,0
69d6e130-db3a-4837-989e-e7bda3692e5c,Faulty fire extinguisher in canteen (Room 144),Follow-up required on the faulty fire extinguisher in canteen (room 144). The risk is rated as high due to lack of protection.,2024-11-24 00:00:00,Warehouse,Rubavu Logistics Hub,Fire,High,2,1,1
fff91982-be6e-4c7e-95f2-d34a2d3dd2eb,Smoke detector malfunctioning in car park (Room 189),Follow-up required on the smoke detector malfunctioning in car park (room 189). The severity is rated as critical due to frequency of use.,2023-03-22 00:00:00,Kitchen,Kigali Construction Ltd,Fire,Critical,1,0,0
1e17599d-6155-44da-91df-53792486bbe6,Awkward lifting position at main lobby in chemical storage (Room 131),The awkward lifting position at main lobby in chemical storage (room 131) was observed during routine inspection. This presents a potential risk to staff in the department.,2023-02-09 00:00:00,Storage Facility,Muhanga Agro-Processing,Ergonomic,Medium,0,0,0
5654e424-8805-460e-9aff-f74ca9f3ae4c,Loose carpet in warehouse near east wing (Room 139),The loose carpet in warehouse near east wing (room 139) was observed during routine inspection. This presents a potential risk to staff in the building.,2025-11-04 00:00:00,Maintenance,Muhanga Agro-Processing,Slip/Trip/Fall,Low,2,0,0
3a03d5da-13a7-450f-a35e-90d30522f5a4,Damaged power cord on air conditioner at west exit (Zone 3),Staff reported the damaged power cord on air conditioner at west exit (zone 3) at approximately 8am. Site inspection confirmed the hazard. No temporary measures taken.,2023-03-04 00:00:00,Packaging,Kigali Construction Ltd,Electrical,High,9,1,0
791b31dd-6473-40a4-ad47-325ca5c2e68b,Improper desk height for printer in assembly area (Room 124),The improper desk height for printer in assembly area (room 124) was observed during routine inspection. This presents a potential risk to staff in the department.,2026-04-11 00:00:00,Security,Huye Power Plant,Ergonomic,Low,9,1,0
3f901141-b942-47bf-9abe-a8160f99c816,Flickering lights in south wing near computer,Follow-up required on the flickering lights in south wing near computer. The risk is rated as critical due to lack of protection.,2024-01-25 00:00:00,Administration,RSSB Head Office,Electrical,Critical,2,0,1
30bfaec9-c28d-48d7-9268-6fb3a2ceec33,Sparks observed from coffee maker in canteen (Room 129) (similar to report #438),Report issued by safety rep. The sparks observed from coffee maker in canteen (room 129) (similar to report #438) has been reported by multiple staff members. Recommend further assessment.,2025-03-31 00:00:00,Warehouse,Gasabo Textile Factory,Electrical,Critical,1,0,1
9b3aff6e-ebea-44ba-86ec-a6ae26efdf34,Improper storage of industrial glue in break room (Room 195),This has been like this for weeks.,2025-03-08 00:00:00,Quality Control,Kigali Construction Ltd,Chemical,High,0,1,1
c477d473-1f13-4638-b6ff-620e7f412731,Blocked fire exit at receiving dock near workshop (Room 198),Staff reported the blocked fire exit at receiving dock near workshop (room 198) at approximately 2pm. Site inspection confirmed the hazard. Warning signs posted.,2023-07-23 00:00:00,Loading Bay,Musanze Mining Corp,Fire,Critical,15,1,0
1f947444-4f0f-4701-b175-6eb0676600a2,Flickering lights in east wing near grinder,Staff reported the flickering lights in east wing near grinder at approximately 2pm. Site inspection confirmed the hazard. Warning signs posted.,2023-11-26 00:00:00,Laboratory,Nyagatare Cattle Ranch,Electrical,Critical,3,1,1
a55a0b0e-ea9e-45b4-a53e-b8123d206f27,Sparks observed from power drill in toilet (Room 190),This needs fixing urgently.,2025-08-11 00:00:00,Laboratory,Nyagatare Cattle Ranch,Electrical,Critical,8,0,1
15049b65-5da0-4a92-8138-aadd2dc37a04,Poorly adjusted chair at Station 8 in assembly area (Room 107) (similar to report #537),Follow-up required on the poorly adjusted chair at station 8 in assembly area (room 107) (similar to report #537). The risk is rated as high due to proximity to staff.,2025-05-16 00:00:00,Administration,RSSB Head Office,Slip/Trip/Fall,High,5,0,0
2d5f01b0-6b87-46f9-a2c7-a7f546564b40,Broken motor on bandsaw in server room (Room 140),,2024-10-20 00:00:00,Workshop,Gasabo Textile Factory,Machinery,Medium,0,1,0
4bdb95c8-8e2e-42b1-8f8d-64b43965b040,Debris in storage room near Station 20 (Room 133),"During a walkthrough, staff noticed the debris in storage room near station 20 (room 133). No immediate incident occurred but the potential for injury is significant.",2026-03-22 00:00:00,Administration,Huye Power Plant,Slip/Trip/Fall,High,7,1,0
317b6a86-6113-4132-a934-1560cb3c31cd,Cluttered floor space around grinder at loading bay,Follow-up required on the cluttered floor space around grinder at loading bay. The risk is rated as medium due to lack of protection.,2025-02-19 00:00:00,Kitchen,Rwanda Manufacturing Co,Slip/Trip/Fall,Medium,7,0,1
49ff514d-fb5d-43e4-ad71-3f1f1f233fe4,Faulty connector on pump system near Station 12,Follow-up required on the faulty connector on pump system near station 12. The severity is rated as critical due to exposure levels.,2023-03-07 00:00:00,Packaging,RSSB Head Office,Machinery,Critical,7,0,1
a6055e53-3c3d-4fc2-86d1-67b4ee6f8509,Cluttered floor space around power drill at west exit,Staff reported the damaged power cord on boiler at main lobby (room 137) at approximately 4pm. Site inspection confirmed the hazard. No temporary measures taken.,2025-11-20 00:00:00,Storage Facility,Rubavu Logistics Hub,Slip/Trip/Fall,Low,3,0,0
fd24da04-0a6e-4932-ae74-3c6d12a1942f,Overloaded power outlet near Station 6 (Room 185),Report issued by safety rep. The overloaded power outlet near station 6 (room 185) has been reported by multiple staff members. Recommend further assessment.,2026-01-25 00:00:00,Kitchen,Rubavu Logistics Hub,Electrical,Critical,0,1,1
99740bcc-9596-40ed-ad9a-92ef6e727a0e,Faulty gear on exhaust fan near Station 9,Report issued by team lead. The faulty gear on exhaust fan near station 9 has been reported by multiple staff members. Recommend immediate repair.,2026-03-27 00:00:00,Assembly Line,RSSB Head Office,Machinery,Critical,1,0,0
5965fea5-ca02-44ef-b6ff-7044f641d502,Exposed switch on hand truck in corridor (Room 107),Follow-up required on the exposed switch on hand truck in corridor (room 107). The danger is rated as critical due to lack of protection.,2023-09-01 00:00:00,Quality Control,Bugesera Cement Works,Electrical,Critical,4,0,1
9a34fa9c-1f56-45ef-a1ba-3fdefddec0aa,Faulty gear on crusher near Station 7,Follow-up required on the faulty gear on crusher near station 7. The severity is rated as critical due to proximity to staff.,2025-09-24 00:00:00,Loading Bay,Kigali Construction Ltd,Machinery,Critical,6,0,1
3bf11b34-9352-401c-8bb5-bccd85e8917a,Check required,Staff reported the check required at approximately 8am. Site inspection confirmed the hazard. Warning signs posted.,2024-01-05 00:00:00,Administration,Gasabo Textile Factory,Biological,Medium,2,0,0
a8b9e116-cd05-4c98-a0f5-3985ed0c2e16,Loose carpet in cafeteria near main corridor (Room 108),Staff reported the loose carpet in cafeteria near main corridor (room 108) at approximately 8am. Site inspection confirmed the hazard. Tape has been placed.,2025-04-03 00:00:00,Kitchen,Bugesera Cement Works,Slip/Trip/Fall,Low,3,0,0
78c2b691-124a-4ed7-8872-a95cb1efe871,Spilled ammonia around service elevator (Room 118),"During a walkthrough, staff noticed the spilled ammonia around service elevator (room 118). No immediate incident occurred but the potential for damage is significant.",2025-03-10 00:00:00,Transport,Muhanga Agro-Processing,Chemical,High,5,0,1
cd3cbabc-64fe-4526-9e71-34f9f6f751cf,Improper storage of degreaser in server room (Room 137),"During a walkthrough, staff noticed the damaged power cord on transformer at emergency stairs (room 122) (similar to report #2058). No immediate incident occurred but the potential for harm is significant.",2027-02-03 00:00:00,Administration,Rubavu Logistics Hub,Chemical,High,0,0,1
d8522248-1a6e-4229-81ed-63a534b26227,Accumulated flammable material near grinder (Zone 13),Report issued by team lead. The accumulated flammable material near grinder (zone 13) has been reported by multiple staff members. Recommend further assessment.,2023-12-10 00:00:00,Kitchen,Nyagatare Cattle Ranch,Fire,Critical,0,1,1
8ae476ac-c9b7-4402-ab2d-f706d5cb329a,Stagnant water near main corridor causing Bacterial contamination risk,Follow-up required on the stagnant water near main corridor causing bacterial contamination risk. The risk is rated as low due to lack of protection.,2023-05-22 00:00:00,Administration,Musanze Mining Corp,Biological,Low,5,0,0
2b2b6ded-777b-40d4-97c1-3a0ecf30ac8f,Exposed switch on hoist in canteen (Room 165),Staff reported the smoke detector malfunctioning in stairwell (room 181) at approximately 4pm. Site inspection confirmed the hazard. No temporary measures taken.,2025-12-05 00:00:00,Quality Control,Huye Power Plant,Electrical,Medium,4,0,1
dd26b527-86df-487e-a720-71f11a3d91c8,Unsafe operation of hydraulic press in server room (Room 191),Report issued by supervisor. The unsafe operation of hydraulic press in server room (room 191) has been reported by multiple staff members. Recommend further assessment.,2024-11-22 00:00:00,Laboratory,RSSB Head Office,Machinery,High,5,0,1
cab872b4-7853-4889-8e00-89918e1d0abb,Spilled epoxy around basement (Zone 13),I'm concerned about this.,2025-07-17 00:00:00,Maintenance,Huye Power Plant,Chemical,Medium,1,0,0
9bb8721e-2a6f-4230-8a78-831aa2b52c0c,Biological waste disposal issue in lobby (Room 181),Please investigate.,2025-07-12 00:00:00,Production,RSSB Head Office,Biological,Low,1,1,1
c0922bae-f0a2-4aeb-b28e-24af4691d8f8,Faulty fire extinguisher in warehouse (Room 182),Follow-up required on the faulty fire extinguisher in warehouse (room 182). The risk is rated as high due to exposure levels.,2023-05-19 00:00:00,Administration,Huye Power Plant,Fire,High,0,0,1
bc3780b6-c7e9-4a7e-9490-7c0aa6366339,Unlabeled industrial glue container at main lobby (Sector F),Staff reported the unlabeled industrial glue container at main lobby (sector f) at approximately 2pm. Site inspection confirmed the hazard. No temporary measures taken.,2025-07-19 00:00:00,Office Complex,RSSB Head Office,Chemical,Medium,0,1,0
c679a7e5-f6b9-4be4-b34d-1005cfdbb9b8,Biological waste disposal issue in toilet (Room 142),Report issued by employee. The improper storage of epoxy in lobby (room 196) has been reported by multiple staff members. Recommend review by safety team.,2023-01-04 00:00:00,Transport,Gasabo Textile Factory,Biological,Low,3,0,0
48b39f00-d58a-4457-bcd2-4d5b2bdf7cd0,Smoke detector malfunctioning in server room (Room 132),The smoke detector malfunctioning in server room (room 132) was observed during routine inspection. This presents a potential risk to staff in the building.,2023-10-01 00:00:00,Quality Control,Muhanga Agro-Processing,Fire,Critical,3,1,0
bbf27d77-0380-4ee3-bc90-f87878a44ae9,Loose carpet in server room near receiving dock (Room 178),The loose carpet in server room near receiving dock (room 178) was observed during routine inspection. This presents a potential risk to staff in the department.,2023-07-24 00:00:00,Workshop,RSSB Head Office,Slip/Trip/Fall,High,0,0,0
71b1e9fc-bd2d-477f-ab25-63631f4136a7,Exposed switch on welding station at rooftop (Room 151),Report issued by team lead. The exposed switch on welding station at rooftop (room 151) has been reported by multiple staff members. Recommend temporary closure.,2025-04-22 00:00:00,Production,Gasabo Textile Factory,Machinery,High,2,0,0
6d3dc23e-7180-43dd-b8b9-ea98fc040f69,Loose carpet in cafeteria near south wing (Room 149),Staff reported the loose carpet in cafeteria near south wing (room 149) at approximately 4pm. Site inspection confirmed the hazard. No temporary measures taken.,2025-09-19 00:00:00,Assembly Line,Gasabo Textile Factory,Slip/Trip/Fall,Low,0,0,0
a9532814-0843-4335-a4e3-d9a330b99be4,Spilled ammonia around east wing (Zone 13),Follow-up required on the spilled ammonia around east wing (zone 13). The risk is rated as medium due to frequency of use.,2024-06-20 00:00:00,Workshop,Nyagatare Cattle Ranch,Chemical,Medium,2,0,0
b89f5821-82ba-4f55-b33b-9713724f6f00,Cluttered floor space around microwave at emergency stairs,Report issued by safety rep. The cluttered floor space around microwave at emergency stairs has been reported by multiple staff members. Recommend immediate repair.,2024-06-20 00:00:00,Production,Muhanga Agro-Processing,Slip/Trip/Fall,Low,9,0,0
776acb13-ecc7-4349-8e31-c6300264047c,Flickering lights in loading bay near power drill,"During a walkthrough, staff noticed the flickering lights in loading bay near power drill. No immediate incident occurred but the potential for injury is significant.",2024-11-29 00:00:00,Loading Bay,Musanze Mining Corp,Electrical,High,0,0,0
fd62f7b9-b8fe-49dc-84a5-9cbc3a6d8fed,Spoiled materials found in maintenance bay (Room 124),Follow-up required on the spoiled materials found in maintenance bay (room 124). The severity is rated as critical due to proximity to staff.,2023-09-13 00:00:00,Office Complex,RSSB Head Office,Biological,Critical,4,0,0
a11f0db6-c208-482c-a628-961ec76b73cf,Unlabeled chlorine container at receiving dock (Sector B),The unlabeled chlorine container at receiving dock (sector b) was observed during routine inspection. This presents a potential risk to staff in the area.,2023-02-18 00:00:00,Office Complex,Nyagatare Cattle Ranch,Chemical,Critical,2,1,1
6a593788-071f-4c66-b86f-246070c22019,Damaged power cord on microwave at main corridor (Room 117),Follow-up required on the damaged power cord on microwave at main corridor (room 117). The risk is rated as medium due to proximity to staff.,2026-04-28 00:00:00,Administration,Gasabo Textile Factory,Electrical,Medium,4,0,1
0310b393-8e3b-49dc-8c50-1ebec701c381,Cluttered floor space around hand truck at emergency stairs,Can someone look at this?,2024-12-16 00:00:00,Sanitation,Muhanga Agro-Processing,Slip/Trip/Fall,Low,2,0,0
93a28637-eafb-4f8e-bd13-7a8def9c65ea,Spilled epoxy around front gate (Sector F) (similar to report #714),Report issued by safety rep. The spilled epoxy around front gate (sector f) (similar to report #714) has been reported by multiple staff members. Recommend review by safety team.,2023-08-27 00:00:00,Kitchen,Huye Power Plant,Slip/Trip/Fall,Medium,1,1,0
29fd6710-5194-4f96-a5cb-657e73d48ae9,Strange noise from lathe at north entrance (Room 111),Can someone look at this?,2025-10-03 00:00:00,Storage Facility,RSSB Head Office,Machinery,High,13,0,0
01d3aadc-e95a-4462-a345-ac030fc1daad,Spilled bleach around front gate (Room 189),,2025-09-07 00:00:00,Quality Control,Rwanda Manufacturing Co,Chemical,Medium,1,1,0
9bbb0b70-17b1-45b0-b16e-0056fea99e5e,Poorly adjusted chair at control panel in corridor (Room 160),Follow-up required on the poorly adjusted chair at control panel in corridor (room 160). The danger is rated as high due to frequency of use.,2023-11-20 00:00:00,Quality Control,Bugesera Cement Works,Ergonomic,High,8,0,0
9ea30b7b-24f4-4f7f-b33d-2207783322ca,Overloaded power outlet near reception (Room 178),The overloaded power outlet near reception (room 178) was observed during routine inspection. This presents a potential risk to staff in the area.,2027-12-13 00:00:00,Warehouse,Nyagatare Cattle Ranch,Electrical,Critical,15,0,1
af9043b7-2b42-448c-916d-d60e3874de5a,Spilled lubricant around north entrance (Room 162),Follow-up required on the spilled lubricant around north entrance (room 162). The danger is rated as critical due to exposure levels.,2025-07-17 00:00:00,Kitchen,Bugesera Cement Works,Chemical,Critical,1,0,0
7667ee87-eb85-421b-8a78-0a1aee519cc6,Awkward lifting position at basement in office (Room 117),Please investigate.,2024-03-10 00:00:00,Kitchen,Bugesera Cement Works,Ergonomic,Low,0,1,0
db768b51-0e44-4737-8f0b-4b6d431161ec,Unsafe operation of compressor in server room (Room 153),Follow-up required on the unsafe operation of compressor in server room (room 153). The danger is rated as critical due to frequency of use.,2024-08-16 00:00:00,Warehouse,Musanze Mining Corp,Machinery,Critical,2,0,1
8a7686d2-dce3-45ec-b68d-99686c3d845a,Accumulated flammable material near computer (Room 119),"During a walkthrough, staff noticed the accumulated flammable material near computer (room 119). No immediate incident occurred but the potential for damage is significant.",2023-10-28 00:00:00,Security,Rubavu Logistics Hub,Fire,Critical,5,1,0
330f851a-4134-4b99-aabc-62ce59d7cd07,Cluttered floor space around coffee maker at loading bay,Follow-up required on the obstacle in walkway at rooftop (zone 6). The severity is rated as high due to proximity to staff.,2024-10-12 00:00:00,Quality Control,Huye Power Plant,Slip/Trip/Fall,Low,14,1,0
ecacd049-f227-4aaa-a39b-c8ec870da6a3,Exposed belt on welding station at loading bay (Room 159),Staff reported the exposed belt on welding station at loading bay (room 159) at approximately 10am. Site inspection confirmed the hazard. No temporary measures taken.,2024-07-01 00:00:00,Storage Facility,Rwanda Manufacturing Co,Machinery,Critical,15,0,1
897ea7ba-c9d6-4d35-8bb1-36e114d9f7ff,Unsafe operation of forklift in maintenance bay (Room 154),Follow-up required on the unsafe operation of forklift in maintenance bay (room 154). The risk is rated as high due to frequency of use.,2025-02-15 00:00:00,Security,Nyagatare Cattle Ranch,Machinery,High,2,1,1
0e34fa6c-9403-4e2d-81a6-1f79498387bc,Exposed gear on power drill in chemical storage (Zone 4),"During a walkthrough, staff noticed the exposed gear on power drill in chemical storage (zone 4). No immediate incident occurred but the potential for damage is significant.",2025-07-26 00:00:00,Assembly Line,Musanze Mining Corp,Electrical,Critical,1,1,0
377277d8-5288-4103-91e7-3bb88cc08cc0,Spoiled materials found in chemical storage (Zone 13),The spoiled materials found in chemical storage (zone 13) was observed during routine inspection. This presents a potential risk to staff in the area.,2024-03-14 00:00:00,Kitchen,Rubavu Logistics Hub,Biological,High,3,0,0
28b13335-75ca-4c84-b8ac-379f879fd50a,Spilled liquid in car park near Station 6 (Room 172),Report issued by employee. The spilled liquid in car park near station 6 (room 172) has been reported by multiple staff members. Recommend further assessment.,2025-01-14 00:00:00,Laboratory,Gasabo Textile Factory,Slip/Trip/Fall,Low,1,0,0
d75df48c-f71a-4404-b0bd-dea845685b26,Hazard observed,Follow-up required on the spoiled materials found in corridor (room 122). The risk is rated as high due to frequency of use.,2023-03-12 00:00:00,Assembly Line,Huye Power Plant,Electrical,Critical,13,1,1
92a731cc-87fc-498f-8d88-30a62123375b,Stagnant water near south wing causing Insects found,The stagnant water near south wing causing insects found was observed during routine inspection. This presents a potential risk to staff in the area.,2025-10-06 00:00:00,Assembly Line,Gasabo Textile Factory,Biological,Medium,1,0,0
7435174d-9d4c-47e4-b636-4afca2b80d3d,Smoke detector malfunctioning in storage room (Room 177),Staff reported the smoke detector malfunctioning in storage room (room 177) at approximately 2pm. Site inspection confirmed the hazard. Tape has been placed.,2026-02-28 00:00:00,Sanitation,Musanze Mining Corp,Fire,Critical,0,1,1
b1be5cd0-3964-4ef8-bfdc-1b3ef3df9ca6,Accumulated flammable material near transformer (Room 128),Can someone look at this?,2025-09-10 00:00:00,Warehouse,Bugesera Cement Works,Fire,High,8,0,1
26f3b00c-99be-4991-954b-281f841d4754,Improper desk height for coffee maker in warehouse (Room 190),Follow-up required on the improper desk height for coffee maker in warehouse (room 190). The severity is rated as medium due to proximity to staff.,2023-05-04 00:00:00,Kitchen,Musanze Mining Corp,Ergonomic,Medium,13,0,0
1f8eb1da-c0a4-48a1-800d-8ed584a74473,Cluttered floor space around coffee maker at south wing,Staff reported the cluttered floor space around coffee maker at south wing at approximately 4pm. Site inspection confirmed the hazard. Warning signs posted.,2025-11-09 00:00:00,Office Complex,Huye Power Plant,Slip/Trip/Fall,Medium,15,1,1
26fd5473-bbc9-467d-b601-8730f1102634,Hazard observed (similar to report #1603),The hazard observed was observed during routine inspection. This presents a potential risk to staff in the department.,2024-06-05 00:00:00,Warehouse,Huye Power Plant,Ergonomic,High,7,0,1
01640993-a7e8-4b39-9e49-c507837fae15,Awkward lifting position at emergency stairs in lobby (Room 133),,2024-09-07 00:00:00,Loading Bay,Kigali Construction Ltd,Ergonomic,Medium,0,1,1
2381e2d7-eb87-4123-980a-da547e7e27da,Strange noise from drill press at main corridor (Room 136),Staff reported the strange noise from drill press at main corridor (room 136) at approximately 2pm. Site inspection confirmed the hazard. Warning signs posted.,2027-07-22 00:00:00,Kitchen,Rwanda Manufacturing Co,Machinery,High,6,0,1
3f966a66-6baf-4203-8b97-5a406a42cf01,Cluttered floor space around computer at front gate,Follow-up required on the cluttered floor space around computer at front gate. The danger is rated as high due to exposure levels.,2026-03-09 00:00:00,Kitchen,Muhanga Agro-Processing,Slip/Trip/Fall,High,3,0,1
98dce40d-582d-4e8e-aeb0-1048c9523f71,Biological waste disposal issue in assembly area (Room 145),Follow-up required on the biological waste disposal issue in assembly area (room 145). The risk is rated as low due to exposure levels.,2025-08-25 00:00:00,Production,Kigali Construction Ltd,Biological,Low,0,0,0
00e582c1-fbe8-499b-9b73-e2e677de764a,Awkward lifting position at rooftop in chemical storage (Room 137),Staff reported the awkward lifting position at rooftop in chemical storage (room 137) at approximately 4pm. Site inspection confirmed the hazard. Tape has been placed.,2023-09-28 00:00:00,Warehouse,RSSB Head Office,Ergonomic,Low,1,0,0
e8cda1f0-e39b-45c6-afd7-8c0300c2ad12,Exposed pipe on milling machine at north entrance (Room 172),Report issued by employee. The exposed pipe on milling machine at north entrance (room 172) has been reported by multiple staff members. Recommend immediate repair.,2023-08-06 00:00:00,Storage Facility,Bugesera Cement Works,Machinery,Low,4,1,0
ef1b03ae-35b8-4ed3-8653-546efa743e94,Damaged power cord on printer at front gate (Sector E),Please investigate.,2023-10-12 00:00:00,Workshop,Nyagatare Cattle Ranch,Electrical,Critical,6,0,0
72c3c1c9-3a4c-4ac3-b619-c807d04f769b,Loose carpet in maintenance bay near rear exit (Room 168),The loose carpet in maintenance bay near rear exit (room 168) was observed during routine inspection. This presents a potential risk to staff in the area.,2023-11-08 00:00:00,Kitchen,RSSB Head Office,Slip/Trip/Fall,Medium,0,0,0
6c7e2b39-d9f0-4fa9-97f8-054e9100b707,Awkward lifting position at north entrance in loading dock (Room 177),The awkward lifting position at north entrance in loading dock (room 177) was observed during routine inspection. This presents a potential risk to staff in the department.,2023-06-24 00:00:00,Warehouse,Musanze Mining Corp,Ergonomic,Low,0,1,0
10a1b568-3b1e-4fab-a378-df5b3bd01ce6,Poorly adjusted chair at inspection desk in assembly area (Room 184),Staff reported the poorly adjusted chair at inspection desk in assembly area (room 184) at approximately 10am. Site inspection confirmed the hazard. Warning signs posted.,2024-12-03 00:00:00,Transport,Gasabo Textile Factory,Ergonomic,Low,7,0,0
5f3571d0-ae39-48f1-8315-bcca54ebbe80,Awkward lifting position at rooftop in corridor (Room 131),"During a walkthrough, staff noticed the awkward lifting position at rooftop in corridor (room 131). No immediate incident occurred but the potential for harm is significant.",2025-01-11 00:00:00,Sanitation,Rubavu Logistics Hub,Ergonomic,Medium,4,1,0
9b0e2311-6a2e-41ed-a8ae-17e41e09532e,Sparks observed from computer in loading dock (Room 170),Staff reported the sparks observed from computer in loading dock (room 170) at approximately 10am. Site inspection confirmed the hazard. Tape has been placed.,2024-10-20 00:00:00,Sanitation,Bugesera Cement Works,Electrical,Critical,1,1,0
ebff0b13-6529-4ac8-8885-25e0563bc20c,Accumulated flammable material near coffee maker (Room 190),Please investigate.,2025-02-21 00:00:00,Packaging,Rwanda Manufacturing Co,Fire,Critical,4,0,1
4b7c05bc-2eac-4c7c-b080-3c0928b5715d,Faulty valve on exhaust fan near Station 3,Follow-up required on the faulty valve on exhaust fan near station 3. The severity is rated as medium due to exposure levels.,2024-12-22 00:00:00,Assembly Line,Muhanga Agro-Processing,Machinery,Medium,0,1,1
8eacd33f-e348-40cd-bbec-ca0a156a0030,Strange noise from bandsaw at rooftop (Room 121),Report issued by safety rep. The strange noise from bandsaw at rooftop (room 121) has been reported by multiple staff members. Recommend further assessment.,2026-02-04 00:00:00,Kitchen,Bugesera Cement Works,Machinery,High,2,0,0
92d6f6a8-4c5a-4ecc-ac9d-b028f8f3e54a,Spilled acids around main corridor (Room 173),I'm concerned about this.,2024-08-19 00:00:00,Maintenance,RSSB Head Office,Chemical,High,1,0,1
d7a4f0e6-9bca-4def-a93f-7f3df51382f7,Improper storage of chlorine in assembly area (Room 193),Report issued by team lead. The improper storage of chlorine in assembly area (room 193) has been reported by multiple staff members. Recommend review by safety team.,2024-08-12 00:00:00,Packaging,Muhanga Agro-Processing,Chemical,Critical,0,0,1
a8aeff98-e209-4efd-b645-87f2608a9515,Blocked emergency route in front gate (Room 139),Follow-up required on the blocked emergency route in front gate (room 139). The severity is rated as critical due to lack of protection.,2023-08-29 00:00:00,Kitchen,Nyagatare Cattle Ranch,Fire,Critical,1,0,1
1ff6bac6-5e40-4b16-9e65-084578a1e9fc,Sparks observed from ventilator in maintenance bay (Room 166),The sparks observed from ventilator in maintenance bay (room 166) was observed during routine inspection. This presents a potential risk to staff in the building.,2025-11-15 00:00:00,Assembly Line,Bugesera Cement Works,Electrical,Critical,11,1,1
331b99d0-1d07-4fe9-9ae3-d74f3f2ca3c8,Unsafe operation of forklift in warehouse (Room 140),Staff reported the unsafe operation of forklift in warehouse (room 140) at approximately 4pm. Site inspection confirmed the hazard. Tape has been placed.,2024-01-09 00:00:00,Assembly Line,Kigali Construction Ltd,Machinery,High,5,0,1
aa908087-8226-4b0e-b8f2-92272520ef9a,Poorly adjusted chair at workbench in break room (Room 179),"During a walkthrough, staff noticed the poorly adjusted chair at workbench in break room (room 179). No immediate incident occurred but the potential for harm is significant.",2024-11-09 00:00:00,Production,Rubavu Logistics Hub,Ergonomic,Medium,3,1,0
632bee13-d9f9-43c4-bd0f-0ce9af9d3b58,Biological waste disposal issue in server room (Room 167),"During a walkthrough, staff noticed the biological waste disposal issue in server room (room 167). No immediate incident occurred but the potential for injury is significant.",2023-06-03 00:00:00,Sanitation,Rwanda Manufacturing Co,Biological,High,0,1,0
e4230101-e9f2-4834-9c07-89fee78ea4c3,Oil spill in maintenance bay near checkout counter (Room 144),"During a walkthrough, staff noticed the oil spill in maintenance bay near checkout counter (room 144). No immediate incident occurred but the potential for harm is significant.",2026-05-16 00:00:00,Workshop,Rubavu Logistics Hub,Slip/Trip/Fall,Medium,4,1,0
7f6ff2ab-a142-4fe6-baac-98605928e0fb,Stagnant water near front gate causing Pest infestation,Report issued by safety rep. The stagnant water near front gate causing pest infestation has been reported by multiple staff members. Recommend immediate repair.,2023-03-08 00:00:00,Maintenance,Kigali Construction Ltd,Biological,High,11,0,1
eaee8f65-6322-4853-94e7-1349fec3245d,Repetitive strain risk operating server rack at Station 8,Staff reported the repetitive strain risk operating server rack at station 8 at approximately 2pm. Site inspection confirmed the hazard. No temporary measures taken.,2024-10-28 00:00:00,Loading Bay,Musanze Mining Corp,Ergonomic,Low,5,0,1
34e51e78-1773-46fb-9c20-27e383d10859,Unlabeled coolant container at east wing (Room 160),The spill of chlorine near maintenance bay (room 181) was observed during routine inspection. This presents a potential risk to staff in the area.,2023-09-10 00:00:00,Workshop,Gasabo Textile Factory,Chemical,Medium,4,1,0
ace6c502-64ac-47eb-8709-e8580703f507,Overloaded power outlet near assembly line (Room 197),This has been like this for weeks.,2024-10-02 00:00:00,Kitchen,Gasabo Textile Factory,Electrical,Critical,4,0,0
b8d512d2-d823-4f9b-8e76-dad10635c09a,Blocked fire exit at north entrance near break room (Room 177),Follow-up required on the blocked fire exit at north entrance near break room (room 177). The risk is rated as critical due to lack of protection.,2024-08-29 00:00:00,Production,Bugesera Cement Works,Fire,Critical,3,0,0
d2cd5564-1ce9-4fbe-b02b-44cd84c5d753,Repetitive strain risk operating air conditioner at Station 14,Can someone look at this?,2023-04-20 00:00:00,Maintenance,Nyagatare Cattle Ranch,Ergonomic,High,1,0,0
c3c48366-89bb-431a-9baf-26a1cb69fae9,Icy patch in corridor near Station 7 (Room 143),The icy patch in corridor near station 7 (room 143) was observed during routine inspection. This presents a potential risk to staff in the area.,2024-01-30 00:00:00,Loading Bay,RSSB Head Office,Slip/Trip/Fall,High,13,0,1
48c622a4-0b42-4195-81e1-0d7509c13cf1,Overloaded power outlet near Station 17 (Zone 1),The overloaded power outlet near station 17 (zone 1) was observed during routine inspection. This presents a potential risk to staff in the area.,2024-09-05 00:00:00,Quality Control,RSSB Head Office,Electrical,Critical,1,0,1
abdc4c15-98ca-4095-927a-fc790657faf5,Accumulated flammable material near transformer (Room 111),The accumulated flammable material near transformer (room 111) was observed during routine inspection. This presents a potential risk to staff in the area.,2026-05-13 00:00:00,Workshop,Kigali Construction Ltd,Fire,High,14,0,0
d6aebc67-a787-4370-afaa-f515d5a965ff,Improper storage of industrial glue in car park (Room 105),Follow-up required on the improper storage of industrial glue in car park (room 105). The risk is rated as high due to frequency of use.,2025-10-09 00:00:00,Warehouse,RSSB Head Office,Chemical,High,7,0,1
ebcdd396-3a17-4b65-afbf-0be4412cac12,Spoiled materials found in chemical storage (Zone 5),Staff reported the spoiled materials found in chemical storage (zone 5) at approximately 4pm. Site inspection confirmed the hazard. Tape has been placed.,2023-09-01 00:00:00,Production,Huye Power Plant,Biological,Low,1,0,0
23735ab9-2670-4cdc-9047-03c957e20caf,Sparks observed from power drill in car park (Room 111),The sparks observed from power drill in car park (room 111) was observed during routine inspection. This presents a potential risk to staff in the department.,2024-10-19 00:00:00,Packaging,Gasabo Textile Factory,Electrical,Critical,8,1,1
043a9a70-e33a-4217-83ba-9aa3fffc5be9,Pest infestation in chemical storage near rear exit (Room 114),Staff reported the pest infestation in chemical storage near rear exit (room 114) at approximately 10am. Site inspection confirmed the hazard. Tape has been placed.,2023-07-18 00:00:00,Production,Musanze Mining Corp,Biological,Low,2,0,0
0bfe381a-c593-42c8-ae4b-be6369d6fbf5,Blocked fire exit at service elevator near storage room (Room 150),"During a walkthrough, staff noticed the blocked fire exit at service elevator near storage room (room 150). No immediate incident occurred but the potential for harm is significant.",2024-09-06 00:00:00,Maintenance,Musanze Mining Corp,Fire,Critical,8,0,1
0022b335-e0b2-4a7f-a737-2f5c5d97d46e,Overloaded power outlet near packing station (Room 172),Staff reported the overloaded power outlet near packing station (room 172) at approximately 2pm. Site inspection confirmed the hazard. Warning signs posted.,2024-04-01 00:00:00,Packaging,Rwanda Manufacturing Co,Electrical,Critical,1,0,0
51dbb70e-bd47-40dc-af80-4a1e5b4bb684,Sparks observed from coffee maker in canteen (Room 124),Staff reported the sparks observed from coffee maker in canteen (room 124) at approximately 10am. Site inspection confirmed the hazard. No temporary measures taken.,2024-04-27 00:00:00,Transport,Bugesera Cement Works,Electrical,Critical,6,1,0
5af7fa4f-9e70-4e1a-8c0b-71206884faf5,Loose carpet in storage room near perimeter fence (Room 119),Report issued by employee. The loose carpet in storage room near perimeter fence (room 119) has been reported by multiple staff members. Recommend temporary closure.,2026-10-02 00:00:00,Sanitation,Nyagatare Cattle Ranch,Slip/Trip/Fall,Medium,3,0,0
a2f2535c-2243-49a6-8a39-f5182516ab93,Improper desk height for printer in car park (Sector A),Follow-up required on the improper desk height for printer in car park (sector a). The risk is rated as high due to frequency of use.,2025-04-13 00:00:00,Sanitation,Musanze Mining Corp,Ergonomic,High,4,1,1
cb189f5d-2559-4e25-911c-37f5502de2fb,Stagnant water near east wing causing Rodent sightings,The stagnant water near east wing causing rodent sightings was observed during routine inspection. This presents a potential risk to staff in the area.,2026-03-22 00:00:00,Production,Muhanga Agro-Processing,Biological,Medium,2,1,1
5ae53366-3fad-4ba4-b305-9458023f5118,Exposed connector on crusher at receiving dock (Sector B),Report issued by safety rep. The exposed connector on crusher at receiving dock (sector b) has been reported by multiple staff members. Recommend immediate repair.,2024-11-05 00:00:00,Warehouse,Muhanga Agro-Processing,Machinery,Medium,3,0,0
229520cf-d8c1-4493-a24e-5785ee79b32e,Spoiled materials found in warehouse (Room 163),Follow-up required on the spoiled materials found in warehouse (room 163). The severity is rated as medium due to lack of protection.,2025-11-06 00:00:00,Administration,Bugesera Cement Works,Biological,Medium,7,0,1
609d52e3-fd84-4959-a1e0-75bce5f57fa8,Awkward lifting position at rooftop in lobby (Room 141),Follow-up required on the awkward lifting position at rooftop in lobby (room 141). The risk is rated as low due to lack of protection.,2025-10-15 00:00:00,Storage Facility,RSSB Head Office,Ergonomic,Low,1,0,0
35909da4-4187-4776-8ed0-0ab840d8dfaf,Awkward lifting position at rear exit in warehouse (Room 175),Report issued by safety rep. The awkward lifting position at rear exit in warehouse (room 175) has been reported by multiple staff members. Recommend temporary closure.,2023-07-07 00:00:00,Warehouse,Kigali Construction Ltd,Ergonomic,High,0,0,1
eafc594b-b1cb-4dfa-b628-f24d87216c40,Damaged power cord on coffee maker at emergency stairs (Room 139),The damaged power cord on coffee maker at emergency stairs (room 139) was observed during routine inspection. This presents a potential risk to staff in the building.,2024-11-05 00:00:00,Maintenance,Rubavu Logistics Hub,Electrical,Critical,1,0,1
def58a00-cbaa-404f-99f7-d648d9a44bea,Spoiled materials found in toilet (Room 146),Report issued by supervisor. The spoiled materials found in toilet (room 146) has been reported by multiple staff members. Recommend temporary closure.,2023-10-05 00:00:00,Assembly Line,Musanze Mining Corp,Biological,Medium,5,0,0
a3c136a6-9bda-434e-b40a-f27a79f97692,Awkward lifting position at north entrance in maintenance bay (Room 132),Follow-up required on the awkward lifting position at north entrance in maintenance bay (room 132). The severity is rated as high due to exposure levels.,2023-08-16 00:00:00,Transport,Bugesera Cement Works,Ergonomic,High,4,0,1
a03cba4e-668c-422c-ab2e-f6332f95f1ae,Stagnant water near main lobby causing Fungal spread,Follow-up required on the stagnant water near main lobby causing fungal spread. The danger is rated as high due to frequency of use.,2024-06-13 00:00:00,Laboratory,Bugesera Cement Works,Biological,High,1,0,0
c511c773-196e-43ab-8bc5-df75aefc604c,Overloaded power outlet near checkout counter (Room 144),"During a walkthrough, staff noticed the overloaded power outlet near checkout counter (room 144). No immediate incident occurred but the potential for damage is significant.",2026-05-17 00:00:00,Kitchen,Rwanda Manufacturing Co,Electrical,Critical,15,1,0
0c7a332c-1e55-452f-8df8-2fc09c0e19a0,Cluttered floor space around server rack at west exit,"During a walkthrough, staff noticed the cluttered floor space around server rack at west exit. No immediate incident occurred but the potential for injury is significant.",2025-09-01 00:00:00,Packaging,Bugesera Cement Works,Slip/Trip/Fall,Medium,2,0,0
af38e88a-c77c-40a3-bcea-f0dbb4724ae7,Overloaded power outlet near Station 17 (Sector C),Report issued by supervisor. The overloaded power outlet near station 17 (sector c) has been reported by multiple staff members. Recommend further assessment.,2024-06-06 00:00:00,Quality Control,Rwanda Manufacturing Co,Electrical,Critical,1,0,1
fcfdc63a-77a6-489d-a784-b37f6849850c,Loose carpet in corridor near perimeter fence (Room 144),Staff reported the loose carpet in corridor near perimeter fence (room 144) at approximately 8am. Site inspection confirmed the hazard. Warning signs posted.,2024-03-08 00:00:00,Warehouse,Huye Power Plant,Slip/Trip/Fall,Medium,4,0,1
2007a133-6a99-43ae-a38d-1126ed91d620,Spoiled materials found in production floor (Room 166) (similar to report #1717),Staff reported the spoiled materials found in production floor (room 166) (similar to report #1717) at approximately 2pm. Site inspection confirmed the hazard. No temporary measures taken.,2025-06-02 00:00:00,Security,Huye Power Plant,Ergonomic,High,1,0,1
a45e8f38-93ae-46d0-8024-75891cd62bb9,Mold growth in office near rear exit (Zone 3),The mold growth in office near rear exit (zone 3) was observed during routine inspection. This presents a potential risk to staff in the area.,2023-02-09 00:00:00,Maintenance,Rwanda Manufacturing Co,Biological,Medium,0,0,0
04510548-c321-41c5-9dfd-42397cd5803d,Damaged power cord on shredder at basement (Room 158),The damaged power cord on shredder at basement (room 158) was observed during routine inspection. This presents a potential risk to staff in the building.,2025-09-12 00:00:00,Laboratory,Muhanga Agro-Processing,Electrical,High,0,0,0
496076b2-446c-4a3e-97a5-b8d1c105ece6,Icy patch in loading dock near Station 8 (Room 157),Follow-up required on the icy patch in loading dock near station 8 (room 157). The severity is rated as low due to proximity to staff.,2023-05-22 00:00:00,Transport,Rwanda Manufacturing Co,Slip/Trip/Fall,Low,3,0,0
c0799c8d-8174-4c30-a216-497535401743,Improper desk height for computer in storage room (Room 159),Follow-up required on the improper desk height for computer in storage room (room 159). The severity is rated as low due to proximity to staff.,2024-10-09 00:00:00,Warehouse,Huye Power Plant,Ergonomic,Low,4,0,0
1a07ab75-7a11-41cf-ba59-a3bd85483ff0,Accumulated flammable material near coffee maker (Sector H),The sparks observed from microwave in corridor (zone 9) was observed during routine inspection. This presents a potential risk to staff in the building.,2023-03-13 00:00:00,Administration,Rwanda Manufacturing Co,Fire,High,0,0,0
9c9ec265-c9cc-4431-84ad-5103ad2b3c70,Unsafe operation of conveyor belt in corridor (Room 193),Report issued by employee. The unsafe operation of conveyor belt in corridor (room 193) has been reported by multiple staff members. Recommend temporary closure.,2026-05-24 00:00:00,Quality Control,Nyagatare Cattle Ranch,Machinery,Medium,3,1,0
6c1223c2-14f1-42db-acd2-0b4530c19e01,Accumulated flammable material near power drill (Room 139),Staff reported the accumulated flammable material near power drill (room 139) at approximately 4pm. Site inspection confirmed the hazard. Tape has been placed.,2023-12-18 00:00:00,Office Complex,Gasabo Textile Factory,Fire,Critical,2,0,1
9350f58c-748f-4604-bf98-21411021efba,Maintenance requested urgently,Staff reported the maintenance requested urgently at approximately 4pm. Site inspection confirmed the hazard. No temporary measures taken.,2025-07-26 00:00:00,Quality Control,Rubavu Logistics Hub,Biological,Medium,0,1,0
d0d64e2d-1abb-464e-ba9c-bba3d8c3656a,Broken motor on crane in canteen (Room 139),I'm concerned about this.,2024-05-19 00:00:00,Transport,Rwanda Manufacturing Co,Machinery,Critical,3,1,0
36ddcee1-cba3-48fb-a42c-5ae6e1d6b319,Loose carpet in car park near basement (Room 142),Follow-up required on the smoke detector malfunctioning in car park (room 189). The severity is rated as critical due to frequency of use.,2023-12-23 00:00:00,Workshop,Huye Power Plant,Slip/Trip/Fall,High,8,1,0
828c3d37-7daa-4376-a145-9a13b91ac2ec,Exposed plug on power drill in office (Room 125),Please investigate.,2023-10-29 00:00:00,Loading Bay,Nyagatare Cattle Ranch,Electrical,Critical,4,1,0
5e204419-6a36-4b18-9fbe-7ed1f932a13f,Uneven flooring in office near inspection desk (Room 113),The uneven flooring in office near inspection desk (room 113) was observed during routine inspection. This presents a potential risk to staff in the department.,2024-04-28 00:00:00,Loading Bay,Rwanda Manufacturing Co,Slip/Trip/Fall,Medium,0,1,0
d9224e42-9112-4266-a0d1-0363e6d5526e,Damaged power cord on air conditioner at south wing (Room 177),"During a walkthrough, staff noticed the damaged power cord on air conditioner at south wing (room 177). No immediate incident occurred but the potential for damage is significant.",2023-06-23 00:00:00,Storage Facility,Rwanda Manufacturing Co,Electrical,High,2,0,1
fe44dd30-9943-4e4d-8668-562b699bc7d7,Strange noise from exhaust fan at north entrance (Room 177),Report issued by team lead. The strange noise from exhaust fan at north entrance (room 177) has been reported by multiple staff members. Recommend temporary closure.,2025-10-01 00:00:00,Workshop,Musanze Mining Corp,Machinery,Critical,1,0,1
1d993e18-ab1e-42db-a6e7-cd4a4a7fe57f,Mold growth in assembly area near north entrance (Room 188),The mold growth in assembly area near north entrance (room 188) was observed during routine inspection. This presents a potential risk to staff in the area.,2025-09-28 00:00:00,Laboratory,Rwanda Manufacturing Co,Biological,Medium,1,1,1
81504deb-0a31-46fc-bdac-072ed5f5b22c,Bacterial contamination risk in corridor near north entrance (Zone 11),,2023-12-20 00:00:00,Assembly Line,Rwanda Manufacturing Co,Biological,Low,4,0,0
bc4b782d-6d4a-4ad9-aeff-01998e31849a,Strange noise from industrial mixer at service elevator (Room 147),The strange noise from industrial mixer at service elevator (room 147) was observed during routine inspection. This presents a potential risk to staff in the department.,2023-09-18 00:00:00,Packaging,Huye Power Plant,Machinery,Medium,0,0,0
2f6a1346-8857-4010-8779-b6e093f29ca7,Exposed wire on ventilator in lobby (Room 147),The exposed wire on ventilator in lobby (room 147) was observed during routine inspection. This presents a potential risk to staff in the department.,2025-08-25 00:00:00,Sanitation,Rubavu Logistics Hub,Electrical,Medium,5,0,1
e52c7c71-a172-4c8c-a9bd-820df5831101,Tripping hazard in break room near Station 17 (Room 134),Follow-up required on the tripping hazard in break room near station 17 (room 134). The danger is rated as medium due to proximity to staff.,2025-12-23 00:00:00,Quality Control,Bugesera Cement Works,Slip/Trip/Fall,Medium,2,0,0
9b7b3d54-6c83-4a4e-960f-4429ac317603,Flickering lights in loading bay near coffee maker (similar to report #1461),Follow-up required on the flickering lights in loading bay near coffee maker (similar to report #1461). The risk is rated as medium due to lack of protection.,2025-03-20 00:00:00,Workshop,Muhanga Agro-Processing,Ergonomic,Medium,0,0,0
92a1b6a4-ecbe-4ce8-9d48-8276eb260e85,Stagnant water near north entrance causing Pest infestation,Staff reported the stagnant water near north entrance causing pest infestation at approximately 10am. Site inspection confirmed the hazard. Warning signs posted.,2024-04-02 00:00:00,Kitchen,Bugesera Cement Works,Biological,Medium,2,0,0
2fff4d61-7e7d-4eaf-95f5-7ec87162c803,Spoiled materials found in assembly area (Room 160),"During a walkthrough, staff noticed the spoiled materials found in assembly area (room 160). No immediate incident occurred but the potential for injury is significant.",2023-02-07 00:00:00,Warehouse,Rwanda Manufacturing Co,Biological,Low,6,0,0
e543e23a-40a3-4165-ba84-e4698eb200a5,Biological waste disposal issue in maintenance bay (Room 182),"During a walkthrough, staff noticed the biological waste disposal issue in maintenance bay (room 182). No immediate incident occurred but the potential for harm is significant.",2025-08-17 00:00:00,Security,RSSB Head Office,Biological,High,1,1,0
919b21ee-5087-4be7-8e7c-360476437b49,Repetitive strain risk operating hoist at Station 20,"During a walkthrough, staff noticed the repetitive strain risk operating hoist at station 20. No immediate incident occurred but the potential for injury is significant.",2026-01-16 00:00:00,Loading Bay,Muhanga Agro-Processing,Ergonomic,Medium,0,0,0
8b291860-7f01-43ab-9ba0-22c4ee3980b9,Stagnant water near rooftop causing Fungal spread,Staff reported the stagnant water near rooftop causing fungal spread at approximately 10am. Site inspection confirmed the hazard. Tape has been placed.,2026-04-25 00:00:00,Laboratory,Gasabo Textile Factory,Biological,High,1,1,0
39e8c0e1-f145-4edd-9afe-023d90b2f6ff,Biological waste disposal issue in workshop (Zone 7) (similar to report #1003),Can someone look at this?,2023-10-10 00:00:00,Production,Rubavu Logistics Hub,Chemical,Critical,1,0,1
2b092adf-2ea0-46e2-8ff6-954968a1f60a,Cluttered floor space around ventilator at emergency stairs,Report issued by supervisor. The cluttered floor space around ventilator at emergency stairs has been reported by multiple staff members. Recommend temporary closure.,2025-06-13 00:00:00,Production,Musanze Mining Corp,Slip/Trip/Fall,Medium,7,0,0
7b668658-c309-4a1a-8842-5e6d171a6af5,Poorly adjusted chair at checkout counter in loading dock (Room 118),This has been like this for weeks.,2025-12-06 00:00:00,Administration,RSSB Head Office,Ergonomic,High,4,1,0
ec7297ff-fe1b-423f-8bf9-13034c549af2,Cluttered floor space around transformer at main corridor,"During a walkthrough, staff noticed the cluttered floor space around transformer at main corridor. No immediate incident occurred but the potential for harm is significant.",2025-09-06 00:00:00,Laboratory,Rubavu Logistics Hub,Slip/Trip/Fall,Medium,12,1,0
aa15d43e-2a89-43da-bc1b-97d860600583,Repetitive strain risk operating server rack at reception,The repetitive strain risk operating server rack at reception was observed during routine inspection. This presents a potential risk to staff in the building.,2025-06-15 00:00:00,Storage Facility,RSSB Head Office,Ergonomic,High,1,1,0
429ced2e-43dd-4efd-8313-dff551878503,Unlabeled cleaning agent container at basement (Room 166),Staff reported the unlabeled cleaning agent container at basement (room 166) at approximately 2pm. Site inspection confirmed the hazard. No temporary measures taken.,2025-12-24 00:00:00,Storage Facility,Rubavu Logistics Hub,Chemical,High,3,0,0
2079963b-eae0-42c3-a368-025dc2d2f7bc,Stagnant water near front gate causing Bacterial contamination risk,Please investigate.,2024-09-03 00:00:00,Workshop,Muhanga Agro-Processing,Biological,Medium,0,0,0
0cdd75c8-efc2-4350-a658-1ec04f33df08,Repetitive strain risk operating hand truck at Station 16,The repetitive strain risk operating hand truck at station 16 was observed during routine inspection. This presents a potential risk to staff in the area.,2023-08-01 00:00:00,Transport,Muhanga Agro-Processing,Ergonomic,Low,1,0,0
08e310e2-c354-440c-9991-68f87484935d,Stagnant water near main lobby causing Pest infestation,Please investigate.,2023-12-29 00:00:00,Office Complex,Kigali Construction Ltd,Biological,Medium,5,0,1
88e5b809-aaa7-4ce6-b7e2-5671b6f15fee,Unpleasant odor in workshop near south wing (Zone 14),Staff reported the unpleasant odor in workshop near south wing (zone 14) at approximately 10am. Site inspection confirmed the hazard. Tape has been placed.,2025-06-07 00:00:00,Loading Bay,Musanze Mining Corp,Biological,Medium,0,1,0
84196fda-0213-4743-a706-54adabc4580c,Blocked emergency route in rear exit (Room 125),Staff reported the blocked emergency route in rear exit (room 125) at approximately 2pm. Site inspection confirmed the hazard. No temporary measures taken.,2024-10-09 00:00:00,Workshop,Kigali Construction Ltd,Fire,Critical,0,0,0
677c39f9-cafe-46d4-b116-7ed3d1f999bc,Spilled ammonia around basement (Room 130),Staff reported the spilled ammonia around basement (room 130) at approximately 4pm. Site inspection confirmed the hazard. Warning signs posted.,2026-04-02 00:00:00,Sanitation,Huye Power Plant,Chemical,Critical,2,0,0
faee7d80-d72a-4105-99cd-1531873a853f,Sparks observed from shredder in lobby (Room 117),Report issued by team lead. The sparks observed from shredder in lobby (room 117) has been reported by multiple staff members. Recommend immediate repair.,2024-08-20 00:00:00,Warehouse,Huye Power Plant,Electrical,Critical,2,0,1
2f8ade15-3447-477e-91ae-53ecdd9e62ee,Stagnant water near perimeter fence causing Pest infestation,"During a walkthrough, staff noticed the stagnant water near perimeter fence causing pest infestation. No immediate incident occurred but the potential for damage is significant.",2026-01-14 00:00:00,Packaging,Bugesera Cement Works,Biological,High,10,0,1
35d14e12-6c33-4815-8887-5d5510dacdaa,Flickering lights in basement near microwave,"During a walkthrough, staff noticed the flickering lights in basement near microwave. No immediate incident occurred but the potential for harm is significant.",2026-02-19 00:00:00,Kitchen,Bugesera Cement Works,Electrical,Critical,6,0,1
e1b3b089-ab53-465f-b7e6-4e9be1aadb36,Blocked fire exit at east wing near lobby (Room 181),The blocked fire exit at east wing near lobby (room 181) was observed during routine inspection. This presents a potential risk to staff in the area.,2025-04-12 00:00:00,Production,Rubavu Logistics Hub,Fire,Critical,3,1,0
62c56e74-6dc3-4935-bd26-8600beb6ae0f,Improper desk height for printer in toilet (Room 188),Please investigate.,2023-11-26 00:00:00,Storage Facility,Kigali Construction Ltd,Ergonomic,High,5,1,1
6b1e2280-0b41-470d-ad49-b2cdf67f1d6f,Cluttered floor space around transformer at east wing,Staff reported the cluttered floor space around transformer at east wing at approximately 10am. Site inspection confirmed the hazard. Tape has been placed.,2025-10-20 00:00:00,Packaging,Rubavu Logistics Hub,Slip/Trip/Fall,Low,7,0,0
bb0966b6-ef10-47a8-bbbd-f960020af40c,Strange noise from crane at perimeter fence (Room 152),The biological waste disposal issue in stairwell (room 172) was observed during routine inspection. This presents a potential risk to staff in the area.,2023-02-20 00:00:00,Maintenance,Nyagatare Cattle Ranch,Machinery,Medium,6,0,0
d6dba98b-7762-4934-9f25-132c9154c4a1,Sparks observed from power drill in car park (Room 134),Report issued by team lead. The unlabeled cleaning agent container at basement (room 127) has been reported by multiple staff members. Recommend further assessment.,2023-12-16 00:00:00,Office Complex,Bugesera Cement Works,Electrical,Critical,1,1,0
13860595-c342-4fd2-935f-48520ee85ad6,Spilled bleach around service elevator (Room 168),Follow-up required on the spilled bleach around service elevator (room 168). The severity is rated as medium due to frequency of use.,2023-09-22 00:00:00,Transport,Muhanga Agro-Processing,Chemical,Medium,7,0,1
f158d821-cabb-40e8-8c93-81178f57d590,Exposed plug on bandsaw at main corridor (Room 108),Staff reported the exposed plug on bandsaw at main corridor (room 108) at approximately 4pm. Site inspection confirmed the hazard. Tape has been placed.,2024-05-16 00:00:00,Office Complex,Musanze Mining Corp,Machinery,High,1,0,1
d87c59df-cc18-4bb7-ad0a-00e0175ce3bd,Poorly adjusted chair at assembly line in workshop (Room 105),Report issued by employee. The poorly adjusted chair at assembly line in workshop (room 105) has been reported by multiple staff members. Recommend further assessment.,2023-09-04 00:00:00,Office Complex,RSSB Head Office,Ergonomic,High,3,0,0
3887936c-4778-4c80-b6ec-05476751cf46,Fumes from resin near Station 3 (Room 184),Staff reported the fumes from resin near station 3 (room 184) at approximately 2pm. Site inspection confirmed the hazard. Tape has been placed.,2024-10-03 00:00:00,Warehouse,Rubavu Logistics Hub,Chemical,High,1,0,1
5667a6f7-a522-4d5b-bafe-532992e58417,Spoiled materials found in canteen (Room 159),"During a walkthrough, staff noticed the spoiled materials found in canteen (room 159). No immediate incident occurred but the potential for injury is significant.",2025-02-13 00:00:00,Maintenance,Musanze Mining Corp,Biological,High,6,0,0
6bc79e8e-b5b2-477b-82d2-c6787f6ce942,Poorly adjusted chair at Station 9 in car park (Zone 14),Report issued by employee. The poorly adjusted chair at station 9 in car park (zone 14) has been reported by multiple staff members. Recommend review by safety team.,2024-02-09 00:00:00,Packaging,Rwanda Manufacturing Co,Ergonomic,Low,7,0,0
84b7491a-d3fd-4200-893e-79a9592f04dd,Unsafe operation of hydraulic press in car park (Room 128),The unsafe operation of hydraulic press in car park (room 128) was observed during routine inspection. This presents a potential risk to staff in the department.,2024-09-04 00:00:00,Transport,Muhanga Agro-Processing,Machinery,High,3,0,0
7cdf7dd7-4d86-4e71-afcd-3d28ac9ea91d,Spoiled materials found in cafeteria (Room 188),"During a walkthrough, staff noticed the spoiled materials found in cafeteria (room 188). No immediate incident occurred but the potential for injury is significant.",2026-05-31 00:00:00,Kitchen,Muhanga Agro-Processing,Biological,High,7,1,1
a1856a34-10b7-4c16-8ab8-0abe772201ba,Biological waste disposal issue in loading dock (Room 118),Follow-up required on the biological waste disposal issue in loading dock (room 118). The risk is rated as high due to proximity to staff.,2023-12-23 00:00:00,Kitchen,Rwanda Manufacturing Co,Biological,High,7,1,1
36f895c8-fdcf-4c0a-8adb-09f781a9dfd6,Loose carpet in storage room near west exit (Room 114),The loose carpet in storage room near west exit (room 114) was observed during routine inspection. This presents a potential risk to staff in the department.,2024-08-07 00:00:00,Quality Control,Muhanga Agro-Processing,Slip/Trip/Fall,High,4,0,0
54376a83-1455-44d4-a21e-2669fcd628e3,Flickering lights in loading bay near hoist,The flickering lights in loading bay near hoist was observed during routine inspection. This presents a potential risk to staff in the department.,2023-12-17 00:00:00,Security,Musanze Mining Corp,Electrical,Critical,8,1,0
1c818ef9-1e5d-4af3-9183-e0de983ac6b6,Flickering lights in service elevator near air conditioner,Staff reported the flickering lights in service elevator near air conditioner at approximately 4pm. Site inspection confirmed the hazard. Tape has been placed.,2023-09-28 00:00:00,Maintenance,Rwanda Manufacturing Co,Electrical,Critical,7,0,1
2d122020-151d-4601-9706-6e30e1269def,Exposed valve on boiler in workshop (Room 130),Follow-up required on the exposed valve on boiler in workshop (room 130). The risk is rated as high due to exposure levels.,2023-09-16 00:00:00,Assembly Line,Rwanda Manufacturing Co,Electrical,High,2,1,0
53a6eb2f-3888-4fcc-bc75-50185d0ba126,Unlabeled degreaser container at west exit (Room 187) (similar to report #2008),Staff reported the unlabeled degreaser container at west exit (room 187) (similar to report #2008) at approximately 8am. Site inspection confirmed the hazard. No temporary measures taken.,2026-05-15 00:00:00,Kitchen,Huye Power Plant,Slip/Trip/Fall,High,3,0,0
ca879c88-fdfd-4166-9801-8209767164e1,Smoke detector malfunctioning in workshop (Room 134),Follow-up required on the smoke detector malfunctioning in workshop (room 134). The severity is rated as critical due to exposure levels.,2025-10-31 00:00:00,Office Complex,Bugesera Cement Works,Fire,Critical,5,0,1
f21a8d48-90eb-4cb2-88b8-571500804a98,Exposed display on compressor at loading bay (Room 150),Staff reported the exposed display on compressor at loading bay (room 150) at approximately 8am. Site inspection confirmed the hazard. Tape has been placed.,2023-07-25 00:00:00,Security,Gasabo Textile Factory,Machinery,Medium,0,0,0
7261207b-a59a-4370-81cf-96aec2f6666a,Spoiled materials found in stairwell (Room 108),This needs fixing urgently.,2026-03-26 00:00:00,Security,Nyagatare Cattle Ranch,Biological,Low,3,0,0
df8e5367-e1c9-4c13-9354-6a02a3cce3bf,Awkward lifting position at basement in break room (Room 154) (similar to report #633),This has been like this for weeks.,2023-10-18 00:00:00,Assembly Line,Gasabo Textile Factory,Biological,Low,14,0,0
be27ac8c-cafd-4fe5-b924-aa80e11ffe27,Rodent sightings in break room near receiving dock (Zone 11),Report issued by team lead. The rodent sightings in break room near receiving dock (zone 11) has been reported by multiple staff members. Recommend further assessment.,2025-11-27 00:00:00,Production,Kigali Construction Ltd,Biological,Medium,15,0,0
1bce1e97-a07f-4833-a019-c406e1ef6120,Blocked emergency route in south wing (Room 121),Follow-up required on the blocked emergency route in south wing (room 121). The risk is rated as high due to proximity to staff.,2023-04-27 00:00:00,Sanitation,Bugesera Cement Works,Fire,High,3,0,0
5a26aa12-00da-4352-81d6-d97a77881413,Faulty pipe on hydraulic press near checkout counter,Can someone look at this?,2025-02-25 00:00:00,Sanitation,RSSB Head Office,Machinery,Medium,4,0,0
bc5baba7-499b-4530-88f3-d574fc82ed18,Biological waste disposal issue in maintenance bay (Room 194),,2025-05-16 00:00:00,Quality Control,Musanze Mining Corp,Biological,Medium,0,0,1
ab46f344-033b-43f8-8a1c-d56177cbc861,Stagnant water near rooftop causing Mold growth,The stagnant water near rooftop causing mold growth was observed during routine inspection. This presents a potential risk to staff in the area.,2025-09-28 00:00:00,Quality Control,Rwanda Manufacturing Co,Biological,Low,6,1,0
c3141f66-a24b-4788-bcc3-55255311cc5b,Sparks observed from ventilator in toilet (Room 151),Report issued by team lead. The sparks observed from ventilator in toilet (room 151) has been reported by multiple staff members. Recommend further assessment.,2025-09-22 00:00:00,Quality Control,Gasabo Textile Factory,Electrical,Critical,4,0,1
b6ea3469-9df1-41f7-846a-d2c2312deb1a,Accumulated flammable material near boiler (Room 147) (similar to report #1651),The accumulated flammable material near boiler (room 147) (similar to report #1651) was observed during routine inspection. This presents a potential risk to staff in the building.,2023-04-25 00:00:00,Kitchen,RSSB Head Office,Fire,Critical,1,0,0
72c4007d-2155-439e-91e9-f3af1333d745,Poorly adjusted chair at checkout counter in loading dock (Room 192),Report issued by team lead. The poorly adjusted chair at checkout counter in loading dock (room 192) has been reported by multiple staff members. Recommend review by safety team.,2024-12-13 00:00:00,Sanitation,Rubavu Logistics Hub,Ergonomic,Low,4,0,0
64e76e5f-f934-4ac3-9d38-15ad3f4dbfbe,Flickering lights in north entrance near computer,Follow-up required on the flickering lights in north entrance near computer. The severity is rated as critical due to frequency of use.,2025-05-19 00:00:00,Sanitation,Nyagatare Cattle Ranch,Electrical,Critical,0,0,0
546a9f05-1b74-4391-866d-cce7f7014162,Spilled acids around south wing (Room 122),Follow-up required on the spilled acids around south wing (room 122). The danger is rated as medium due to proximity to staff.,2026-02-17 00:00:00,Administration,Musanze Mining Corp,Chemical,Medium,2,0,0
bb07f9d3-933c-4f95-b5e7-bd0fe91ffd3f,Sparks observed from server rack in assembly area (Room 126),Report issued by team lead. The sparks observed from server rack in assembly area (room 126) has been reported by multiple staff members. Recommend immediate repair.,2023-06-16 00:00:00,Security,Nyagatare Cattle Ranch,Electrical,Critical,15,0,1
3e169a93-6f9a-4208-a6a5-acbafb069454,Problem with equipment,Follow-up required on the problem with equipment. The danger is rated as critical due to lack of protection.,2025-02-18 00:00:00,Security,Musanze Mining Corp,Electrical,Critical,3,0,0
ea87deff-fb62-48c8-8473-5db1b2ff6425,Accumulated flammable material near microwave (Room 165),Staff reported the accumulated flammable material near microwave (room 165) at approximately 4pm. Site inspection confirmed the hazard. Warning signs posted.,2026-01-05 00:00:00,Storage Facility,Bugesera Cement Works,Fire,Critical,0,0,0
969195bf-2bb9-46a7-8c19-ca51f39acabd,Odor from bleach near production floor (Room 172),Staff reported the odor from bleach near production floor (room 172) at approximately 8am. Site inspection confirmed the hazard. Tape has been placed.,2026-04-27 00:00:00,Warehouse,Bugesera Cement Works,Chemical,Medium,11,0,1
a43e5479-088e-4b20-9412-45320b98790c,Spoiled materials found in workshop (Room 130),Staff reported the spoiled materials found in workshop (room 130) at approximately 8am. Site inspection confirmed the hazard. Warning signs posted.,2024-05-07 00:00:00,Packaging,Rubavu Logistics Hub,Biological,Medium,1,0,0
d9d78ee7-f074-4ea1-a0d8-1a0a0d898cd8,Faulty bearing on exhaust fan near Station 14,Report issued by employee. The faulty bearing on exhaust fan near station 14 has been reported by multiple staff members. Recommend immediate repair.,2025-12-09 00:00:00,Transport,Kigali Construction Ltd,Machinery,Medium,2,0,0
82a1696f-c8d3-469d-879f-eef69a5534c9,Exposed guard on boiler in loading dock (Room 146),The exposed guard on boiler in loading dock (room 146) was observed during routine inspection. This presents a potential risk to staff in the building.,2027-02-10 00:00:00,Sanitation,Rubavu Logistics Hub,Electrical,Critical,10,0,1
d537eca8-8b19-4ab6-bf61-773d222f7c69,Repetitive strain risk operating hoist at Station 11,Report issued by supervisor. The repetitive strain risk operating hoist at station 11 has been reported by multiple staff members. Recommend temporary closure.,2024-04-25 00:00:00,Assembly Line,Rubavu Logistics Hub,Ergonomic,Medium,1,0,0
f91571f0-e7a3-4b2f-9f55-e531cd8f5c2f,Unlabeled pesticides container at rooftop (Room 131),Staff reported the unlabeled pesticides container at rooftop (room 131) at approximately 8am. Site inspection confirmed the hazard. Warning signs posted.,2023-08-09 00:00:00,Production,Gasabo Textile Factory,Chemical,Medium,0,0,0
e835cba5-6627-43b5-84f4-6fbff6ad20db,Overloaded power outlet near Station 15 (Room 139),Report issued by safety rep. The overloaded power outlet near station 15 (room 139) has been reported by multiple staff members. Recommend review by safety team.,2026-03-31 00:00:00,Kitchen,Rwanda Manufacturing Co,Electrical,High,4,0,0
ea3af334-b998-4ff2-9b1c-59c0d3719a4e,Routine check finding,This has been like this for weeks.,2024-07-02 00:00:00,Security,Nyagatare Cattle Ranch,Ergonomic,Low,4,0,0
ca5a9c2f-6ef5-4878-8408-f458c9f2d2e9,Awkward lifting position at west exit in canteen (Room 154),Follow-up required on the awkward lifting position at west exit in canteen (room 154). The risk is rated as high due to exposure levels.,2025-03-16 00:00:00,Sanitation,Muhanga Agro-Processing,Ergonomic,High,7,1,0
330a1048-8c8b-4297-b545-ade8425c6569,Exposed plug on grinder in car park (Room 134),"During a walkthrough, staff noticed the exposed plug on grinder in car park (room 134). No immediate incident occurred but the potential for damage is significant.",2024-03-22 00:00:00,Kitchen,Bugesera Cement Works,Electrical,Critical,6,0,1
4c861c79-4201-4666-83be-0f2a5c00fb66,Broken filter on crane in warehouse (Room 117),"During a walkthrough, staff noticed the broken filter on crane in warehouse (room 117). No immediate incident occurred but the potential for damage is significant.",2023-02-20 00:00:00,Production,Huye Power Plant,Machinery,High,7,0,0
b11820bb-7a3a-43fa-906c-4806bb97b6ec,Oil spill in toilet near checkout counter (Room 127),Report issued by employee. The oil spill in toilet near checkout counter (room 127) has been reported by multiple staff members. Recommend immediate repair.,2024-09-04 00:00:00,Kitchen,Rubavu Logistics Hub,Slip/Trip/Fall,High,1,0,0
603f459a-8eb8-4be2-b29c-d665732b7a8a,Improper storage of acids in car park (Room 120),The improper storage of acids in car park (room 120) was observed during routine inspection. This presents a potential risk to staff in the department.,2023-01-22 00:00:00,Quality Control,Huye Power Plant,Chemical,High,0,1,0
5f5f0dc5-c81d-4acf-92ec-8b5b9b44dd4c,Blocked emergency route in perimeter fence (Room 190),"During a walkthrough, staff noticed the blocked emergency route in perimeter fence (room 190). No immediate incident occurred but the potential for damage is significant.",2024-01-18 00:00:00,Kitchen,Muhanga Agro-Processing,Fire,Critical,10,0,1
65695b26-8851-4cdf-b8b2-26155d3964c5,Improper storage of epoxy in stairwell (Room 192),Staff reported the improper storage of epoxy in stairwell (room 192) at approximately 2pm. Site inspection confirmed the hazard. Warning signs posted.,2024-09-05 00:00:00,Warehouse,Musanze Mining Corp,Chemical,Critical,0,0,0
f5107a9e-fcf5-4acf-b9b0-d2633bde2bd5,Damaged power cord on boiler at rear exit (Room 102),Staff reported the damaged power cord on boiler at rear exit (room 102) at approximately 2pm. Site inspection confirmed the hazard. Tape has been placed.,2023-08-01 00:00:00,Production,Musanze Mining Corp,Electrical,High,4,0,1
58829d7b-fc1f-4e10-9512-eb6a26dbcfce,Improperly stored ammonia near loading dock (Room 153),Report issued by employee. The improperly stored ammonia near loading dock (room 153) has been reported by multiple staff members. Recommend immediate repair.,2024-12-14 00:00:00,Transport,Nyagatare Cattle Ranch,Chemical,Medium,1,1,0
23d458f8-4581-41c8-b17a-f0b399a203b8,Exposed motor on power drill in warehouse (Room 172),"During a walkthrough, staff noticed the exposed motor on power drill in warehouse (room 172). No immediate incident occurred but the potential for harm is significant.",2024-04-21 00:00:00,Loading Bay,Musanze Mining Corp,Electrical,High,0,1,0
6046bf07-565d-4f82-a824-6c7cb42649ed,Fungal spread in car park near west exit (Room 105),Staff reported the fungal spread in car park near west exit (room 105) at approximately 2pm. Site inspection confirmed the hazard. Tape has been placed.,2025-11-18 00:00:00,Workshop,Rwanda Manufacturing Co,Biological,High,5,0,0
2bebdf41-7a2d-47fc-b76b-652943071cd3,Cluttered floor space around grinder at rear exit,I'm concerned about this.,2024-11-08 00:00:00,Security,Huye Power Plant,Slip/Trip/Fall,High,1,0,0
5f1af3bf-ec19-4274-b1ba-e12fc67402e7,Odor from chlorine near production floor (Room 196),Staff reported the odor from chlorine near production floor (room 196) at approximately 4pm. Site inspection confirmed the hazard. Tape has been placed.,2026-05-13 00:00:00,Administration,Gasabo Textile Factory,Chemical,Critical,0,0,0
ab21067c-c288-4461-a8dd-73092406620a,Overloaded power outlet near inspection desk (Room 107),"During a walkthrough, staff noticed the overloaded power outlet near inspection desk (room 107). No immediate incident occurred but the potential for damage is significant.",2024-12-19 00:00:00,Maintenance,Nyagatare Cattle Ranch,Electrical,Critical,7,0,1
a63e3c45-b284-46b2-bac8-1cdd377c4d23,Accumulated flammable material near boiler (Room 137),,2023-12-15 00:00:00,Sanitation,Bugesera Cement Works,Fire,Critical,0,0,1
2f5e56e2-35a8-4f12-8315-0ca2edc0127f,Improper storage of epoxy in production floor (Room 151),"During a walkthrough, staff noticed the improper storage of epoxy in production floor (room 151). No immediate incident occurred but the potential for damage is significant.",2024-10-24 00:00:00,Storage Facility,Muhanga Agro-Processing,Chemical,High,3,0,0
1c53b727-441e-4cea-b27a-9c04eb43dd2c,Obstacle in walkway at north entrance (Room 133),Staff reported the obstacle in walkway at north entrance (room 133) at approximately 4pm. Site inspection confirmed the hazard. Tape has been placed.,2024-06-18 00:00:00,Assembly Line,Gasabo Textile Factory,Slip/Trip/Fall,High,5,0,1
a64438e8-4844-4e78-836c-13e969812422,Obstacle in walkway at service elevator (Room 188),Follow-up required on the obstacle in walkway at service elevator (room 188). The severity is rated as high due to frequency of use.,2023-10-16 00:00:00,Loading Bay,Kigali Construction Ltd,Slip/Trip/Fall,High,8,0,0
bb61bf0a-7a29-41a5-92f8-8512d6e657a7,Flickering lights in receiving dock near boiler (similar to report #430),Can someone look at this?,2023-12-12 00:00:00,Packaging,Muhanga Agro-Processing,Machinery,Medium,0,0,0
74dbfac0-0e68-4850-a2c5-0adc5c2ac5b3,Faulty guard on hydraulic press near Station 16,The faulty guard on hydraulic press near station 16 was observed during routine inspection. This presents a potential risk to staff in the area.,2023-11-10 00:00:00,Quality Control,Musanze Mining Corp,Machinery,High,1,0,1
fa43f563-c3a1-414c-a711-33c55fbfcf12,Unsafe operation of compressor in maintenance bay (Sector H),Follow-up required on the unsafe operation of compressor in maintenance bay (sector h). The danger is rated as critical due to exposure levels.,2023-06-04 00:00:00,Loading Bay,Kigali Construction Ltd,Machinery,Critical,2,1,0
543a4aa2-cc73-4daf-819a-ec900c3419fe,Flickering lights in rooftop near welding machine,Report issued by team lead. The flickering lights in rooftop near welding machine has been reported by multiple staff members. Recommend further assessment.,2023-04-14 00:00:00,Administration,Muhanga Agro-Processing,Electrical,Critical,0,0,1
257c3fcf-0088-4c50-bc10-9a7a4e566538,Improper desk height for hoist in production floor (Sector D),The improper desk height for hoist in production floor (sector d) was observed during routine inspection. This presents a potential risk to staff in the area.,2023-10-29 00:00:00,Loading Bay,Rwanda Manufacturing Co,Ergonomic,High,1,1,0
3d923e90-d603-452e-a667-ef9fe548d826,Unlabeled industrial glue container at loading bay (Room 127),Report issued by employee. The unlabeled industrial glue container at loading bay (room 127) has been reported by multiple staff members. Recommend immediate repair.,2023-05-27 00:00:00,Office Complex,Nyagatare Cattle Ranch,Chemical,High,2,1,0
e7c136a9-9580-478f-8040-69db2de1354a,Improper storage of bleach in storage room (Room 107),"During a walkthrough, staff noticed the traces of industrial glue near server room (room 192). No immediate incident occurred but the potential for harm is significant.",2024-07-01 00:00:00,Maintenance,Bugesera Cement Works,Chemical,High,0,0,0
e546d2a6-c02e-43bc-ba02-957f7366eea4,Improper desk height for transformer in toilet (Room 147) (similar to report #1789),Follow-up required on the improper desk height for transformer in toilet (room 147) (similar to report #1789). The danger is rated as critical due to proximity to staff.,2023-01-30 00:00:00,Security,Muhanga Agro-Processing,Electrical,Critical,6,0,0
f453d6ce-46dd-477e-b47c-f96c6e8cffc7,Faulty fire extinguisher in lobby (Room 168),Report issued by safety rep. The faulty fire extinguisher in lobby (room 168) has been reported by multiple staff members. Recommend review by safety team.,2025-02-10 00:00:00,Sanitation,Muhanga Agro-Processing,Fire,High,1,0,1
b1b2edd4-c6af-452d-b32e-ca40491256d3,Strange noise from HVAC unit at perimeter fence (Sector C) (similar to report #1104),,2025-05-24 00:00:00,Sanitation,Kigali Construction Ltd,Fire,Critical,0,1,1
73a4fe19-6ff3-4683-a447-b96a9c85fa1a,Broken panel on crane in server room (Room 162),"During a walkthrough, staff noticed the broken panel on crane in server room (room 162). No immediate incident occurred but the potential for injury is significant.",2025-02-26 00:00:00,Storage Facility,Musanze Mining Corp,Machinery,High,7,0,0
94ba6895-1d53-484c-b869-6b3e923cb3a8,Awkward lifting position at main corridor in toilet (Room 139),"During a walkthrough, staff noticed the smoke detector malfunctioning in corridor (room 111). No immediate incident occurred but the potential for damage is significant.",2024-10-10 00:00:00,Warehouse,Bugesera Cement Works,Ergonomic,High,3,0,0
ddd710a3-2f37-4c14-9704-48ed77a7b4f9,Awkward lifting position at west exit in chemical storage (Room 161),The awkward lifting position at west exit in chemical storage (room 161) was observed during routine inspection. This presents a potential risk to staff in the area.,2024-04-01 00:00:00,Loading Bay,Kigali Construction Ltd,Ergonomic,Low,1,0,0
3617f3a8-350f-4795-bd13-76b86997f830,Strange noise from drill press at south wing (Room 111),Report issued by team lead. The strange noise from drill press at south wing (room 111) has been reported by multiple staff members. Recommend immediate repair.,2024-04-25 00:00:00,Assembly Line,Bugesera Cement Works,Machinery,Medium,3,0,1
087add73-f976-4aa2-bfd7-5c42cbb6c1a7,Damaged power cord on grinder at east wing (Zone 12),Follow-up required on the damaged power cord on grinder at east wing (zone 12). The severity is rated as critical due to lack of protection.,2023-06-02 00:00:00,Assembly Line,Rubavu Logistics Hub,Electrical,Critical,0,0,0
4eed3f26-4aff-42db-b99c-eb74a5adceca,Repetitive strain risk operating hand truck at Station 7,Follow-up required on the repetitive strain risk operating hand truck at station 7. The severity is rated as high due to lack of protection.,2025-09-06 00:00:00,Warehouse,Huye Power Plant,Ergonomic,High,2,1,0
afeb619f-5eab-499b-96c6-95e348e1891b,Blocked fire exit at east wing near workshop (Room 198),Follow-up required on the blocked fire exit at east wing near workshop (room 198). The risk is rated as critical due to proximity to staff.,2025-07-07 00:00:00,Warehouse,Huye Power Plant,Fire,Critical,2,0,1
6b5320cb-7717-4a49-87a8-eb76460c839a,Accumulated flammable material near boiler (Room 147),The accumulated flammable material near boiler (room 147) was observed during routine inspection. This presents a potential risk to staff in the department.,2025-07-22 00:00:00,Office Complex,RSSB Head Office,Fire,Critical,2,0,1
6c34297b-dc14-4873-ab49-8ac4c029151f,Poorly adjusted chair at Station 3 in chemical storage (Room 139),Follow-up required on the poorly adjusted chair at station 3 in chemical storage (room 139). The risk is rated as low due to proximity to staff.,2024-10-15 00:00:00,Sanitation,Bugesera Cement Works,Ergonomic,Low,5,0,0
ebe5c10b-235a-484c-a0fd-f74f21466024,Improper desk height for microwave in storage room (Room 142),This needs fixing urgently.,2024-12-02 00:00:00,Assembly Line,Musanze Mining Corp,Ergonomic,Low,1,0,0
98af660e-4153-47fa-8fce-8c4a56d1597c,Exposed gear on hoist in production floor (Room 128),The exposed gear on hoist in production floor (room 128) was observed during routine inspection. This presents a potential risk to staff in the department.,2025-12-07 00:00:00,Transport,Huye Power Plant,Electrical,High,8,1,0
5aa32c5e-522c-4afd-9d9f-945cf40bc19a,Improper desk height for ventilator in corridor (Room 105),,2024-10-20 00:00:00,Production,Gasabo Textile Factory,Ergonomic,Low,4,1,0
0dd2cd33-8282-4030-be0f-caca043353ee,Obstacle in walkway at rooftop (Room 145),Follow-up required on the obstacle in walkway at rooftop (room 145). The danger is rated as high due to exposure levels.,2024-11-03 00:00:00,Sanitation,Gasabo Textile Factory,Slip/Trip/Fall,High,2,1,1
ee6e3503-d2c2-40af-bda1-47fc651eb207,Routine check finding,Staff reported the routine check finding at approximately 8am. Site inspection confirmed the hazard. Warning signs posted.,2025-01-05 00:00:00,Quality Control,Gasabo Textile Factory,Slip/Trip/Fall,Low,1,1,0
faf7ddbc-fa7f-41ee-aeb7-a657312fa8c1,Overloaded power outlet near control panel (Room 193),The overloaded power outlet near control panel (room 193) was observed during routine inspection. This presents a potential risk to staff in the building.,2023-11-30 00:00:00,Loading Bay,Rwanda Manufacturing Co,Electrical,Critical,0,0,1
def59afc-d819-4c2e-bd51-e2135e03d122,Improper storage of lubricant in corridor (Room 124),Follow-up required on the improper storage of lubricant in corridor (room 124). The severity is rated as critical due to proximity to staff.,2025-12-17 00:00:00,Workshop,Kigali Construction Ltd,Chemical,Critical,2,0,1
1c34a551-9919-44a6-b2d3-843dbaa11b11,Awkward lifting position at loading bay in warehouse (Room 107),Staff reported the awkward lifting position at loading bay in warehouse (room 107) at approximately 10am. Site inspection confirmed the hazard. No temporary measures taken.,2024-08-21 00:00:00,Office Complex,Bugesera Cement Works,Ergonomic,Low,0,0,0
7ad3c966-ab57-4de7-a68e-8645f3f59ffc,Clutter in storage room near Station 4 (Room 125),Staff reported the clutter in storage room near station 4 (room 125) at approximately 4pm. Site inspection confirmed the hazard. Tape has been placed.,2026-06-01 00:00:00,Maintenance,RSSB Head Office,Slip/Trip/Fall,Medium,1,0,0
9ec5a57d-ccae-483f-97d1-78db0141ed16,Accumulated flammable material near server rack (Room 155),Report issued by team lead. The accumulated flammable material near server rack (room 155) has been reported by multiple staff members. Recommend review by safety team.,2023-09-25 00:00:00,Kitchen,Bugesera Cement Works,Fire,High,6,0,0
0b6d5cfd-7ffb-4650-963a-184f2f33d6ec,Broken casing on industrial mixer in assembly area (Room 119),"During a walkthrough, staff noticed the broken casing on industrial mixer in assembly area (room 119). No immediate incident occurred but the potential for damage is significant.",2023-01-09 00:00:00,Office Complex,Huye Power Plant,Machinery,Medium,0,0,0
0d3eacd8-a90c-4133-a21d-f9d08c61fff1,Improper storage of solvents in assembly area (Room 115),Can someone look at this?,2024-12-25 00:00:00,Production,Rwanda Manufacturing Co,Chemical,High,4,0,1
831bb86b-2eb2-4023-8dd8-1a67f94b6d45,Blocked emergency route in south wing (Room 145),Follow-up required on the blocked emergency route in south wing (room 145). The danger is rated as critical due to frequency of use.,2023-08-25 00:00:00,Office Complex,Musanze Mining Corp,Fire,Critical,0,0,0
dd0aba0d-4e30-4d4f-ab44-81e47d5ff080,Sparks observed from ventilator in canteen (Room 147),Report issued by team lead. The blocked emergency route in west exit (room 124) has been reported by multiple staff members. Recommend immediate repair.,2025-06-20 00:00:00,Warehouse,RSSB Head Office,Electrical,Critical,3,0,0
42536773-e023-442c-baeb-fae39df44f25,Blocked emergency route in service elevator (Room 130),Follow-up required on the blocked emergency route in service elevator (room 130). The severity is rated as low due to frequency of use.,2025-12-08 00:00:00,Security,Gasabo Textile Factory,Fire,Low,0,0,0
e4816751-e54a-4eac-b54f-29032d129838,Strange noise from generator at perimeter fence (Room 104),Report issued by supervisor. The strange noise from generator at perimeter fence (room 104) has been reported by multiple staff members. Recommend review by safety team.,2025-02-28 00:00:00,Kitchen,Huye Power Plant,Machinery,Medium,4,0,1
49bddce4-0a82-4738-9fa1-ab4aad67e628,Cluttered floor space around air conditioner at rooftop,Staff reported the cluttered floor space around air conditioner at rooftop at approximately 10am. Site inspection confirmed the hazard. Warning signs posted.,2023-01-21 00:00:00,Assembly Line,Bugesera Cement Works,Slip/Trip/Fall,High,3,1,0
6fe690b3-61bf-436d-8916-83b51ff16c04,Biological waste disposal issue in car park (Sector D),"During a walkthrough, staff noticed the biological waste disposal issue in car park (sector d). No immediate incident occurred but the potential for injury is significant.",2026-02-27 00:00:00,Quality Control,Rwanda Manufacturing Co,Biological,Medium,0,0,0
f4120e5b-393e-4478-bfc6-80e3d93093ec,Biological waste disposal issue in maintenance bay (Room 126) (similar to report #362),The biological waste disposal issue in maintenance bay (room 126) (similar to report #362) was observed during routine inspection. This presents a potential risk to staff in the building.,2025-04-04 00:00:00,Administration,Bugesera Cement Works,Machinery,Medium,0,0,0
f7951421-cc30-4cc1-b001-32a9e94ce9b1,Exposed panel on HVAC unit at service elevator (Room 132),,2024-12-22 00:00:00,Loading Bay,Bugesera Cement Works,Machinery,Medium,13,1,1
dd5303e0-68e3-4103-b274-adac5d7b8b49,Exposed panel on air conditioner in stairwell (Sector A),"During a walkthrough, staff noticed the exposed panel on air conditioner in stairwell (sector a). No immediate incident occurred but the potential for damage is significant.",2024-07-10 00:00:00,Laboratory,Musanze Mining Corp,Electrical,High,1,0,1
0f39618a-8e60-48f9-8e34-5232b79bd226,Awkward lifting position at west exit in break room (Room 106),The awkward lifting position at west exit in break room (room 106) was observed during routine inspection. This presents a potential risk to staff in the building.,2023-10-17 00:00:00,Production,RSSB Head Office,Ergonomic,Low,7,0,0
9b1997ed-d902-4414-8c82-b59fedeb1d28,Improper desk height for microwave in toilet (Room 125),"During a walkthrough, staff noticed the improper desk height for microwave in toilet (room 125). No immediate incident occurred but the potential for injury is significant.",2026-01-05 00:00:00,Maintenance,Rwanda Manufacturing Co,Ergonomic,Medium,4,0,0
25360d8b-84dd-46aa-96ee-9b7b6a921aca,Unsafe operation of lathe in storage room (Room 142),"During a walkthrough, staff noticed the unsafe operation of lathe in storage room (room 142). No immediate incident occurred but the potential for damage is significant.",2024-12-20 00:00:00,Maintenance,Musanze Mining Corp,Machinery,Critical,2,0,0
6f276203-9068-40b4-8524-4cc8e9e93056,Unsafe operation of milling machine in production floor (Room 142),"During a walkthrough, staff noticed the unsafe operation of milling machine in production floor (room 142). No immediate incident occurred but the potential for damage is significant.",2025-12-29 00:00:00,Assembly Line,Rubavu Logistics Hub,Machinery,Critical,1,0,0
88c433d7-eaf0-44f1-8d3c-fd2a41aa4b74,Sparks observed from microwave in toilet (Room 116),Report issued by safety rep. The sparks observed from microwave in toilet (room 116) has been reported by multiple staff members. Recommend further assessment.,2026-05-11 00:00:00,Office Complex,Rwanda Manufacturing Co,Electrical,Critical,13,0,1
fb55fffc-fbb8-4d45-9dbd-f330a3c6c635,Faulty display on milling machine near Station 8,Can someone look at this?,2023-09-10 00:00:00,Packaging,Rubavu Logistics Hub,Machinery,Medium,7,1,1
2e56fe6f-efab-4602-91a5-2da8d9dda3b2,Awkward lifting position at front gate in lobby (Room 167),Report issued by safety rep. The awkward lifting position at front gate in lobby (room 167) has been reported by multiple staff members. Recommend immediate repair.,2024-05-25 00:00:00,Warehouse,Gasabo Textile Factory,Ergonomic,High,7,1,0
a4224d74-8b43-4ae2-b53e-42350716a14c,Cluttered floor space around grinder at rear exit,Report issued by supervisor. The cluttered floor space around grinder at rear exit has been reported by multiple staff members. Recommend further assessment.,2023-02-17 00:00:00,Workshop,Rubavu Logistics Hub,Slip/Trip/Fall,High,3,0,0
9710c7a9-c8c6-4a45-8ee1-85570d06a3fa,Repetitive strain risk operating printer at dispatch area,"During a walkthrough, staff noticed the repetitive strain risk operating printer at dispatch area. No immediate incident occurred but the potential for injury is significant.",2024-08-21 00:00:00,Transport,RSSB Head Office,Ergonomic,High,1,0,0
159a6603-f373-4694-96ad-fbb39771e4ea,Obstacle in walkway at perimeter fence (Room 133),The obstacle in walkway at perimeter fence (room 133) was observed during routine inspection. This presents a potential risk to staff in the department.,2026-02-16 00:00:00,Security,Gasabo Textile Factory,Slip/Trip/Fall,High,2,0,0
e2c0dad7-0e62-4cb6-a5ba-fbdf6d802f94,Faulty fire extinguisher in stairwell (Room 127),Follow-up required on the faulty fire extinguisher in stairwell (room 127). The risk is rated as high due to proximity to staff.,2023-09-29 00:00:00,Transport,RSSB Head Office,Fire,High,0,0,0
79f9f1a8-b039-4399-b32e-47a7c6072b9b,Faulty panel on conveyor belt near Station 8,Follow-up required on the faulty panel on conveyor belt near station 8. The risk is rated as high due to exposure levels.,2023-08-11 00:00:00,Transport,Musanze Mining Corp,Machinery,High,1,0,0
f2006c3a-8fe0-4b2c-9f1c-469e8b8e6e9d,Repetitive strain risk operating computer at workbench,,2026-03-27 00:00:00,Quality Control,Bugesera Cement Works,Ergonomic,Medium,1,0,0
8ad14dec-5e61-4dac-8711-143918c02063,Stagnant water near basement causing Insects found,Staff reported the stagnant water near basement causing insects found at approximately 8am. Site inspection confirmed the hazard. Warning signs posted.,2026-03-26 00:00:00,Assembly Line,Kigali Construction Ltd,Biological,Medium,0,0,0
6bf36eae-fbc9-407b-a703-fa90b76d1c6c,Stagnant water near front gate causing Rodent sightings,Report issued by employee. The stagnant water near front gate causing rodent sightings has been reported by multiple staff members. Recommend temporary closure.,2025-01-19 00:00:00,Warehouse,Gasabo Textile Factory,Biological,High,8,1,1
082e58df-3df5-4b9b-9a6f-a299e1d28d6a,Check required,Can someone look at this?,2024-09-21 00:00:00,Quality Control,Nyagatare Cattle Ranch,Electrical,Critical,1,1,1
06f7ad11-b685-4368-bcd0-2082ba3e8b2a,Loose carpet in server room near rear exit (Room 175),This has been like this for weeks.,2026-02-15 00:00:00,Assembly Line,Rubavu Logistics Hub,Slip/Trip/Fall,Low,2,1,0
77343324-2461-4066-bd37-8a093334a80d,Unsafe operation of forklift in car park (Room 164),,2025-04-07 00:00:00,Quality Control,Musanze Mining Corp,Machinery,Critical,5,0,1
29e18631-eec1-4153-ab98-f0f5d5948255,Cluttered floor space around transformer at main lobby,Follow-up required on the cluttered floor space around transformer at main lobby. The severity is rated as high due to frequency of use.,2024-12-03 00:00:00,Warehouse,Musanze Mining Corp,Slip/Trip/Fall,High,6,0,0
0d22f077-27c3-47f5-84ba-2afa35bd08ae,Broken gear on packaging unit in car park (Room 130),I'm concerned about this.,2023-10-26 00:00:00,Administration,Kigali Construction Ltd,Machinery,Critical,7,0,1
9e8579d1-7069-403b-841d-6e814d05159a,Safety concern reported,Report issued by safety rep. The poorly adjusted chair at station 7 in canteen (room 145) has been reported by multiple staff members. Recommend review by safety team.,2027-12-17 00:00:00,Warehouse,Musanze Mining Corp,Electrical,Critical,2,0,1
9a77a65b-dff0-4696-bb59-87dc4876704d,Improper desk height for microwave in server room (Zone 13),The improper desk height for microwave in server room (zone 13) was observed during routine inspection. This presents a potential risk to staff in the department.,2023-01-19 00:00:00,Packaging,Huye Power Plant,Ergonomic,Medium,1,0,0
af15e70f-8276-4e17-8ea0-f11fa4c9772d,Exposed belt on air conditioner in workshop (Room 160),The exposed belt on air conditioner in workshop (room 160) was observed during routine inspection. This presents a potential risk to staff in the area.,2023-07-25 00:00:00,Loading Bay,Bugesera Cement Works,Electrical,Critical,0,0,1
ada5a7d8-da0e-44d9-82ec-24432aa7d07e,Broken sensor on motor in toilet (Zone 10),,2026-06-01 00:00:00,Office Complex,Kigali Construction Ltd,Machinery,Critical,12,0,0
2dead529-5833-4eac-b2d7-6e8630297257,Improper storage of cleaning agent in break room (Room 183),Report issued by employee. The improper storage of cleaning agent in break room (room 183) has been reported by multiple staff members. Recommend immediate repair.,2023-11-13 00:00:00,Assembly Line,Gasabo Textile Factory,Chemical,High,1,0,1
90803dc6-7af5-442f-8ba3-9c21e6e3f78d,Sparks observed from shredder in stairwell (Room 102),Report issued by supervisor. The sparks observed from shredder in stairwell (room 102) has been reported by multiple staff members. Recommend temporary closure.,2024-07-07 00:00:00,Assembly Line,Rwanda Manufacturing Co,Electrical,Critical,2,1,0
05569a08-d56d-4cf4-8c7a-c75feb758225,Improper desk height for hoist in car park (Sector C),The improper desk height for hoist in car park (sector c) was observed during routine inspection. This presents a potential risk to staff in the building.,2025-06-16 00:00:00,Assembly Line,Rubavu Logistics Hub,Ergonomic,High,1,0,0
5111ac03-3e72-47d9-83ad-a2b78a9168ff,Obstacle in walkway at rooftop (Room 115),Staff reported the obstacle in walkway at rooftop (room 115) at approximately 2pm. Site inspection confirmed the hazard. Warning signs posted.,2023-07-16 00:00:00,Maintenance,Rubavu Logistics Hub,Slip/Trip/Fall,High,1,1,0
f6f8ce95-d3f1-4f85-941d-ae06c5fe158b,Spill of acids near server room (Room 110),I'm concerned about this.,2025-11-10 00:00:00,Assembly Line,Muhanga Agro-Processing,Chemical,Medium,3,0,1
dfa6efba-4c36-4c14-a2d4-bc60d66076a4,Repetitive strain risk operating air conditioner at Station 13,,2023-03-24 00:00:00,Quality Control,Rubavu Logistics Hub,Ergonomic,High,3,0,0
2af7a1f2-089f-4360-b581-478610074f63,Loose tiles in car park near reception (Room 116),Staff reported the loose tiles in car park near reception (room 116) at approximately 10am. Site inspection confirmed the hazard. Tape has been placed.,2023-07-06 00:00:00,Warehouse,Bugesera Cement Works,Slip/Trip/Fall,High,4,0,0
02090d5a-20b8-4b3a-8386-de069b8c0604,Spilled industrial glue around main lobby (Room 145),Follow-up required on the spilled industrial glue around main lobby (room 145). The risk is rated as high due to proximity to staff.,2024-02-09 00:00:00,Sanitation,Nyagatare Cattle Ranch,Chemical,High,3,0,0
22c8fd4f-c9c4-454c-b319-72e29ac85126,Blocked emergency route in loading bay (Room 138),Staff reported the blocked emergency route in loading bay (room 138) at approximately 4pm. Site inspection confirmed the hazard. Tape has been placed.,2026-02-16 00:00:00,Kitchen,Nyagatare Cattle Ranch,Fire,Critical,1,0,1
cac0bebe-a69d-4bc2-8058-7fd2fc882c51,Stagnant water near rooftop causing Pest infestation,Follow-up required on the stagnant water near rooftop causing pest infestation. The risk is rated as high due to frequency of use.,2024-01-28 00:00:00,Loading Bay,RSSB Head Office,Biological,High,1,1,1
1695bb9c-8d90-43f7-a120-f162747c18b0,Stagnant water near loading bay causing Insects found,The stagnant water near loading bay causing insects found was observed during routine inspection. This presents a potential risk to staff in the area.,2025-02-27 00:00:00,Laboratory,RSSB Head Office,Biological,Medium,2,0,0
8359c139-5f9a-4612-a315-9fb1a24b8c0d,Cluttered floor space around welding machine at main lobby,Staff reported the cluttered floor space around welding machine at main lobby at approximately 4pm. Site inspection confirmed the hazard. Tape has been placed.,2024-08-06 00:00:00,Packaging,Musanze Mining Corp,Slip/Trip/Fall,Critical,4,0,1
77b76b0a-2e04-4aae-bcae-fc10de96909d,Strange noise from HVAC unit at perimeter fence (Sector C),Follow-up required on the strange noise from hvac unit at perimeter fence (sector c). The severity is rated as low due to frequency of use.,2024-10-29 00:00:00,Laboratory,Kigali Construction Ltd,Machinery,Low,3,0,0
e0cdbbd1-82b4-46b6-81e8-73bf33460a1c,Unsafe operation of exhaust fan in server room (Room 183),"During a walkthrough, staff noticed the unsafe operation of exhaust fan in server room (room 183). No immediate incident occurred but the potential for damage is significant.",2025-01-28 00:00:00,Maintenance,Gasabo Textile Factory,Machinery,High,3,0,0
c186fb20-beab-4050-9a33-bc2eebf652b4,Stagnant water near main corridor causing Insects found,Staff reported the stagnant water near main corridor causing insects found at approximately 8am. Site inspection confirmed the hazard. Tape has been placed.,2025-11-06 00:00:00,Quality Control,Rubavu Logistics Hub,Biological,High,4,0,1
3d5f1194-c3d0-4fee-9a96-04a171db32ae,Fungal spread in maintenance bay near main lobby (Room 145),Staff reported the fungal spread in maintenance bay near main lobby (room 145) at approximately 4pm. Site inspection confirmed the hazard. No temporary measures taken.,2025-10-25 00:00:00,Packaging,Gasabo Textile Factory,Biological,High,0,1,0
2a8b070d-7af7-4661-8f9b-fff14437eccd,Sparks observed from welding machine in break room (Room 149),Follow-up required on the sparks observed from welding machine in break room (room 149). The risk is rated as critical due to lack of protection.,2023-02-14 00:00:00,Security,RSSB Head Office,Electrical,Critical,1,0,0
51a87bbd-4cb2-4df9-87ef-25735c037894,Exposed cables in workshop near dispatch area (Room 166),The exposed cables in workshop near dispatch area (room 166) was observed during routine inspection. This presents a potential risk to staff in the area.,2025-11-16 00:00:00,Kitchen,Kigali Construction Ltd,Slip/Trip/Fall,Low,0,1,0
f5a1ecb1-ec9d-44bd-a3f0-3ba4569506bc,Unlabeled ammonia container at basement (Room 167),The unlabeled ammonia container at basement (room 167) was observed during routine inspection. This presents a potential risk to staff in the department.,2024-11-08 00:00:00,Workshop,Musanze Mining Corp,Chemical,Medium,7,0,1
1dbe8ace-d302-42f6-913a-0d434a09bd4e,Exposed plug on grinder in storage room (Room 164),"During a walkthrough, staff noticed the exposed plug on grinder in storage room (room 164). No immediate incident occurred but the potential for harm is significant.",2025-12-22 00:00:00,Administration,Nyagatare Cattle Ranch,Electrical,High,1,0,0
97569f4a-a78c-4a51-82aa-b88335458c79,Damaged power cord on hoist at rooftop (Room 160),I'm concerned about this.,2024-09-17 00:00:00,Assembly Line,Gasabo Textile Factory,Electrical,Critical,2,0,1
162191b6-4d68-403c-8b73-7e9ee16ea26d,Improper desk height for coffee maker in storage room (Room 169),The improper desk height for coffee maker in storage room (room 169) was observed during routine inspection. This presents a potential risk to staff in the area.,2024-11-06 00:00:00,Maintenance,Gasabo Textile Factory,Ergonomic,Medium,2,0,0
328dd572-c203-49e7-9d5b-45f927f2d609,Poorly adjusted chair at Station 12 in loading dock (Room 154),Report issued by safety rep. The poorly adjusted chair at station 12 in loading dock (room 154) has been reported by multiple staff members. Recommend temporary closure.,2023-07-13 00:00:00,Transport,RSSB Head Office,Ergonomic,Low,5,0,0
7b64423c-5bb8-4085-980a-f624dbea5744,Icy patch in office near Station 7 (Zone 5),The icy patch in office near station 7 (zone 5) was observed during routine inspection. This presents a potential risk to staff in the building.,2023-05-12 00:00:00,Security,Kigali Construction Ltd,Slip/Trip/Fall,High,0,0,0
a69bf0f4-dde0-4025-8401-8017118ab82f,Unlabeled pesticides container at main corridor (Room 166),Please investigate.,2024-04-25 00:00:00,Production,Rwanda Manufacturing Co,Chemical,Critical,9,0,0
bc3c0231-564d-40e9-91c0-7e418b2d171c,Improper desk height for welding machine in toilet (Room 183),"During a walkthrough, staff noticed the obstacle in walkway at main corridor (sector b). No immediate incident occurred but the potential for harm is significant.",2025-07-12 00:00:00,Transport,Rwanda Manufacturing Co,Ergonomic,Medium,3,1,0
82bc738e-81ca-4e87-b8d1-39edabacdf8f,Faulty motor on conveyor belt near checkout counter,"During a walkthrough, staff noticed the faulty motor on conveyor belt near checkout counter. No immediate incident occurred but the potential for injury is significant.",2025-08-16 00:00:00,Assembly Line,Kigali Construction Ltd,Machinery,High,9,1,1
717c59ca-12c9-490d-8fd0-65988b4638d8,Blocked emergency route in south wing (Zone 2),The blocked emergency route in south wing (zone 2) was observed during routine inspection. This presents a potential risk to staff in the department.,2027-05-04 00:00:00,Kitchen,Gasabo Textile Factory,Fire,High,0,0,1
04c65d57-d0ae-4f5f-a822-0792b461c804,Repetitive strain risk operating grinder at Station 11,Staff reported the repetitive strain risk operating grinder at station 11 at approximately 4pm. Site inspection confirmed the hazard. Tape has been placed.,2025-12-25 00:00:00,Assembly Line,Bugesera Cement Works,Ergonomic,Low,8,0,0
a5ac5540-bb77-4b5d-9da9-00b6ec9720af,Poorly adjusted chair at checkout counter in warehouse (Room 167),Report issued by team lead. The poorly adjusted chair at checkout counter in warehouse (room 167) has been reported by multiple staff members. Recommend review by safety team.,2024-03-31 00:00:00,Maintenance,Kigali Construction Ltd,Ergonomic,Low,5,1,0
68acad30-e2a0-4ac5-b7df-27d5e48ae359,Broken pipe on crane in toilet (Zone 10),Report issued by team lead. The broken pipe on crane in toilet (zone 10) has been reported by multiple staff members. Recommend review by safety team.,2025-04-03 00:00:00,Packaging,RSSB Head Office,Machinery,Low,2,0,0
55dc99c0-9bbb-42de-9a10-0cfb4ef95eb5,Cluttered floor space around power drill at service elevator,Staff reported the cluttered floor space around power drill at service elevator at approximately 8am. Site inspection confirmed the hazard. Tape has been placed.,2024-08-24 00:00:00,Loading Bay,Muhanga Agro-Processing,Slip/Trip/Fall,High,0,1,0
c8e71ae8-94b1-495d-ac6c-d8436a54b974,Loose carpet in chemical storage near front gate (Room 143),Follow-up required on the loose carpet in chemical storage near front gate (room 143). The danger is rated as medium due to exposure levels.,2024-09-19 00:00:00,Assembly Line,Nyagatare Cattle Ranch,Slip/Trip/Fall,Medium,4,0,0
ddbd875d-2315-4b71-93d8-d31a3a367401,Pooling of pesticides near lobby (Room 167),"During a walkthrough, staff noticed the pooling of pesticides near lobby (room 167). No immediate incident occurred but the potential for damage is significant.",2023-07-31 00:00:00,Storage Facility,Bugesera Cement Works,Chemical,High,0,0,1
47d1e8d3-4511-4530-98dc-81889ae533ce,Spilled solvents around emergency stairs (Sector G),Staff reported the spilled solvents around emergency stairs (sector g) at approximately 10am. Site inspection confirmed the hazard. Tape has been placed.,2025-09-08 00:00:00,Sanitation,Muhanga Agro-Processing,Chemical,Critical,1,0,1
ba8ddf63-9f34-46ba-a199-39f660e7ec7a,Repetitive strain risk operating hand truck at reception,Follow-up required on the repetitive strain risk operating hand truck at reception. The danger is rated as low due to exposure levels.,2025-09-04 00:00:00,Kitchen,Huye Power Plant,Ergonomic,Low,4,0,0
19b5e42f-e093-4a91-aa77-ea4fc88973f5,Spilled chlorine around south wing (Zone 3),"During a walkthrough, staff noticed the spilled chlorine around south wing (zone 3). No immediate incident occurred but the potential for injury is significant.",2023-05-02 00:00:00,Workshop,Rubavu Logistics Hub,Chemical,Medium,3,0,0
569ec8ee-55ad-4a5b-842b-92a52421620e,Unlabeled resin container at east wing (Room 105),Follow-up required on the unlabeled resin container at east wing (room 105). The risk is rated as critical due to lack of protection.,2023-08-14 00:00:00,Storage Facility,Rwanda Manufacturing Co,Chemical,Critical,1,0,1
16de9997-3575-4050-901d-c6482e9449b0,Stagnant water near emergency stairs causing Rodent sightings,"During a walkthrough, staff noticed the stagnant water near emergency stairs causing rodent sightings. No immediate incident occurred but the potential for harm is significant.",2025-02-19 00:00:00,Office Complex,Gasabo Textile Factory,Biological,Low,11,0,0
52950c24-8a28-410b-a14f-6be3310cb59c,Blocked fire exit at north entrance near car park (Room 139),This needs fixing urgently.,2026-03-24 00:00:00,Workshop,Gasabo Textile Factory,Fire,High,3,0,0
5d21dcff-b5fb-4796-b83e-e6f7739d06e0,Accumulated flammable material near grinder (Room 147),Follow-up required on the accumulated flammable material near grinder (room 147). The severity is rated as critical due to frequency of use.,2026-05-27 00:00:00,Storage Facility,RSSB Head Office,Fire,Critical,2,0,1
fdbba36f-8d65-4fc2-92ab-68983fdda69c,Obstacle in walkway at north entrance (Room 127),Follow-up required on the obstacle in walkway at north entrance (room 127). The severity is rated as high due to frequency of use.,2023-12-22 00:00:00,Warehouse,RSSB Head Office,Slip/Trip/Fall,High,2,0,0
35e87bca-6abd-455f-af57-1a020052dd04,Repetitive strain risk operating printer at Station 10,The repetitive strain risk operating printer at station 10 was observed during routine inspection. This presents a potential risk to staff in the building.,2023-05-30 00:00:00,Production,Muhanga Agro-Processing,Ergonomic,Low,5,0,0
266eacbe-16cb-44b0-b8eb-dff026dd5ee3,Faulty gear on crane near Station 19,Staff reported the faulty gear on crane near station 19 at approximately 10am. Site inspection confirmed the hazard. Warning signs posted.,2024-05-30 00:00:00,Security,Rubavu Logistics Hub,Machinery,Medium,1,0,0
b6879de4-9e33-4b36-ad5c-2eb5956c74b7,Damaged power cord on ventilator at east wing (Room 155),Staff reported the damaged power cord on ventilator at east wing (room 155) at approximately 8am. Site inspection confirmed the hazard. Warning signs posted.,2026-03-17 00:00:00,Loading Bay,Muhanga Agro-Processing,Electrical,High,4,0,1
0fff6af5-8381-4038-8ce2-70eba9a825f2,Accumulated flammable material near computer (Room 170),I'm concerned about this.,2024-01-22 00:00:00,Transport,Huye Power Plant,Fire,Critical,4,0,0
a5470995-e97f-4023-a0b1-2c0937f0f235,Safety violation spotted,Staff reported the safety violation spotted at approximately 2pm. Site inspection confirmed the hazard. Tape has been placed.,2025-04-20 00:00:00,Office Complex,Huye Power Plant,Ergonomic,Medium,4,1,0
42b56767-8f4b-480c-9eb8-88ad08b12b81,Faulty fire extinguisher in toilet (Room 124),"During a walkthrough, staff noticed the faulty fire extinguisher in toilet (room 124). No immediate incident occurred but the potential for damage is significant.",2025-09-19 00:00:00,Warehouse,Bugesera Cement Works,Fire,High,0,0,0
9a682e08-88fb-47d2-bff6-e2add121a014,Blocked fire exit at basement near cafeteria (Room 187),The blocked fire exit at basement near cafeteria (room 187) was observed during routine inspection. This presents a potential risk to staff in the department.,2024-07-07 00:00:00,Workshop,Kigali Construction Ltd,Fire,Critical,8,1,1
9c966500-216c-4962-a533-2778269a293f,Overloaded power outlet near reception (Room 108),"During a walkthrough, staff noticed the overloaded power outlet near reception (room 108). No immediate incident occurred but the potential for harm is significant.",2023-07-16 00:00:00,Quality Control,Nyagatare Cattle Ranch,Electrical,Critical,14,1,1
2d04794a-a9d6-4ab0-a263-c7c790e9465c,Faulty connector on pallet jack near Station 14,Report issued by supervisor. The faulty connector on pallet jack near station 14 has been reported by multiple staff members. Recommend immediate repair.,2023-09-09 00:00:00,Office Complex,Rwanda Manufacturing Co,Machinery,Critical,4,1,0
b582da85-0937-4239-bec1-bbc47c4464b2,Unlabeled pesticides container at main corridor (Room 191),Follow-up required on the unlabeled pesticides container at main corridor (room 191). The danger is rated as medium due to frequency of use.,2023-08-29 00:00:00,Warehouse,Rubavu Logistics Hub,Chemical,Medium,2,0,0
4fceaf2f-134a-4724-8232-879f23ca2d44,Problem with equipment,Staff reported the problem with equipment at approximately 4pm. Site inspection confirmed the hazard. No temporary measures taken.,2024-06-10 00:00:00,Administration,Musanze Mining Corp,Ergonomic,Medium,5,0,0
f4fa62d6-a5b3-4a04-ace0-fac72e6f5b23,Spilled epoxy around east wing (Room 191),Report issued by safety rep. The spilled epoxy around east wing (room 191) has been reported by multiple staff members. Recommend immediate repair.,2024-08-07 00:00:00,Maintenance,Huye Power Plant,Chemical,High,8,0,0
cd4ddd4c-6648-42d5-8e87-79799cb66556,Exposed filter on CNC machine at rooftop (Room 152),Staff reported the exposed filter on cnc machine at rooftop (room 152) at approximately 4pm. Site inspection confirmed the hazard. No temporary measures taken.,2026-01-10 00:00:00,Production,Musanze Mining Corp,Machinery,High,3,1,0
432c6eca-a07a-4a2a-8816-e44edb9e1ef7,Exposed connector on compressor at rear exit (Zone 2),The exposed connector on compressor at rear exit (zone 2) was observed during routine inspection. This presents a potential risk to staff in the area.,2025-07-12 00:00:00,Loading Bay,Huye Power Plant,Machinery,High,9,1,1
084f686d-7a88-46e4-8973-e67ea84b39a7,Biological waste disposal issue in loading dock (Room 172),Staff reported the biological waste disposal issue in loading dock (room 172) at approximately 8am. Site inspection confirmed the hazard. No temporary measures taken.,2025-05-03 00:00:00,Assembly Line,Huye Power Plant,Biological,High,6,1,1
a6d657c1-9ac4-48b7-8f0a-c6216acca2ff,Repetitive strain risk operating printer at packing station,This needs fixing urgently.,2024-08-02 00:00:00,Assembly Line,Musanze Mining Corp,Ergonomic,Low,1,0,0
78cc1e59-0e23-4b85-849a-11fc101425dc,Uncontained cleaning agent near maintenance bay (Room 186),Follow-up required on the uncontained cleaning agent near maintenance bay (room 186). The danger is rated as medium due to exposure levels.,2025-07-25 00:00:00,Administration,Muhanga Agro-Processing,Chemical,Medium,6,0,0
9b89d317-d48c-477f-a12c-719803b2cf4e,Improper storage of ammonia in lobby (Room 114),Follow-up required on the improper storage of ammonia in lobby (room 114). The risk is rated as medium due to frequency of use.,2023-11-19 00:00:00,Sanitation,Huye Power Plant,Chemical,Medium,1,1,1
08c81589-0f21-4315-aff7-bc17047f6aa6,Hazard observed,"During a walkthrough, staff noticed the hazard observed. No immediate incident occurred but the potential for damage is significant.",2024-08-08 00:00:00,Transport,Musanze Mining Corp,Fire,High,13,0,1
f7d86f13-e00b-4ea6-b7be-c8a4310fb30e,Fungal spread in cafeteria near front gate (Room 169),Follow-up required on the fungal spread in cafeteria near front gate (room 169). The severity is rated as medium due to proximity to staff.,2023-10-09 00:00:00,Packaging,Bugesera Cement Works,Biological,Medium,0,0,1
4eaf97ce-0260-4a20-8cf1-b0b4e3c4c16d,Damaged power cord on hoist at emergency stairs (Room 187),Staff reported the damaged power cord on hoist at emergency stairs (room 187) at approximately 10am. Site inspection confirmed the hazard. Warning signs posted.,2025-06-24 00:00:00,Packaging,Rwanda Manufacturing Co,Electrical,High,8,0,0
f68bd802-0c13-4900-8489-55c948ff28bf,Blocked fire exit at emergency stairs near office (Room 156),Staff reported the blocked fire exit at emergency stairs near office (room 156) at approximately 8am. Site inspection confirmed the hazard. Warning signs posted.,2025-11-09 00:00:00,Production,Huye Power Plant,Fire,Critical,1,1,0
6f551235-0393-4947-9886-a9a2fb46eea6,Unsafe operation of generator in office (Room 115),Report issued by employee. The unsafe operation of generator in office (room 115) has been reported by multiple staff members. Recommend temporary closure.,2024-10-17 00:00:00,Sanitation,Huye Power Plant,Machinery,High,4,0,0
d880e3fb-7bc6-4b54-9a63-d56f9ae7e3fd,Biological waste disposal issue in corridor (Room 188),Follow-up required on the biological waste disposal issue in corridor (room 188). The severity is rated as high due to exposure levels.,2023-09-08 00:00:00,Workshop,Musanze Mining Corp,Biological,High,5,0,0
c0c167b6-3f93-40a9-a0a0-f00a76207efd,Broken display on drill press in office (Room 107),Follow-up required on the broken display on drill press in office (room 107). The risk is rated as critical due to proximity to staff.,2025-01-21 00:00:00,Packaging,Musanze Mining Corp,Machinery,Critical,2,0,1
62fb2b1c-abbc-46bc-9d89-8a763cb43f43,Smoke detector malfunctioning in maintenance bay (Room 179),Please investigate.,2023-05-05 00:00:00,Workshop,Musanze Mining Corp,Fire,Critical,4,0,1
af27ba1d-05e7-42a7-8fed-568263d2b3c0,Loose carpet in server room near emergency stairs (Room 147),The loose carpet in server room near emergency stairs (room 147) was observed during routine inspection. This presents a potential risk to staff in the department.,2025-11-23 00:00:00,Sanitation,Kigali Construction Ltd,Slip/Trip/Fall,High,1,1,0
8875e23b-1a6c-4ac8-8691-efb05dccd9d9,Loose carpet in loading dock near basement (Room 138),Follow-up required on the loose carpet in loading dock near basement (room 138). The risk is rated as low due to frequency of use.,2024-02-14 00:00:00,Storage Facility,Kigali Construction Ltd,Slip/Trip/Fall,Low,3,0,0
43653b6b-b7dd-4820-b426-1b2bd4b68238,Spill of coolant near server room (Sector G),The spill of coolant near server room (sector g) was observed during routine inspection. This presents a potential risk to staff in the area.,2025-02-12 00:00:00,Sanitation,Rwanda Manufacturing Co,Chemical,High,2,0,0
9960a901-fd41-4257-ac4d-28ab6c7680b1,Poorly adjusted chair at Station 7 in cafeteria (Room 107),"During a walkthrough, staff noticed the poorly adjusted chair at station 7 in cafeteria (room 107). No immediate incident occurred but the potential for damage is significant.",2024-02-14 00:00:00,Storage Facility,Musanze Mining Corp,Ergonomic,High,5,0,0
1508f4ef-6626-4bd5-8861-95556bcee756,Loose carpet in production floor near receiving dock (Room 114),Staff reported the loose carpet in production floor near receiving dock (room 114) at approximately 2pm. Site inspection confirmed the hazard. Tape has been placed.,2025-06-21 00:00:00,Quality Control,Kigali Construction Ltd,Slip/Trip/Fall,Medium,7,1,1
f675736f-31d7-4af1-9fb3-dfffe0dc7c28,Spoiled materials found in workshop (Sector E),Staff reported the spoiled materials found in workshop (sector e) at approximately 4pm. Site inspection confirmed the hazard. Tape has been placed.,2026-04-14 00:00:00,Transport,RSSB Head Office,Biological,Low,1,0,0
6dda25a4-dc17-4a1e-9525-a910269f4011,Overloaded power outlet near dispatch area (Zone 11),Report issued by supervisor. The overloaded power outlet near dispatch area (zone 11) has been reported by multiple staff members. Recommend immediate repair.,2026-03-25 00:00:00,Storage Facility,Nyagatare Cattle Ranch,Electrical,Critical,0,0,1
4a8790d7-2879-4ec4-9777-0ece58f7ee27,Fumes from coolant near Station 9 (Room 166),This has been like this for weeks.,2023-12-27 00:00:00,Transport,Rubavu Logistics Hub,Chemical,High,4,0,0
6407edab-06cb-4c44-af63-6cac76c8d50c,Biological waste disposal issue in storage room (Sector A),Report issued by safety rep. The biological waste disposal issue in storage room (sector a) has been reported by multiple staff members. Recommend temporary closure.,2025-01-25 00:00:00,Transport,Rubavu Logistics Hub,Biological,Medium,1,1,1
8921c94b-6c23-4d49-bd4e-16f705cd5df1,Sparks observed from ventilator in corridor (Room 115),Follow-up required on the sparks observed from ventilator in corridor (room 115). The severity is rated as high due to exposure levels.,2024-01-15 00:00:00,Administration,Kigali Construction Ltd,Electrical,High,1,0,0
a3641cc7-1f7e-4b1e-873f-b348f529bae8,Awkward lifting position at east wing in chemical storage (Room 143),Follow-up required on the awkward lifting position at east wing in chemical storage (room 143). The danger is rated as critical due to frequency of use.,2026-03-29 00:00:00,Sanitation,RSSB Head Office,Ergonomic,Critical,3,1,0
c06c176d-14e8-4f4b-be04-b5ec7c08ed94,Faulty hose on CNC machine near Station 10,Staff reported the faulty hose on cnc machine near station 10 at approximately 2pm. Site inspection confirmed the hazard. Tape has been placed.,2024-12-06 00:00:00,Transport,RSSB Head Office,Machinery,Critical,0,0,0
13670d04-72e9-4482-90fd-c1f89f98470e,Biological waste disposal issue in server room (Room 190),The repetitive strain risk operating boiler at station 15 was observed during routine inspection. This presents a potential risk to staff in the department.,2025-03-04 00:00:00,Quality Control,Muhanga Agro-Processing,Biological,Medium,0,0,0
ec8aa14f-4c85-4250-942e-a5725f6b8c5f,Stagnant water near loading bay causing Fungal spread,"During a walkthrough, staff noticed the stagnant water near loading bay causing fungal spread. No immediate incident occurred but the potential for damage is significant.",2023-10-25 00:00:00,Warehouse,Musanze Mining Corp,Biological,Low,4,0,0
ca13f904-6e7f-48d3-9288-60ff7f12f01e,Exposed pipe on hoist in assembly area (Room 194),Staff reported the exposed pipe on hoist in assembly area (room 194) at approximately 10am. Site inspection confirmed the hazard. No temporary measures taken.,2024-06-25 00:00:00,Sanitation,Gasabo Textile Factory,Electrical,Critical,15,0,0
8b5bcc30-e853-4f23-9eb1-ef044f1585dc,Blocked emergency route in front gate (Room 140),The blocked emergency route in front gate (room 140) was observed during routine inspection. This presents a potential risk to staff in the department.,2024-08-10 00:00:00,Administration,Gasabo Textile Factory,Fire,Critical,7,1,0
081e50b9-debe-422a-9620-c5573e341fd6,Safety concern reported (similar to report #1254),Report issued by supervisor. The safety concern reported (similar to report #1254) has been reported by multiple staff members. Recommend temporary closure.,2026-02-28 00:00:00,Assembly Line,Kigali Construction Ltd,Machinery,Critical,1,1,1
6c1b830d-6b7b-4356-a40f-cd94642852e6,Exposed pipe on microwave in chemical storage (Sector H),The exposed pipe on microwave in chemical storage (sector h) was observed during routine inspection. This presents a potential risk to staff in the building.,2023-04-06 00:00:00,Administration,Muhanga Agro-Processing,Electrical,High,10,0,0
033fc3b5-a84f-4367-85b8-7eaf1afe85ea,Improper storage of coolant in canteen (Room 141),Report issued by team lead. The improper storage of coolant in canteen (room 141) has been reported by multiple staff members. Recommend temporary closure.,2026-01-11 00:00:00,Quality Control,Kigali Construction Ltd,Chemical,Critical,4,1,1
55591304-6d9f-423d-a7f8-e4254807b51a,Cluttered floor space around hand truck at emergency stairs,The cluttered floor space around hand truck at emergency stairs was observed during routine inspection. This presents a potential risk to staff in the building.,2024-12-07 00:00:00,Packaging,Rubavu Logistics Hub,Slip/Trip/Fall,Critical,9,1,1
839826da-d9ec-4c39-a70f-7d35ffbf4ae7,Improper desk height for microwave in car park (Room 106),Staff reported the improper desk height for microwave in car park (room 106) at approximately 8am. Site inspection confirmed the hazard. No temporary measures taken.,2023-01-14 00:00:00,Office Complex,Nyagatare Cattle Ranch,Ergonomic,Low,0,1,0
d90eb005-99fc-46ee-a772-df6c60e89eb2,Spilled resin around south wing (Room 142),Report issued by employee. The spilled resin around south wing (room 142) has been reported by multiple staff members. Recommend further assessment.,2026-01-08 00:00:00,Warehouse,Huye Power Plant,Chemical,Critical,1,0,0
81bb37d7-b823-40e2-b627-a573f99c1704,Issue in department,The issue in department was observed during routine inspection. This presents a potential risk to staff in the department.,2023-03-02 00:00:00,Security,Bugesera Cement Works,Electrical,High,0,0,1
aefc4589-0acb-4070-8ac8-101d516ad0df,Biological waste disposal issue in lobby (Room 150),Report issued by supervisor. The biological waste disposal issue in lobby (room 150) has been reported by multiple staff members. Recommend immediate repair.,2023-12-31 00:00:00,Administration,Rubavu Logistics Hub,Biological,Medium,4,1,0
45a9be06-e2f8-4455-8ef5-312518b66518,Exposed wire on hoist in cafeteria (Room 155),Report issued by team lead. The exposed wire on hoist in cafeteria (room 155) has been reported by multiple staff members. Recommend further assessment.,2025-10-29 00:00:00,Office Complex,Rwanda Manufacturing Co,Electrical,Critical,3,0,1
415bd162-85dc-4b9d-a882-d1bd26f10db2,Unsafe operation of exhaust fan in maintenance bay (Zone 6),Follow-up required on the unsafe operation of exhaust fan in maintenance bay (zone 6). The risk is rated as critical due to exposure levels.,2025-11-04 00:00:00,Assembly Line,RSSB Head Office,Machinery,Critical,5,0,1
fb550fa2-d908-47e0-9ec2-f7e101839976,Spoiled materials found in warehouse (Room 117),Staff reported the spoiled materials found in warehouse (room 117) at approximately 10am. Site inspection confirmed the hazard. No temporary measures taken.,2024-07-07 00:00:00,Kitchen,Bugesera Cement Works,Biological,High,6,1,0
005ee54a-9c2e-4f01-a851-7a4f5c4749ad,Odor from bleach near toilet (Room 186),"During a walkthrough, staff noticed the repetitive strain risk operating printer at station 13. No immediate incident occurred but the potential for harm is significant.",2023-12-13 00:00:00,Workshop,Muhanga Agro-Processing,Chemical,Critical,1,0,0
7684ca78-fa45-43e1-b224-d53314c46ad1,Exposed switch on ventilator in cafeteria (Room 157),Follow-up required on the exposed switch on ventilator in cafeteria (room 157). The risk is rated as high due to exposure levels.,2023-06-06 00:00:00,Security,Nyagatare Cattle Ranch,Electrical,High,0,0,0
8cdb8f16-ca6e-4e06-bc8a-54289f601997,Pooling of solvents near canteen (Room 111),Report issued by supervisor. The pooling of solvents near canteen (room 111) has been reported by multiple staff members. Recommend further assessment.,2024-05-17 00:00:00,Storage Facility,Gasabo Textile Factory,Chemical,Critical,7,0,1
6b33453d-b41b-4d03-9ad2-62c4601e364c,Awkward lifting position at west exit in cafeteria (Sector B),The awkward lifting position at west exit in cafeteria (sector b) was observed during routine inspection. This presents a potential risk to staff in the department.,2026-03-28 00:00:00,Sanitation,RSSB Head Office,Ergonomic,Medium,2,1,0
3e54844c-6870-4065-ab14-41a31dac387b,Overloaded power outlet near Station 3 (Room 124),Staff reported the overloaded power outlet near station 3 (room 124) at approximately 2pm. Site inspection confirmed the hazard. Tape has been placed.,2025-12-18 00:00:00,Quality Control,RSSB Head Office,Electrical,High,1,0,0
e4f64606-852f-49aa-9531-89c9dd89fa58,Fumes from solvents near Station 9 (Room 121),Can someone look at this?,2025-03-04 00:00:00,Kitchen,RSSB Head Office,Chemical,Medium,1,0,0
d94b4663-ef7f-46fe-a66f-b4df997f41a6,Blocked fire exit at rooftop near break room (Room 175),"During a walkthrough, staff noticed the blocked fire exit at rooftop near break room (room 175). No immediate incident occurred but the potential for injury is significant.",2024-01-21 00:00:00,Laboratory,Kigali Construction Ltd,Fire,Critical,5,1,1
2df08b60-7422-498b-a7c6-bc52b650c800,Improper desk height for boiler in storage room (Sector G),,2024-08-10 00:00:00,Packaging,Nyagatare Cattle Ranch,Ergonomic,High,2,1,1
a34beee1-f60b-4636-9d27-18e5c034a8da,Unlabeled degreaser container at rooftop (Room 107),The unlabeled degreaser container at rooftop (room 107) was observed during routine inspection. This presents a potential risk to staff in the department.,2026-01-17 00:00:00,Kitchen,Musanze Mining Corp,Chemical,Critical,2,1,0
8d5977ac-e2aa-4a90-a5f2-fc08172127d5,Improper storage of epoxy in storage room (Room 176),Staff reported the improper storage of epoxy in storage room (room 176) at approximately 10am. Site inspection confirmed the hazard. Warning signs posted.,2023-01-21 00:00:00,Office Complex,Muhanga Agro-Processing,Chemical,High,4,1,0
c48bc2f5-c87b-44f7-8dfd-74353aedbb60,Spoiled materials found in chemical storage (Room 123),"During a walkthrough, staff noticed the exposed gear on power drill in chemical storage (zone 4). No immediate incident occurred but the potential for damage is significant.",2023-01-09 00:00:00,Transport,Kigali Construction Ltd,Biological,High,5,0,0
cdddf5b9-0711-4953-8403-7a64f2664092,Blocked emergency route in west exit (Room 124),Report issued by team lead. The blocked emergency route in west exit (room 124) has been reported by multiple staff members. Recommend immediate repair.,2023-11-02 00:00:00,Warehouse,Rwanda Manufacturing Co,Fire,High,0,0,0
f0d648fd-2249-4863-ad34-9838597db665,Poorly adjusted chair at Station 4 in stairwell (Room 137),"During a walkthrough, staff noticed the poorly adjusted chair at station 4 in stairwell (room 137). No immediate incident occurred but the potential for harm is significant.",2025-09-17 00:00:00,Storage Facility,Gasabo Textile Factory,Ergonomic,Low,1,0,0
9b9e2c65-220f-471a-b2c1-111d60121ca7,Exposed motor on ventilator in loading dock (Room 195),The exposed motor on ventilator in loading dock (room 195) was observed during routine inspection. This presents a potential risk to staff in the area.,2024-02-07 00:00:00,Production,Rwanda Manufacturing Co,Electrical,Critical,15,0,1
0404dfc6-d0b9-408d-88af-b9c509f8a0b6,Broken guard on welding station in cafeteria (Room 159),Follow-up required on the broken guard on welding station in cafeteria (room 159). The danger is rated as high due to exposure levels.,2024-05-03 00:00:00,Kitchen,Bugesera Cement Works,Machinery,High,4,0,0
d21bd2e2-ec5c-4982-ac7b-e08f10836fb0,Exposed motor on ventilator in stairwell (Room 177),,2025-10-04 00:00:00,Packaging,Rwanda Manufacturing Co,Electrical,High,8,1,1
e4ab6dd7-a673-4184-a2df-e95a5b8dbb82,Blocked fire exit at north entrance near car park (Room 167) (similar to report #1180),The blocked fire exit at north entrance near car park (room 167) (similar to report #1180) was observed during routine inspection. This presents a potential risk to staff in the area.,2025-03-27 00:00:00,Office Complex,Rwanda Manufacturing Co,Chemical,High,5,0,0
6b11e94a-aa11-40dc-b0a9-6521ff9c6311,Obstacle in walkway at receiving dock (Zone 7),Staff reported the obstacle in walkway at receiving dock (zone 7) at approximately 10am. Site inspection confirmed the hazard. Warning signs posted.,2026-03-07 00:00:00,Laboratory,Nyagatare Cattle Ranch,Slip/Trip/Fall,Medium,14,1,0
1a068064-b31b-4f40-8332-8905bdd66246,Unsafe operation of forklift in corridor (Room 125),Follow-up required on the unsafe operation of forklift in corridor (room 125). The severity is rated as high due to proximity to staff.,2024-06-12 00:00:00,Quality Control,RSSB Head Office,Machinery,High,6,0,1
a188d604-9a61-4c37-b751-3337d97bab1b,Obstacle in walkway at basement (Room 137),Follow-up required on the obstacle in walkway at basement (room 137). The risk is rated as high due to exposure levels.,2023-05-30 00:00:00,Transport,Bugesera Cement Works,Slip/Trip/Fall,High,1,0,0
a5d314fa-b668-4c61-ada0-2eb62fcdc099,Stagnant water near rear exit causing Pest infestation,"During a walkthrough, staff noticed the stagnant water near rear exit causing pest infestation. No immediate incident occurred but the potential for damage is significant.",2025-09-26 00:00:00,Office Complex,Musanze Mining Corp,Biological,Medium,8,0,0
6cc40402-84dc-4518-8ab2-b4460f2754b1,Sparks observed from boiler in corridor (Room 121),Follow-up required on the sparks observed from boiler in corridor (room 121). The severity is rated as critical due to lack of protection.,2024-12-28 00:00:00,Storage Facility,Nyagatare Cattle Ranch,Electrical,Critical,1,1,0
65f80429-3c59-4bab-9cc6-2ecafd71a4fe,Loose carpet in production floor near north entrance (Room 152),The loose carpet in production floor near north entrance (room 152) was observed during routine inspection. This presents a potential risk to staff in the area.,2025-04-01 00:00:00,Loading Bay,Kigali Construction Ltd,Slip/Trip/Fall,High,4,0,0
6b5672d8-9f36-4d47-88d2-f922899e8c11,Unlabeled bleach container at main corridor (Room 170),The unlabeled bleach container at main corridor (room 170) was observed during routine inspection. This presents a potential risk to staff in the building.,2024-09-14 00:00:00,Packaging,Rwanda Manufacturing Co,Chemical,Critical,11,1,0
1191734b-e053-4db0-ade1-daaf6e7d5c06,Broken pipe on industrial mixer in lobby (Room 109),The broken pipe on industrial mixer in lobby (room 109) was observed during routine inspection. This presents a potential risk to staff in the building.,2025-09-16 00:00:00,Packaging,Nyagatare Cattle Ranch,Machinery,High,1,0,0
61b42312-d07e-4005-8458-a59a484b98f3,Poorly adjusted chair at Station 1 in warehouse (Room 176),Staff reported the poorly adjusted chair at station 1 in warehouse (room 176) at approximately 8am. Site inspection confirmed the hazard. Tape has been placed.,2024-06-11 00:00:00,Office Complex,Musanze Mining Corp,Ergonomic,Low,1,0,0
0ab16f83-cd45-41c2-924b-ed98f13659c2,Obstacle in walkway at emergency stairs (Room 190),Follow-up required on the obstacle in walkway at emergency stairs (room 190). The severity is rated as high due to lack of protection.,2025-12-20 00:00:00,Administration,Musanze Mining Corp,Slip/Trip/Fall,High,0,1,1
7bdf5bd0-fe3d-4873-af51-9bf350b51e81,Fumes from degreaser near Station 15 (Room 190),Follow-up required on the fumes from degreaser near station 15 (room 190). The danger is rated as medium due to proximity to staff.,2024-05-30 00:00:00,Warehouse,Nyagatare Cattle Ranch,Chemical,Medium,7,0,0
0ae111f6-0493-4d4c-b922-96bb0a061d0d,Flickering lights in south wing near welding machine,Follow-up required on the flickering lights in south wing near welding machine. The danger is rated as critical due to lack of protection.,2025-08-22 00:00:00,Workshop,Rwanda Manufacturing Co,Electrical,Critical,0,0,0
9edaf057-f0a4-4b63-9cfd-1944f763fe1c,Improper storage of degreaser in stairwell (Room 142),Report issued by team lead. The improper storage of degreaser in stairwell (room 142) has been reported by multiple staff members. Recommend review by safety team.,2024-07-06 00:00:00,Packaging,Bugesera Cement Works,Chemical,High,1,1,0
760a7aee-3777-4c25-94e9-0bf01c56db31,Smoke detector malfunctioning in corridor (Room 103),Report issued by employee. The smoke detector malfunctioning in corridor (room 103) has been reported by multiple staff members. Recommend temporary closure.,2024-03-24 00:00:00,Warehouse,Musanze Mining Corp,Fire,Critical,11,1,0
7af34db6-71ec-4d19-af60-8605b3daa3d2,Repetitive strain risk operating power drill at inspection desk,Staff reported the blocked fire exit at basement near break room (room 179) at approximately 2pm. Site inspection confirmed the hazard. No temporary measures taken.,2024-12-06 00:00:00,Laboratory,Bugesera Cement Works,Ergonomic,High,2,0,0
0742a0f6-dc1a-4df3-a984-61838e4458a3,Flickering lights in front gate near welding machine,Please investigate.,2024-09-03 00:00:00,Storage Facility,Rubavu Logistics Hub,Electrical,Critical,15,0,0
f33613fc-9b9a-4881-a292-6d46f2e8be2b,Awkward lifting position at east wing in warehouse (Room 129),The awkward lifting position at east wing in warehouse (room 129) was observed during routine inspection. This presents a potential risk to staff in the area.,2027-06-26 00:00:00,Storage Facility,Nyagatare Cattle Ranch,Ergonomic,Low,2,1,0
10f6b9eb-b6f0-4264-b5ec-95a48f84be24,Fungal spread in loading dock near basement (Room 114),Follow-up required on the fungal spread in loading dock near basement (room 114). The risk is rated as high due to exposure levels.,2024-12-25 00:00:00,Transport,RSSB Head Office,Biological,High,2,0,0
323cb7e8-2e3b-47b7-b0cd-dc7c5eb49548,Smoke detector malfunctioning in warehouse (Room 184),"During a walkthrough, staff noticed the smoke detector malfunctioning in warehouse (room 184). No immediate incident occurred but the potential for injury is significant.",2023-04-07 00:00:00,Transport,Bugesera Cement Works,Fire,Critical,12,0,1
ce9b075c-1cf4-49ce-9f45-439638d4893c,Improper storage of bleach in cafeteria (Room 147),"During a walkthrough, staff noticed the improper storage of bleach in cafeteria (room 147). No immediate incident occurred but the potential for damage is significant.",2024-04-01 00:00:00,Quality Control,Rubavu Logistics Hub,Chemical,Critical,5,0,1
309b2b22-87ac-47df-a42d-ab3a8fbc5e5c,Loose tiles in stairwell near Station 3 (Room 193),"During a walkthrough, staff noticed the loose tiles in stairwell near station 3 (room 193). No immediate incident occurred but the potential for harm is significant.",2026-02-28 00:00:00,Production,Gasabo Textile Factory,Slip/Trip/Fall,Medium,0,1,0
c0011bc3-6dcf-4135-94a7-d8f7852fdbf3,Pest infestation in loading dock near east wing (Room 186),Report issued by employee. The pest infestation in loading dock near east wing (room 186) has been reported by multiple staff members. Recommend immediate repair.,2023-07-22 00:00:00,Kitchen,Nyagatare Cattle Ranch,Biological,Medium,8,1,0
4b3c108d-32ac-49aa-bd87-c71a4340d46b,Cluttered floor space around server rack at basement (similar to report #2300),Staff reported the cluttered floor space around server rack at basement (similar to report #2300) at approximately 10am. Site inspection confirmed the hazard. Tape has been placed.,2024-08-21 00:00:00,Office Complex,Gasabo Textile Factory,Biological,Low,0,0,0
2b8cba69-e8a5-4f75-b76f-7f55e31b6ac1,Stagnant water near rooftop causing Bacterial contamination risk,Staff reported the stagnant water near rooftop causing bacterial contamination risk at approximately 2pm. Site inspection confirmed the hazard. No temporary measures taken.,2025-04-22 00:00:00,Administration,Muhanga Agro-Processing,Biological,Low,4,0,1
44b491b9-ca9a-479e-9809-bf10210d25f4,Unlabeled degreaser container at emergency stairs (Room 167),The unlabeled degreaser container at emergency stairs (room 167) was observed during routine inspection. This presents a potential risk to staff in the building.,2023-09-29 00:00:00,Administration,Gasabo Textile Factory,Chemical,Critical,14,0,1
7ab7fc1b-f3eb-4483-bc2e-a63d4702db9c,Sparks observed from boiler in loading dock (Zone 2),Report issued by safety rep. The sparks observed from boiler in loading dock (zone 2) has been reported by multiple staff members. Recommend further assessment.,2024-10-09 00:00:00,Storage Facility,Kigali Construction Ltd,Electrical,Critical,0,0,1
d3bce476-472d-4e75-a372-51c07af6a5ac,Faulty panel on exhaust fan near Station 16,Follow-up required on the faulty panel on exhaust fan near station 16. The risk is rated as critical due to frequency of use.,2025-04-08 00:00:00,Production,Gasabo Textile Factory,Machinery,Critical,12,0,1
01432210-1019-44f8-bda5-afbd319821af,Faulty fire extinguisher in lobby (Zone 9),The faulty fire extinguisher in lobby (zone 9) was observed during routine inspection. This presents a potential risk to staff in the area.,2025-02-03 00:00:00,Administration,Huye Power Plant,Fire,Critical,4,0,1
5fb3e5b1-d0f2-4d28-b0ed-6ba5ea866c4e,Cluttered floor space around welding machine at rear exit,Staff reported the cluttered floor space around welding machine at rear exit at approximately 10am. Site inspection confirmed the hazard. No temporary measures taken.,2024-03-01 00:00:00,Production,Nyagatare Cattle Ranch,Slip/Trip/Fall,Low,0,0,0
c4ccdf27-9bea-4eb2-b0db-36c8d29260f1,Unlabeled epoxy container at emergency stairs (Room 120),Follow-up required on the unlabeled epoxy container at emergency stairs (room 120). The risk is rated as medium due to exposure levels.,2024-04-12 00:00:00,Transport,Kigali Construction Ltd,Chemical,Medium,5,0,0
a22b4602-1edb-417b-9e72-b33f68dcfa11,Spoiled materials found in loading dock (Zone 12),Follow-up required on the fumes from lubricant near station 20 (room 184). The danger is rated as high due to proximity to staff.,2025-05-24 00:00:00,Laboratory,Nyagatare Cattle Ranch,Biological,Medium,1,1,1
5e48dfe2-3084-40c3-8042-7b667dbf8f47,Stagnant water near front gate causing Mold growth,Follow-up required on the stagnant water near front gate causing mold growth. The danger is rated as medium due to exposure levels.,2025-04-22 00:00:00,Loading Bay,Bugesera Cement Works,Biological,Medium,0,0,0
13935342-95d7-4a17-9a79-396f94ddb758,Damaged power cord on transformer at receiving dock (Room 132),"During a walkthrough, staff noticed the damaged power cord on transformer at receiving dock (room 132). No immediate incident occurred but the potential for injury is significant.",2025-08-08 00:00:00,Storage Facility,Rwanda Manufacturing Co,Electrical,High,4,0,1
dae5a2f7-3630-4198-b4e7-04c7ba9da61c,Unsafe operation of welding station in break room (Zone 2),"During a walkthrough, staff noticed the unsafe operation of welding station in break room (zone 2). No immediate incident occurred but the potential for harm is significant.",2024-12-05 00:00:00,Production,Muhanga Agro-Processing,Machinery,Critical,0,0,1
49168094-64c8-43a4-83c3-67417cce00d8,Smoke detector malfunctioning in stairwell (Room 161),Follow-up required on the cluttered floor space around welding machine at main lobby. The severity is rated as high due to exposure levels.,2023-08-21 00:00:00,Quality Control,Rubavu Logistics Hub,Fire,High,3,0,1
e7c28097-15f3-4d9b-84e0-e88d06c9c551,Odor from pesticides near break room (Room 123),"During a walkthrough, staff noticed the odor from pesticides near break room (room 123). No immediate incident occurred but the potential for harm is significant.",2025-11-01 00:00:00,Maintenance,Muhanga Agro-Processing,Chemical,High,4,1,1
6d6f4166-2b4a-4018-8893-af03e9c2bda9,Broken filter on bandsaw in loading dock (Sector H),,2023-03-12 00:00:00,Workshop,Bugesera Cement Works,Machinery,Medium,6,1,0
956179d1-000d-4353-919f-dc82250297c8,Exposed guard on motor at south wing (Room 101) (similar to report #1915),"During a walkthrough, staff noticed the exposed guard on motor at south wing (room 101) (similar to report #1915). No immediate incident occurred but the potential for damage is significant.",2025-01-28 00:00:00,Transport,Nyagatare Cattle Ranch,Slip/Trip/Fall,High,0,0,1
76175ee7-5cea-4841-ad85-3c2a6f6c21e5,Biological waste disposal issue in toilet (Room 189),The biological waste disposal issue in toilet (room 189) was observed during routine inspection. This presents a potential risk to staff in the building.,2025-12-13 00:00:00,Administration,Rwanda Manufacturing Co,Biological,High,1,1,0
7c9913c8-8ff6-4205-bf8c-38b0b46361d6,Loose carpet in cafeteria near perimeter fence (Room 143),Staff reported the loose carpet in cafeteria near perimeter fence (room 143) at approximately 10am. Site inspection confirmed the hazard. Warning signs posted.,2025-03-30 00:00:00,Loading Bay,Kigali Construction Ltd,Slip/Trip/Fall,High,1,1,0
c0a6e9eb-78d2-449e-947c-75b41af9f684,Damaged power cord on welding machine at service elevator (Room 153),Staff reported the damaged power cord on welding machine at service elevator (room 153) at approximately 10am. Site inspection confirmed the hazard. Warning signs posted.,2024-09-26 00:00:00,Security,RSSB Head Office,Electrical,Critical,11,0,1
fb97a9ad-cace-4479-81ab-d6984a22274d,Fungal spread in loading dock near perimeter fence (Room 182),Follow-up required on the fungal spread in loading dock near perimeter fence (room 182). The danger is rated as medium due to exposure levels.,2023-01-21 00:00:00,Administration,Musanze Mining Corp,Biological,Medium,0,1,1
174fe79d-4a9c-472c-8853-3bc82f2f323c,Damaged power cord on grinder at east wing (Room 173),The damaged power cord on grinder at east wing (room 173) was observed during routine inspection. This presents a potential risk to staff in the area.,2024-04-20 00:00:00,Quality Control,Kigali Construction Ltd,Electrical,Critical,3,1,1
5a0545d5-4e47-4d0a-ad88-ce2d15e72b8e,Poorly adjusted chair at inspection desk in assembly area (Zone 11),,2024-04-24 00:00:00,Kitchen,RSSB Head Office,Ergonomic,Medium,14,0,0
518a7591-0f20-4208-a622-019025300ac1,Odor from acids near workshop (Room 123),"During a walkthrough, staff noticed the odor from acids near workshop (room 123). No immediate incident occurred but the potential for harm is significant.",2025-08-17 00:00:00,Loading Bay,Kigali Construction Ltd,Chemical,Critical,6,1,0
a4e31b5c-8a3c-4831-a9e1-1d2a1b42e33f,Strange noise from pallet jack at emergency stairs (Room 119),Report issued by supervisor. The strange noise from pallet jack at emergency stairs (room 119) has been reported by multiple staff members. Recommend review by safety team.,2023-01-20 00:00:00,Administration,Muhanga Agro-Processing,Machinery,Medium,1,0,1
679c34b8-e1fd-46c0-b7b2-4928faf2ecde,Faulty gear on milling machine near Station 1,Report issued by employee. The faulty gear on milling machine near station 1 has been reported by multiple staff members. Recommend further assessment.,2025-11-12 00:00:00,Administration,Kigali Construction Ltd,Machinery,Critical,0,0,1
f0c88d6f-720c-4666-a8f4-24aa592bcd38,Biological waste disposal issue in storage room (Zone 8),Follow-up required on the biological waste disposal issue in storage room (zone 8). The danger is rated as high due to exposure levels.,2024-05-06 00:00:00,Packaging,RSSB Head Office,Biological,High,3,0,0
61b1b69d-ebf2-4cf7-aa35-cbbeccac0c36,Sparks observed from server rack in loading dock (Room 119),,2023-11-18 00:00:00,Production,Huye Power Plant,Electrical,High,4,1,0
65031e15-0505-4e13-a442-d4ac8a557ace,Damaged power cord on shredder at rear exit (Room 113) (similar to report #1791),The damaged power cord on shredder at rear exit (room 113) (similar to report #1791) was observed during routine inspection. This presents a potential risk to staff in the department.,2025-11-09 00:00:00,Workshop,Muhanga Agro-Processing,Biological,Low,1,1,0
0ec4ab2f-5673-4c04-b7d5-aef2fd7c4f2e,Broken panel on industrial mixer in chemical storage (Sector H),Report issued by employee. The broken panel on industrial mixer in chemical storage (sector h) has been reported by multiple staff members. Recommend temporary closure.,2023-09-15 00:00:00,Administration,Kigali Construction Ltd,Machinery,Critical,0,0,1
c821f6c0-51c8-49e8-b8da-9c730b7369f0,Blocked emergency route in front gate (Room 140),Follow-up required on the blocked emergency route in front gate (room 140). The severity is rated as high due to proximity to staff.,2026-01-22 00:00:00,Assembly Line,RSSB Head Office,Fire,High,4,0,1
e812e36b-584d-41b4-a48c-c898a4fa6e8e,Loose carpet in server room near front gate (Room 187),"During a walkthrough, staff noticed the loose carpet in server room near front gate (room 187). No immediate incident occurred but the potential for harm is significant.",2024-11-06 00:00:00,Workshop,RSSB Head Office,Slip/Trip/Fall,Low,0,0,0
ded2e036-d425-4518-8607-adee2b805b5e,Leakage from solvents near server room (Room 169),Staff reported the improper desk height for shredder in server room (room 179) at approximately 10am. Site inspection confirmed the hazard. Warning signs posted.,2025-11-02 00:00:00,Maintenance,Rwanda Manufacturing Co,Chemical,Critical,7,1,1
be5f2154-3b91-4488-ab23-d6f680e80ca9,Unsafe operation of drill press in car park (Zone 13),Staff reported the unsafe operation of drill press in car park (zone 13) at approximately 8am. Site inspection confirmed the hazard. Warning signs posted.,2025-09-11 00:00:00,Security,Huye Power Plant,Machinery,High,4,0,1
b53f01ba-5618-4214-ae63-9e70875fdc86,Faulty panel on HVAC unit near Station 3,"During a walkthrough, staff noticed the faulty panel on hvac unit near station 3. No immediate incident occurred but the potential for harm is significant.",2023-04-02 00:00:00,Kitchen,Huye Power Plant,Machinery,Medium,4,1,0
b05ff8d3-5e09-42d7-ba68-726d82c53bdc,Obstacle in walkway at rooftop (Room 136),The obstacle in walkway at rooftop (room 136) was observed during routine inspection. This presents a potential risk to staff in the building.,2023-03-09 00:00:00,Transport,RSSB Head Office,Slip/Trip/Fall,High,0,0,0
ea99f550-6545-40b1-ada6-a2c96ab98234,Smoke detector malfunctioning in office (Room 146),The smoke detector malfunctioning in office (room 146) was observed during routine inspection. This presents a potential risk to staff in the department.,2025-10-02 00:00:00,Warehouse,Musanze Mining Corp,Fire,Critical,1,0,0
18be055c-3112-4b80-8722-eab4bd3b3b56,Fumes from epoxy near Station 9 (Room 184),"During a walkthrough, staff noticed the fumes from epoxy near station 9 (room 184). No immediate incident occurred but the potential for injury is significant.",2024-05-18 00:00:00,Loading Bay,Musanze Mining Corp,Chemical,Medium,4,1,0
5094637c-b7f6-4108-82fb-98754d41a4a9,Exposed gear on hand truck in canteen (Room 136),,2026-03-30 00:00:00,Storage Facility,Gasabo Textile Factory,Electrical,Critical,1,0,0
d1c1db7f-31ea-465a-ab24-c8e9affbebd9,Obstacle in walkway at service elevator (Room 135),Follow-up required on the obstacle in walkway at service elevator (room 135). The severity is rated as high due to exposure levels.,2025-01-02 00:00:00,Quality Control,Musanze Mining Corp,Slip/Trip/Fall,High,0,0,0
580b2fac-7275-4a33-95f7-a1720f10fd6b,Obstacle in walkway at loading bay (Room 117),"During a walkthrough, staff noticed the obstacle in walkway at loading bay (room 117). No immediate incident occurred but the potential for damage is significant.",2025-11-11 00:00:00,Assembly Line,Nyagatare Cattle Ranch,Slip/Trip/Fall,High,1,0,1
3e067001-3165-42b9-b120-66250a9606ba,Spilled chlorine around north entrance (Room 164),The spilled chlorine around north entrance (room 164) was observed during routine inspection. This presents a potential risk to staff in the area.,2026-02-18 00:00:00,Storage Facility,Muhanga Agro-Processing,Chemical,Critical,1,0,0
eeec759a-4490-44d9-855c-24ba1280e406,Faulty fire extinguisher in server room (Zone 2),"During a walkthrough, staff noticed the faulty fire extinguisher in server room (zone 2). No immediate incident occurred but the potential for harm is significant.",2025-06-12 00:00:00,Security,Nyagatare Cattle Ranch,Fire,High,3,0,1
cb4934e9-436b-44a0-851e-43f5f4ad90cd,Accumulated flammable material near boiler (Room 167),The accumulated flammable material near boiler (room 167) was observed during routine inspection. This presents a potential risk to staff in the area.,2024-05-23 00:00:00,Loading Bay,Bugesera Cement Works,Fire,High,4,0,0
601298b6-1e0b-4f42-8b29-64818b930134,Damaged power cord on coffee maker at rear exit (Room 101),"During a walkthrough, staff noticed the damaged power cord on coffee maker at rear exit (room 101). No immediate incident occurred but the potential for injury is significant.",2025-03-09 00:00:00,Packaging,Muhanga Agro-Processing,Electrical,Critical,2,1,1
9d883154-c0e7-4c34-af73-b32a40ccc5c4,Strange noise from motor at loading bay (Room 139),"During a walkthrough, staff noticed the strange noise from motor at loading bay (room 139). No immediate incident occurred but the potential for harm is significant.",2024-04-07 00:00:00,Laboratory,Rubavu Logistics Hub,Machinery,High,2,1,0
ebefbe22-08ce-474d-9ffe-b7c9afc090b0,Repetitive strain risk operating boiler at Station 9,Report issued by safety rep. The repetitive strain risk operating boiler at station 9 has been reported by multiple staff members. Recommend review by safety team.,2024-05-05 00:00:00,Warehouse,Gasabo Textile Factory,Ergonomic,Low,1,1,0
74c6afce-01ee-46f5-b0ce-da24fd74871b,Blocked fire exit at rear exit near cafeteria (Room 195),Follow-up required on the blocked fire exit at rear exit near cafeteria (room 195). The risk is rated as low due to exposure levels.,2025-08-24 00:00:00,Laboratory,Kigali Construction Ltd,Fire,Low,0,1,1
9b0661eb-7343-413f-a568-8f4233239340,Smoke detector malfunctioning in server room (Room 186),Staff reported the smoke detector malfunctioning in server room (room 186) at approximately 2pm. Site inspection confirmed the hazard. Warning signs posted.,2024-09-29 00:00:00,Office Complex,Gasabo Textile Factory,Fire,High,1,1,1
8ffc3640-f23d-497f-86f2-46c2c2ceb9eb,Issue in department,The issue in department was observed during routine inspection. This presents a potential risk to staff in the department.,2024-05-14 00:00:00,Packaging,Rwanda Manufacturing Co,Biological,Low,14,0,0
606aa918-0915-4a1a-966a-18348acb3982,Faulty sensor on welding station near Station 13,The faulty sensor on welding station near station 13 was observed during routine inspection. This presents a potential risk to staff in the department.,2023-03-06 00:00:00,Quality Control,Bugesera Cement Works,Machinery,Critical,12,0,0
354d70c0-61a7-4b44-96fd-278f9bc3da57,Unpleasant odor in toilet near front gate (Room 114),Report issued by supervisor. The unpleasant odor in toilet near front gate (room 114) has been reported by multiple staff members. Recommend temporary closure.,2023-12-16 00:00:00,Warehouse,Rubavu Logistics Hub,Biological,Medium,4,1,0
f30d0833-3c9d-4de4-9c10-fe6bcb96dc26,Stagnant water near main corridor causing Mold growth,"During a walkthrough, staff noticed the stagnant water near main corridor causing mold growth. No immediate incident occurred but the potential for injury is significant.",2023-06-01 00:00:00,Production,Gasabo Textile Factory,Biological,Low,3,0,0
d7dd6523-2e11-48be-9a1c-5d3d5567a7f6,Blocked emergency route in rooftop (Zone 8),"During a walkthrough, staff noticed the blocked emergency route in rooftop (zone 8). No immediate incident occurred but the potential for harm is significant.",2024-11-08 00:00:00,Sanitation,Nyagatare Cattle Ranch,Fire,Critical,1,0,0
323013ec-2c0a-486f-b83f-f9c947df7347,Unsafe operation of motor in storage room (Room 179),Report issued by employee. The unsafe operation of motor in storage room (room 179) has been reported by multiple staff members. Recommend immediate repair.,2025-07-13 00:00:00,Laboratory,RSSB Head Office,Machinery,High,1,1,0
1285cfbd-f834-49e0-955d-e022100bb5c3,Biological waste disposal issue in car park (Room 183),Please investigate.,2025-10-24 00:00:00,Transport,Gasabo Textile Factory,Biological,High,3,0,0
045598e1-c651-4c34-a893-5b2e1d845413,Overloaded power outlet near control panel (Room 104),,2023-07-11 00:00:00,Maintenance,Rwanda Manufacturing Co,Electrical,Critical,6,0,0
9a413a72-fdec-4eb7-a170-c80a92390db5,Spoiled materials found in assembly area (Zone 7),"During a walkthrough, staff noticed the spoiled materials found in assembly area (zone 7). No immediate incident occurred but the potential for injury is significant.",2025-01-25 00:00:00,Production,Gasabo Textile Factory,Biological,Medium,1,1,0
4cd9427a-a9ef-4457-8593-8ede49892129,Awkward lifting position at emergency stairs in production floor (Room 178) (similar to report #2039),Staff reported the awkward lifting position at emergency stairs in production floor (room 178) (similar to report #2039) at approximately 10am. Site inspection confirmed the hazard. Tape has been placed.,2025-08-17 00:00:00,Maintenance,Huye Power Plant,Ergonomic,High,6,1,0
54cbd631-fa9c-463e-9bd9-833b218d0490,Fumes from coolant near Station 11 (Sector D),Report issued by safety rep. The fumes from coolant near station 11 (sector d) has been reported by multiple staff members. Recommend review by safety team.,2025-11-02 00:00:00,Office Complex,Gasabo Textile Factory,Chemical,Critical,2,1,1
986f4c59-13b5-47f2-90c6-9351292498ff,Sparks observed from power drill in canteen (Zone 6),"During a walkthrough, staff noticed the sparks observed from power drill in canteen (zone 6). No immediate incident occurred but the potential for harm is significant.",2024-08-23 00:00:00,Kitchen,Musanze Mining Corp,Electrical,High,1,0,0
2a3ace86-11f2-4d77-a871-291ec4db4603,Broken plug on generator in server room (Sector D),"During a walkthrough, staff noticed the broken plug on generator in server room (sector d). No immediate incident occurred but the potential for injury is significant.",2024-06-19 00:00:00,Laboratory,RSSB Head Office,Machinery,High,0,0,0
87dd1b18-2f01-4861-87f8-867c8ff50c1d,Poorly adjusted chair at control panel in canteen (Room 101),Follow-up required on the poorly adjusted chair at control panel in canteen (room 101). The danger is rated as low due to frequency of use.,2026-10-11 00:00:00,Warehouse,RSSB Head Office,Ergonomic,Low,1,1,0
7104324d-1b78-4029-9bf3-01ae448d152e,Blocked emergency route in receiving dock (Room 150),Follow-up required on the blocked emergency route in receiving dock (room 150). The risk is rated as high due to lack of protection.,2026-04-23 00:00:00,Sanitation,Musanze Mining Corp,Fire,High,2,0,1
525df796-d3f9-442e-8044-26dcdcd68cdd,Flickering lights in north entrance near hand truck,Follow-up required on the flickering lights in north entrance near hand truck. The danger is rated as critical due to frequency of use.,2026-01-31 00:00:00,Sanitation,Musanze Mining Corp,Electrical,Critical,0,1,0
09af4b4e-3edb-497a-854a-0a23b05b6741,Unsafe operation of lathe in toilet (Room 151),Staff reported the unsafe operation of lathe in toilet (room 151) at approximately 2pm. Site inspection confirmed the hazard. Warning signs posted.,2026-01-13 00:00:00,Administration,Huye Power Plant,Machinery,Medium,5,0,0
dc8a3f83-3632-46f2-838c-35a9938f3122,Rodent sightings in lobby near north entrance (Room 106),Report issued by safety rep. The rodent sightings in lobby near north entrance (room 106) has been reported by multiple staff members. Recommend immediate repair.,2023-11-07 00:00:00,Quality Control,Musanze Mining Corp,Biological,High,1,0,0
78286aac-9f79-4bd1-89db-0a53b89fcc95,Spoiled materials found in corridor (Room 115),Report issued by supervisor. The blocked emergency route in front gate (room 121) has been reported by multiple staff members. Recommend further assessment.,2026-04-10 00:00:00,Maintenance,Nyagatare Cattle Ranch,Biological,Low,6,0,0
2394dbe2-85af-418c-b80b-8fdcf21bc9a8,Loose carpet in cafeteria near west exit (Zone 7),Follow-up required on the loose carpet in cafeteria near west exit (zone 7). The severity is rated as medium due to lack of protection.,2024-08-03 00:00:00,Office Complex,Huye Power Plant,Slip/Trip/Fall,Medium,2,1,0
cba0f32f-4ab5-4a3e-9819-a380e1aeefe4,Improper desk height for transformer in toilet (Room 147),Staff reported the maintenance requested urgently at approximately 2pm. Site inspection confirmed the hazard. Warning signs posted.,2023-04-22 00:00:00,Sanitation,Huye Power Plant,Ergonomic,Medium,13,1,0
ac5fcf05-e9f5-4570-8095-5b2744bef846,Strange noise from HVAC unit at main lobby (Room 145),This has been like this for weeks.,2025-07-28 00:00:00,Storage Facility,Bugesera Cement Works,Machinery,Medium,4,0,0
bbb914e5-b236-4d23-b5f7-63a3debf7c96,Accumulated flammable material near hand truck (Zone 4),"During a walkthrough, staff noticed the accumulated flammable material near hand truck (zone 4). No immediate incident occurred but the potential for harm is significant.",2023-03-23 00:00:00,Security,Bugesera Cement Works,Fire,Critical,3,0,0
06766c57-4dfe-4194-8f1e-ca5f3a462087,Cluttered floor space around microwave at basement,Follow-up required on the cluttered floor space around microwave at basement. The risk is rated as low due to lack of protection.,2023-10-26 00:00:00,Kitchen,Kigali Construction Ltd,Slip/Trip/Fall,Low,5,0,0
67b1c975-f870-48aa-afe4-91af46fe921c,Tripping hazard in cafeteria near inspection desk (Room 189),"During a walkthrough, staff noticed the tripping hazard in cafeteria near inspection desk (room 189). No immediate incident occurred but the potential for injury is significant.",2026-04-29 00:00:00,Administration,RSSB Head Office,Slip/Trip/Fall,High,1,0,1
445eca18-85b4-4c9b-897d-bc547e2494a2,Broken hose on crane in server room (Room 197),The awkward lifting position at east wing in warehouse (room 129) was observed during routine inspection. This presents a potential risk to staff in the area.,2023-04-09 00:00:00,Administration,RSSB Head Office,Machinery,High,4,1,1
3d07b66f-5f51-47da-a3e9-a4ecbe6376fe,Blocked emergency route in loading bay (Zone 7),Staff reported the blocked emergency route in loading bay (zone 7) at approximately 8am. Site inspection confirmed the hazard. Tape has been placed.,2023-12-11 00:00:00,Quality Control,Rubavu Logistics Hub,Fire,High,9,0,1
6d53b775-a1d8-43b9-b9fd-9a92c60b8776,Stagnant water near front gate causing Fungal spread,"During a walkthrough, staff noticed the stagnant water near front gate causing fungal spread. No immediate incident occurred but the potential for damage is significant.",2024-11-10 00:00:00,Office Complex,Rubavu Logistics Hub,Biological,Low,4,1,0
bb1b62f5-ccef-478f-8371-90b2ce12ccf7,Improper desk height for air conditioner in warehouse (Room 156),Follow-up required on the obstacle in walkway at emergency stairs (room 183). The danger is rated as high due to proximity to staff.,2026-05-03 00:00:00,Assembly Line,Gasabo Textile Factory,Ergonomic,Medium,11,1,0
976ab323-3dee-4f9f-bac6-5b66d720e61a,Stagnant water near loading bay causing Fungal spread,Report issued by team lead. The stagnant water near loading bay causing fungal spread has been reported by multiple staff members. Recommend temporary closure.,2025-08-13 00:00:00,Warehouse,Kigali Construction Ltd,Biological,Medium,0,0,0
c8742fb5-1bd3-462c-9ee9-9cf18e38ddf4,Awkward lifting position at loading bay in toilet (Zone 12),Follow-up required on the awkward lifting position at loading bay in toilet (zone 12). The severity is rated as high due to frequency of use.,2025-08-12 00:00:00,Security,RSSB Head Office,Ergonomic,High,2,0,1
ad8ed531-20d5-4633-b9d0-75a5278b8678,Awkward lifting position at front gate in workshop (Room 136),The awkward lifting position at front gate in workshop (room 136) was observed during routine inspection. This presents a potential risk to staff in the area.,2025-10-05 00:00:00,Workshop,Rwanda Manufacturing Co,Ergonomic,High,1,1,0
e1efc4a9-2e64-4d3f-a2dd-724f84352c46,Faulty fire extinguisher in cafeteria (Room 110),Report issued by team lead. The faulty fire extinguisher in cafeteria (room 110) has been reported by multiple staff members. Recommend immediate repair.,2025-01-01 00:00:00,Office Complex,Huye Power Plant,Fire,High,14,0,1
0649b69c-f40a-4eb5-bf4e-7b52191ea0a6,Poorly adjusted chair at Station 7 in office (Room 164),The poorly adjusted chair at station 7 in office (room 164) was observed during routine inspection. This presents a potential risk to staff in the area.,2024-10-18 00:00:00,Security,Huye Power Plant,Ergonomic,Low,2,0,0
29c2ec0e-218d-4f9a-9531-8777274e2dfb,Loose carpet in warehouse near main lobby (Room 156),"During a walkthrough, staff noticed the loose carpet in warehouse near main lobby (room 156). No immediate incident occurred but the potential for harm is significant.",2026-02-22 00:00:00,Laboratory,Muhanga Agro-Processing,Slip/Trip/Fall,Medium,0,1,0
3df48d79-6f49-4fe1-8459-ad69ab5047f2,Repetitive strain risk operating hoist at reception,The repetitive strain risk operating hoist at reception was observed during routine inspection. This presents a potential risk to staff in the department.,2023-04-30 00:00:00,Workshop,Rwanda Manufacturing Co,Ergonomic,Low,4,1,0
20fad3f3-7ec4-4ac6-8956-1481cbb4cd38,Fumes from acids near Station 8 (Room 177),Staff reported the repetitive strain risk operating power drill at assembly line at approximately 4pm. Site inspection confirmed the hazard. No temporary measures taken.,2025-12-10 00:00:00,Workshop,Huye Power Plant,Chemical,Critical,4,0,0
87291de6-d17c-4c50-9898-de339a11c78f,Insects found in storage room near emergency stairs (Room 180),Staff reported the insects found in storage room near emergency stairs (room 180) at approximately 2pm. Site inspection confirmed the hazard. Tape has been placed.,2023-11-03 00:00:00,Office Complex,Kigali Construction Ltd,Biological,Low,3,0,0
3396f041-4764-4e48-9e50-2da31629934b,Fumes from pesticides near inspection desk (Room 118),Follow-up required on the fumes from pesticides near inspection desk (room 118). The danger is rated as high due to lack of protection.,2024-04-10 00:00:00,Transport,Nyagatare Cattle Ranch,Chemical,High,0,0,0
bd4e6751-a590-4a33-83a1-956b6c81b75e,Obstacle in walkway at service elevator (Room 136),Report issued by team lead. The obstacle in walkway at service elevator (room 136) has been reported by multiple staff members. Recommend temporary closure.,2023-01-23 00:00:00,Office Complex,Musanze Mining Corp,Slip/Trip/Fall,High,1,0,1
ad3fdb89-4d8e-4814-83ed-b48363396228,Poorly adjusted chair at Station 16 in corridor (Sector D),"During a walkthrough, staff noticed the poorly adjusted chair at station 16 in corridor (sector d). No immediate incident occurred but the potential for injury is significant.",2024-04-13 00:00:00,Transport,Muhanga Agro-Processing,Ergonomic,Low,0,1,0
3070ea5c-2f1d-4ec5-ba5b-b545fa4db718,Awkward lifting position at main corridor in production floor (Room 139),The awkward lifting position at main corridor in production floor (room 139) was observed during routine inspection. This presents a potential risk to staff in the department.,2023-12-06 00:00:00,Production,RSSB Head Office,Ergonomic,High,2,0,0
f678760d-53c3-46ba-9e8b-57ff252d1084,Faulty hose on exhaust fan near Station 12,Follow-up required on the faulty hose on exhaust fan near station 12. The danger is rated as medium due to frequency of use.,2023-12-06 00:00:00,Security,Musanze Mining Corp,Machinery,Medium,3,0,1
290d1802-a8c4-466f-8699-ddf810c51c8b,Spoiled materials found in corridor (Sector A),Report issued by supervisor. The spoiled materials found in corridor (sector a) has been reported by multiple staff members. Recommend temporary closure.,2025-06-28 00:00:00,Kitchen,Huye Power Plant,Biological,Low,0,1,0
9a8cdfae-cacb-4d0e-9cc2-f82900b3cd9b,Repetitive strain risk operating ventilator at assembly line,"During a walkthrough, staff noticed the repetitive strain risk operating ventilator at assembly line. No immediate incident occurred but the potential for harm is significant.",2023-02-26 00:00:00,Office Complex,RSSB Head Office,Ergonomic,High,5,1,0
319670f2-ef36-4beb-a96c-ed4a1c32062f,Cluttered floor space around server rack at loading bay,The cluttered floor space around server rack at loading bay was observed during routine inspection. This presents a potential risk to staff in the area.,2025-12-04 00:00:00,Laboratory,Gasabo Textile Factory,Slip/Trip/Fall,Low,0,0,1
a21b1c5c-5914-45f2-8d40-978fb5662a1b,Improper desk height for transformer in office (Room 117),Report issued by team lead. The improper desk height for transformer in office (room 117) has been reported by multiple staff members. Recommend review by safety team.,2023-11-20 00:00:00,Warehouse,RSSB Head Office,Ergonomic,Medium,2,0,1
584acf1b-ea18-4786-b969-2205d0c66181,Overloaded power outlet near Station 15 (Room 155),Follow-up required on the overloaded power outlet near station 15 (room 155). The severity is rated as high due to frequency of use.,2025-10-12 00:00:00,Production,Huye Power Plant,Electrical,High,14,1,0
9bfcd9a6-0a65-48f6-9e2e-d72d828fd050,Smoke detector malfunctioning in loading dock (Sector B),Report issued by employee. The smoke detector malfunctioning in loading dock (sector b) has been reported by multiple staff members. Recommend review by safety team.,2023-02-13 00:00:00,Production,Muhanga Agro-Processing,Fire,Critical,1,0,1
6d3a585f-108d-4426-9bfc-853eafd732b3,Spoiled materials found in loading dock (Room 143),Staff reported the spoiled materials found in loading dock (room 143) at approximately 10am. Site inspection confirmed the hazard. Warning signs posted.,2025-04-17 00:00:00,Laboratory,Bugesera Cement Works,Biological,Medium,2,0,0
205ee012-4a1f-4d9c-8069-8d5c6cf894f7,Sparks observed from welding machine in server room (Room 134),The sparks observed from welding machine in server room (room 134) was observed during routine inspection. This presents a potential risk to staff in the area.,2024-07-02 00:00:00,Transport,RSSB Head Office,Electrical,Critical,0,0,1
ab91e3e0-07a6-4571-9810-aa1a8bc69381,Unsafe operation of motor in lobby (Sector B),Report issued by team lead. The unsafe operation of motor in lobby (sector b) has been reported by multiple staff members. Recommend temporary closure.,2024-03-31 00:00:00,Security,Bugesera Cement Works,Machinery,Critical,3,1,0
18711fb7-6519-4ae7-b60a-357d51279c8e,Awkward lifting position at front gate in car park (Room 126),The awkward lifting position at front gate in car park (room 126) was observed during routine inspection. This presents a potential risk to staff in the area.,2023-10-21 00:00:00,Storage Facility,Rwanda Manufacturing Co,Ergonomic,Low,2,1,0
c716c38a-c961-4d0a-b359-3c84448a8ae4,Damaged power cord on computer at west exit (Room 121),Report issued by team lead. The damaged power cord on computer at west exit (room 121) has been reported by multiple staff members. Recommend immediate repair.,2023-07-26 00:00:00,Storage Facility,Rubavu Logistics Hub,Electrical,Critical,3,0,1
ad981927-9187-4ffc-bd64-568bce058c69,Unlabeled lubricant container at emergency stairs (Room 189),The unlabeled lubricant container at emergency stairs (room 189) was observed during routine inspection. This presents a potential risk to staff in the department.,2024-10-25 00:00:00,Office Complex,Rubavu Logistics Hub,Chemical,Critical,1,0,0
22660a71-4b72-4dc2-bca1-56aa1f2b224f,Cluttered floor space around ventilator at perimeter fence,The cluttered floor space around ventilator at perimeter fence was observed during routine inspection. This presents a potential risk to staff in the building.,2023-01-16 00:00:00,Workshop,RSSB Head Office,Slip/Trip/Fall,Low,0,0,0
7d64fcba-3e2d-42db-a3d0-929a83ccb150,Smoke detector malfunctioning in lobby (Room 171),The smoke detector malfunctioning in lobby (room 171) was observed during routine inspection. This presents a potential risk to staff in the building.,2025-01-03 00:00:00,Production,Musanze Mining Corp,Fire,Critical,0,0,1
b122a9f1-124d-4539-bcbc-281c426115ef,Poorly adjusted chair at Station 3 in office (Room 112),The poorly adjusted chair at station 3 in office (room 112) was observed during routine inspection. This presents a potential risk to staff in the building.,2025-09-04 00:00:00,Quality Control,Bugesera Cement Works,Ergonomic,High,11,0,1
c3868c6c-e376-4c11-baef-f595f44f9c70,Stagnant water near north entrance causing Insects found,The stagnant water near north entrance causing insects found was observed during routine inspection. This presents a potential risk to staff in the building.,2025-06-18 00:00:00,Kitchen,Muhanga Agro-Processing,Biological,Medium,3,0,0
db24f7d5-49b1-4a33-993f-a1d08f778e3b,Unlabeled acids container at receiving dock (Room 170),Follow-up required on the unlabeled acids container at receiving dock (room 170). The severity is rated as high due to frequency of use.,2023-04-07 00:00:00,Assembly Line,Rwanda Manufacturing Co,Chemical,High,1,0,1
9fd8bf0c-9b36-4eda-9451-1e18fd9f62ae,Overloaded power outlet near Station 9 (Room 189),Staff reported the overloaded power outlet near station 9 (room 189) at approximately 10am. Site inspection confirmed the hazard. Warning signs posted.,2024-02-10 00:00:00,Transport,Musanze Mining Corp,Electrical,High,1,1,0
3e69922d-6fb7-4e74-98a6-b7fd3fcd9e5b,Poorly adjusted chair at Station 8 in production floor (Room 190),The poorly adjusted chair at station 8 in production floor (room 190) was observed during routine inspection. This presents a potential risk to staff in the area.,2023-10-16 00:00:00,Storage Facility,Kigali Construction Ltd,Ergonomic,Low,0,0,0
ec1c7242-ff02-42e1-a373-852ee7e8cbc2,Fumes from bleach near Station 3 (Room 104),"During a walkthrough, staff noticed the fumes from bleach near station 3 (room 104). No immediate incident occurred but the potential for harm is significant.",2025-12-01 00:00:00,Packaging,Nyagatare Cattle Ranch,Chemical,Critical,0,0,1
c68c5981-accc-44ba-9ccd-270f599ecbc1,Poorly adjusted chair at inspection desk in toilet (Zone 11),Report issued by employee. The poorly adjusted chair at inspection desk in toilet (zone 11) has been reported by multiple staff members. Recommend temporary closure.,2026-03-16 00:00:00,Laboratory,Nyagatare Cattle Ranch,Ergonomic,Low,1,0,0
51def5d2-aec9-4f43-9bde-2837d5c4497c,Oil spill in stairwell near Station 20 (Room 116),Follow-up required on the oil spill in stairwell near station 20 (room 116). The severity is rated as medium due to exposure levels.,2026-05-08 00:00:00,Kitchen,Huye Power Plant,Slip/Trip/Fall,Medium,7,0,0
0ef3f7e6-7fe3-4948-8c9d-41912f85601e,Sparks observed from transformer in lobby (Room 154),Staff reported the sparks observed from transformer in lobby (room 154) at approximately 2pm. Site inspection confirmed the hazard. Warning signs posted.,2025-07-04 00:00:00,Laboratory,Bugesera Cement Works,Electrical,Critical,5,0,0
f0bdf74b-6ea7-42b6-a0d1-9c623a295b7d,Flickering lights in service elevator near server rack,Follow-up required on the flickering lights in service elevator near server rack. The risk is rated as critical due to lack of protection.,2025-04-23 00:00:00,Security,Muhanga Agro-Processing,Electrical,Critical,0,0,0
e26ca5ee-36f5-432a-a3e4-a86be08fe802,Spill of chlorine near maintenance bay (Room 181),The spill of chlorine near maintenance bay (room 181) was observed during routine inspection. This presents a potential risk to staff in the area.,2023-06-27 00:00:00,Maintenance,Musanze Mining Corp,Chemical,Medium,7,0,0
8c88ab6c-e4ec-4cef-aeb3-e12ad6f470dd,Awkward lifting position at rear exit in corridor (Room 135) (similar to report #659),Report issued by employee. The awkward lifting position at rear exit in corridor (room 135) (similar to report #659) has been reported by multiple staff members. Recommend temporary closure.,2023-02-16 00:00:00,Quality Control,Muhanga Agro-Processing,Chemical,High,8,0,1
5f6c6812-a6b6-48f6-b906-f2f742607d07,Biological waste disposal issue in stairwell (Room 115),Report issued by safety rep. The biological waste disposal issue in stairwell (room 115) has been reported by multiple staff members. Recommend temporary closure.,2024-11-17 00:00:00,Kitchen,Rwanda Manufacturing Co,Biological,Medium,9,1,1
689c642d-f69c-4fcc-a754-3ce3b1bd44ed,Faulty fire extinguisher in storage room (Zone 12),Staff reported the faulty fire extinguisher in storage room (zone 12) at approximately 4pm. Site inspection confirmed the hazard. Tape has been placed.,2026-03-17 00:00:00,Kitchen,Musanze Mining Corp,Fire,Critical,4,0,1
9f718b7b-2e24-4d1b-89ad-fd01e0b2191e,Rodent sightings in lobby near perimeter fence (Room 134),"During a walkthrough, staff noticed the rodent sightings in lobby near perimeter fence (room 134). No immediate incident occurred but the potential for injury is significant.",2023-12-06 00:00:00,Laboratory,Kigali Construction Ltd,Biological,Medium,6,0,0
03539ce3-733f-407a-bad7-1ea4c0fed874,Broken gear on compressor in production floor (Room 182),,2024-12-03 00:00:00,Maintenance,Gasabo Textile Factory,Machinery,High,1,0,1
5265480a-c441-4a33-afae-bd44b9203c72,Blocked emergency route in receiving dock (Room 176),"During a walkthrough, staff noticed the blocked emergency route in receiving dock (room 176). No immediate incident occurred but the potential for injury is significant.",2025-06-27 00:00:00,Transport,Huye Power Plant,Fire,Low,2,0,0
b5742eed-b78a-432e-a421-805f22db480b,Smoke detector malfunctioning in stairwell (Room 115),Follow-up required on the smoke detector malfunctioning in stairwell (room 115). The danger is rated as high due to frequency of use.,2024-05-05 00:00:00,Security,Rubavu Logistics Hub,Fire,High,13,1,1
7614428f-a975-4946-83d3-ad9e3683f3f1,Flickering lights in loading bay near hand truck,"During a walkthrough, staff noticed the flickering lights in loading bay near hand truck. No immediate incident occurred but the potential for harm is significant.",2025-08-29 00:00:00,Workshop,Huye Power Plant,Electrical,High,1,0,1
8dcf3126-fae4-4616-9fd1-5bb6006d020a,Biological waste disposal issue in stairwell (Room 113),Follow-up required on the biological waste disposal issue in stairwell (room 113). The danger is rated as high due to lack of protection.,2025-04-04 00:00:00,Sanitation,Rubavu Logistics Hub,Biological,High,0,0,1
636a975f-283b-44ca-a1e8-559d9a477899,Awkward lifting position at perimeter fence in car park (Room 185),Staff reported the awkward lifting position at perimeter fence in car park (room 185) at approximately 2pm. Site inspection confirmed the hazard. No temporary measures taken.,2023-08-01 00:00:00,Kitchen,RSSB Head Office,Ergonomic,Low,6,0,0
c417a078-9c7d-400a-91fb-d084759943e2,Improper storage of cleaning agent in toilet (Room 146),Staff reported the improper storage of cleaning agent in toilet (room 146) at approximately 10am. Site inspection confirmed the hazard. Warning signs posted.,2024-08-14 00:00:00,Packaging,Kigali Construction Ltd,Chemical,Critical,10,0,1
3fe6bdcc-b852-429d-8e69-f8e84dae6ac9,Faulty belt on packaging unit near Station 5,"During a walkthrough, staff noticed the faulty belt on packaging unit near station 5. No immediate incident occurred but the potential for harm is significant.",2023-09-09 00:00:00,Production,RSSB Head Office,Machinery,Critical,1,1,1
75a0e558-d435-4053-9e05-935a635aa215,Flickering lights in west exit near printer,Staff reported the flickering lights in west exit near printer at approximately 10am. Site inspection confirmed the hazard. Tape has been placed.,2024-12-27 00:00:00,Storage Facility,RSSB Head Office,Electrical,Critical,7,0,1
43676ad1-0016-4d88-aabe-62d813eb92eb,Spoiled materials found in storage room (Room 139),Follow-up required on the spoiled materials found in storage room (room 139). The danger is rated as high due to proximity to staff.,2026-03-19 00:00:00,Kitchen,Huye Power Plant,Biological,High,3,0,0
4c61aec0-4f8c-45c9-aec5-77a172a10e63,Spilled liquid in car park near Station 3 (Room 196),Report issued by employee. The spilled liquid in car park near station 3 (room 196) has been reported by multiple staff members. Recommend further assessment.,2025-04-12 00:00:00,Maintenance,Rubavu Logistics Hub,Slip/Trip/Fall,High,3,1,0
1cca6e5c-7b86-46d2-bb13-02314b1a9482,Exposed plug on conveyor belt at south wing (Zone 1),This has been like this for weeks.,2025-09-03 00:00:00,Office Complex,Rubavu Logistics Hub,Machinery,Critical,0,0,0
ef9331a4-8071-4c6d-93d4-1e379393779d,Poorly adjusted chair at packing station in chemical storage (Room 116),Staff reported the repetitive strain risk operating ventilator at assembly line at approximately 8am. Site inspection confirmed the hazard. No temporary measures taken.,2026-05-21 00:00:00,Security,Gasabo Textile Factory,Ergonomic,Medium,4,0,1
516c2ed1-8c9d-4638-923f-ff704f8817cd,Accumulated flammable material near power drill (Room 131),Staff reported the accumulated flammable material near power drill (room 131) at approximately 2pm. Site inspection confirmed the hazard. Tape has been placed.,2024-08-06 00:00:00,Office Complex,Musanze Mining Corp,Fire,Critical,15,0,1
7bf54d6a-e96f-4a76-85e9-c493ec071979,Unlabeled bleach container at main corridor (Room 195),Report issued by safety rep. The broken wire on packaging unit in break room (room 171) has been reported by multiple staff members. Recommend review by safety team.,2027-03-13 00:00:00,Warehouse,RSSB Head Office,Chemical,Critical,7,1,1
21d173c2-bbde-4a51-a3be-42146900e702,Loose carpet in corridor near east wing (Room 122),Follow-up required on the loose carpet in corridor near east wing (room 122). The danger is rated as medium due to frequency of use.,2025-04-15 00:00:00,Packaging,Rwanda Manufacturing Co,Slip/Trip/Fall,Medium,1,0,0
29aa2cc9-7128-4f5a-9d42-e7a4c7a6cafb,Unlabeled cleaning agent container at emergency stairs (Room 167),Can someone look at this?,2024-09-25 00:00:00,Production,Gasabo Textile Factory,Chemical,Medium,1,0,0
da347c5e-1b24-4385-89d3-7bc67ea28766,Odor from bleach near warehouse (Room 149),"During a walkthrough, staff noticed the odor from bleach near warehouse (room 149). No immediate incident occurred but the potential for injury is significant.",2026-01-11 00:00:00,Administration,Rubavu Logistics Hub,Chemical,High,1,1,0
e3de9ce3-bd3c-41e5-981c-5a31d08ffa06,Improper desk height for hand truck in assembly area (Room 128),Staff reported the improper desk height for hand truck in assembly area (room 128) at approximately 2pm. Site inspection confirmed the hazard. Tape has been placed.,2026-03-18 00:00:00,Maintenance,Gasabo Textile Factory,Ergonomic,Low,0,0,1
0e6628db-6b3e-46f9-b298-37ef86c1be82,Unlabeled ammonia container at south wing (Room 194),"During a walkthrough, staff noticed the unlabeled ammonia container at south wing (room 194). No immediate incident occurred but the potential for injury is significant.",2026-02-04 00:00:00,Packaging,Musanze Mining Corp,Chemical,High,0,0,1
2f743b4a-b107-453d-912d-fabceca0fb5c,Faulty bearing on pallet jack near workbench,The faulty bearing on pallet jack near workbench was observed during routine inspection. This presents a potential risk to staff in the area.,2026-03-13 00:00:00,Security,Kigali Construction Ltd,Machinery,Critical,7,0,1
dad98ee8-e66e-47a8-b7d5-982c74e12a5c,Overloaded power outlet near checkout counter (Room 137),Report issued by supervisor. The overloaded power outlet near checkout counter (room 137) has been reported by multiple staff members. Recommend temporary closure.,2024-09-15 00:00:00,Laboratory,Kigali Construction Ltd,Electrical,High,1,1,1
6f148b4f-d42d-4ea1-bc2b-ef8c9e157e26,Problem with equipment,Follow-up required on the problem with equipment. The risk is rated as medium due to exposure levels.,2024-01-29 00:00:00,Laboratory,Rwanda Manufacturing Co,Machinery,Medium,12,0,1
afba6fa3-ae4e-49ad-9b85-8a2c81f14527,Biological waste disposal issue in workshop (Zone 7),"During a walkthrough, staff noticed the biological waste disposal issue in workshop (zone 7). No immediate incident occurred but the potential for injury is significant.",2026-05-05 00:00:00,Workshop,Muhanga Agro-Processing,Biological,Low,1,0,0
96b6f8f4-ea8b-470d-a47e-5c029e0bd663,Spilled bleach around receiving dock (Room 134),Staff reported the spilled bleach around receiving dock (room 134) at approximately 2pm. Site inspection confirmed the hazard. Warning signs posted.,2025-02-07 00:00:00,Assembly Line,Muhanga Agro-Processing,Chemical,Medium,3,0,0
365e5a1b-8a30-415b-94e4-8a599e506eda,Awkward lifting position at north entrance in toilet (Room 120),"During a walkthrough, staff noticed the awkward lifting position at north entrance in toilet (room 120). No immediate incident occurred but the potential for injury is significant.",2025-06-13 00:00:00,Production,Nyagatare Cattle Ranch,Ergonomic,Medium,2,0,0
6792eb4d-c07f-4d11-b8c0-0f948c272f28,Broken plug on welding station in canteen (Room 111),,2024-08-14 00:00:00,Transport,Nyagatare Cattle Ranch,Machinery,Medium,0,0,0
93fe3136-6da6-4e83-ba15-0bc85f50809c,Improper storage of industrial glue in assembly area (Room 137),Follow-up required on the improper storage of industrial glue in assembly area (room 137). The danger is rated as critical due to lack of protection.,2024-04-03 00:00:00,Sanitation,RSSB Head Office,Chemical,Critical,4,0,0
87b1427d-b688-4cb5-8182-4f03dec9de51,Biological waste disposal issue in loading dock (Room 171),"During a walkthrough, staff noticed the biological waste disposal issue in loading dock (room 171). No immediate incident occurred but the potential for injury is significant.",2023-05-07 00:00:00,Sanitation,Gasabo Textile Factory,Biological,High,7,1,1
f97e178e-3a50-4beb-8493-7886fc866669,Unlabeled bleach container at loading bay (Room 173),This has been like this for weeks.,2024-09-02 00:00:00,Maintenance,Gasabo Textile Factory,Chemical,Critical,7,0,0
afc4f99e-69a8-4e11-a0bb-9c890510a28d,Faulty fire extinguisher in lobby (Room 167) (similar to report #139),Follow-up required on the faulty fire extinguisher in lobby (room 167) (similar to report #139). The danger is rated as medium due to exposure levels.,2025-04-06 00:00:00,Workshop,Rwanda Manufacturing Co,Ergonomic,Medium,0,1,0
187ce120-5a68-4656-8b65-d9392308cf78,Cluttered floor space around coffee maker at main corridor,The cluttered floor space around coffee maker at main corridor was observed during routine inspection. This presents a potential risk to staff in the department.,2023-06-09 00:00:00,Workshop,Musanze Mining Corp,Slip/Trip/Fall,High,8,0,0
39da86a1-cc03-4b8e-b3d1-27596002f574,Clutter in toilet near Station 7 (Room 122),This has been like this for weeks.,2024-03-12 00:00:00,Production,Kigali Construction Ltd,Slip/Trip/Fall,Low,6,0,1
ca2e6434-0f4e-485e-a2fd-817c49526627,Awkward lifting position at main lobby in workshop (Room 195),Staff reported the awkward lifting position at main lobby in workshop (room 195) at approximately 4pm. Site inspection confirmed the hazard. Warning signs posted.,2025-09-05 00:00:00,Transport,Huye Power Plant,Ergonomic,Low,2,0,0
449250c7-7b0b-4d5c-9c97-15f539c345e0,Exposed bearing on grinder in cafeteria (Zone 9),,2025-02-18 00:00:00,Quality Control,Muhanga Agro-Processing,Electrical,Critical,4,0,0
a6c1fb74-6136-4a3a-b288-03f212382455,Check required,The check required was observed during routine inspection. This presents a potential risk to staff in the area.,2023-12-08 00:00:00,Maintenance,Rubavu Logistics Hub,Biological,Low,0,0,0
15755109-40d3-4241-8cf3-94b325dcda83,Smoke detector malfunctioning in assembly area (Room 149),The smoke detector malfunctioning in assembly area (room 149) was observed during routine inspection. This presents a potential risk to staff in the building.,2024-09-30 00:00:00,Packaging,Kigali Construction Ltd,Fire,Critical,4,0,1
9c861570-2676-41d7-a442-0b0824c1fcdf,Smoke detector malfunctioning in toilet (Room 109),"During a walkthrough, staff noticed the smoke detector malfunctioning in toilet (room 109). No immediate incident occurred but the potential for damage is significant.",2023-03-05 00:00:00,Laboratory,Rubavu Logistics Hub,Fire,High,10,1,1
74936a7f-21f1-4a00-b039-5da1158019d2,Spoiled materials found in warehouse (Room 143),Follow-up required on the spoiled materials found in warehouse (room 143). The risk is rated as high due to proximity to staff.,2026-12-23 00:00:00,Loading Bay,Gasabo Textile Factory,Biological,High,0,0,1
4cee3acb-f37c-4d31-a0fe-7f4f3cfe270e,Unsafe operation of pump system in car park (Room 152),Staff reported the unsafe operation of pump system in car park (room 152) at approximately 4pm. Site inspection confirmed the hazard. Tape has been placed.,2023-10-19 00:00:00,Laboratory,Huye Power Plant,Machinery,Critical,7,0,1
5126a095-fec8-4e15-b388-8d56c2144b77,Debris in workshop near Station 20 (Room 187),This has been like this for weeks.,2023-05-29 00:00:00,Sanitation,Rwanda Manufacturing Co,Slip/Trip/Fall,High,4,0,0
63e1c2c3-e440-4d34-b728-d0f17757ef05,Check required,"During a walkthrough, staff noticed the check required. No immediate incident occurred but the potential for injury is significant.",2024-04-01 00:00:00,Production,Musanze Mining Corp,Slip/Trip/Fall,Low,2,0,0
88184918-655c-499b-81bd-5dcd069a49d0,Flickering lights in loading bay near coffee maker,Follow-up required on the flickering lights in loading bay near coffee maker. The danger is rated as critical due to frequency of use.,2023-06-23 00:00:00,Kitchen,Nyagatare Cattle Ranch,Electrical,Critical,3,0,1
1b930be5-acd1-4fbc-923e-212c20314a81,Obstacle in walkway at perimeter fence (Room 170),The obstacle in walkway at perimeter fence (room 170) was observed during routine inspection. This presents a potential risk to staff in the building.,2026-04-10 00:00:00,Laboratory,Kigali Construction Ltd,Slip/Trip/Fall,High,3,0,1
858c1387-40dd-4068-858a-7d4fc4a3025f,Cluttered floor space around ventilator at east wing,Follow-up required on the cluttered floor space around ventilator at east wing. The severity is rated as high due to lack of protection.,2024-09-02 00:00:00,Transport,RSSB Head Office,Slip/Trip/Fall,High,0,0,1
b1a26682-ff50-49ad-a882-1aee01c382f1,Cluttered floor space around hand truck at south wing,"During a walkthrough, staff noticed the cluttered floor space around hand truck at south wing. No immediate incident occurred but the potential for damage is significant.",2024-08-26 00:00:00,Laboratory,Musanze Mining Corp,Slip/Trip/Fall,High,2,0,1
8795b6e5-4554-41f7-8f26-c051bc40dbe1,Faulty hose on bandsaw near Station 15,"During a walkthrough, staff noticed the faulty hose on bandsaw near station 15. No immediate incident occurred but the potential for injury is significant.",2023-11-13 00:00:00,Laboratory,Nyagatare Cattle Ranch,Machinery,High,3,0,0
ca4ab494-9580-4652-aa86-7a2e6a1e4ba3,Mold growth in corridor near rooftop (Sector E),The mold growth in corridor near rooftop (sector e) was observed during routine inspection. This presents a potential risk to staff in the building.,2025-06-24 00:00:00,Maintenance,Rubavu Logistics Hub,Biological,Medium,2,0,0
ea116d57-1fdb-48c5-8f0e-9a14ba248528,Repetitive strain risk operating printer at Station 10,Report issued by employee. The repetitive strain risk operating printer at station 10 has been reported by multiple staff members. Recommend temporary closure.,2023-02-03 00:00:00,Loading Bay,Rwanda Manufacturing Co,Ergonomic,Low,0,0,0
a46354ec-e504-4e93-a66e-42357d18eab7,Accumulated flammable material near coffee maker (Room 171),Report issued by employee. The accumulated flammable material near coffee maker (room 171) has been reported by multiple staff members. Recommend further assessment.,2023-03-04 00:00:00,Storage Facility,Rwanda Manufacturing Co,Fire,High,2,1,0
0df0aed2-e345-4905-94b1-23faa36599a2,Obstacle in walkway at rooftop (Room 183),The obstacle in walkway at rooftop (room 183) was observed during routine inspection. This presents a potential risk to staff in the building.,2026-01-28 00:00:00,Warehouse,Rwanda Manufacturing Co,Slip/Trip/Fall,Low,4,0,0
94870be5-161d-49d5-a63a-1ed17c22f41f,Repetitive strain risk operating ventilator at reception,,2025-10-13 00:00:00,Storage Facility,Muhanga Agro-Processing,Ergonomic,High,1,0,1
7b39f08d-793a-4c9b-9130-d11d841297ad,Spoiled materials found in cafeteria (Room 129),The spoiled materials found in cafeteria (room 129) was observed during routine inspection. This presents a potential risk to staff in the area.,2024-10-16 00:00:00,Administration,Musanze Mining Corp,Biological,High,15,0,1
ec288358-d229-4490-9e71-f9727437fd71,Fumes from coolant near Station 12 (Zone 8),"During a walkthrough, staff noticed the fumes from coolant near station 12 (zone 8). No immediate incident occurred but the potential for damage is significant.",2023-05-18 00:00:00,Laboratory,Gasabo Textile Factory,Chemical,High,1,0,1
628b4562-79a9-4c58-babb-838e400d9143,Broken belt on lathe in stairwell (Room 132),The broken belt on lathe in stairwell (room 132) was observed during routine inspection. This presents a potential risk to staff in the building.,2024-11-21 00:00:00,Administration,Gasabo Textile Factory,Machinery,Medium,5,0,0
5defce4e-4a27-40c1-85bc-bc857e23e5e9,Unsafe operation of industrial mixer in lobby (Room 183),Report issued by safety rep. The unsafe operation of industrial mixer in lobby (room 183) has been reported by multiple staff members. Recommend immediate repair.,2024-10-18 00:00:00,Assembly Line,Gasabo Textile Factory,Machinery,High,4,0,1
94eeaaf7-2014-427d-b29b-be2bf9e2fd8d,Awkward lifting position at basement in stairwell (Room 190),The awkward lifting position at basement in stairwell (room 190) was observed during routine inspection. This presents a potential risk to staff in the building.,2026-04-11 00:00:00,Loading Bay,Muhanga Agro-Processing,Ergonomic,Medium,1,1,0
72789d70-cfcf-4815-8038-11bab81c7bdd,Blocked emergency route in east wing (Zone 6),Staff reported the blocked emergency route in east wing (zone 6) at approximately 2pm. Site inspection confirmed the hazard. No temporary measures taken.,2023-04-20 00:00:00,Warehouse,Rwanda Manufacturing Co,Fire,Critical,5,0,1
9be8aeda-1d5a-4bc8-879a-ef91d6dbac38,Strange noise from exhaust fan at front gate (Sector B),The strange noise from exhaust fan at front gate (sector b) was observed during routine inspection. This presents a potential risk to staff in the department.,2025-12-23 00:00:00,Loading Bay,Rubavu Logistics Hub,Machinery,Critical,7,0,1
84aaeed9-2792-48b6-bf4b-4f2c02c6aadd,Unlabeled cleaning agent container at rooftop (Room 163),Follow-up required on the unlabeled cleaning agent container at rooftop (room 163). The risk is rated as critical due to proximity to staff.,2025-08-21 00:00:00,Assembly Line,Gasabo Textile Factory,Chemical,Critical,1,0,1
1d8d5085-bf8b-469b-ba40-fad69586c901,Accumulated flammable material near air conditioner (Zone 10),Follow-up required on the accumulated flammable material near air conditioner (zone 10). The danger is rated as high due to proximity to staff.,2025-11-22 00:00:00,Packaging,Rwanda Manufacturing Co,Fire,High,2,1,1
d5083258-669f-42ce-92a5-8346b3cb28df,Spoiled materials found in assembly area (Room 108),The spoiled materials found in assembly area (room 108) was observed during routine inspection. This presents a potential risk to staff in the department.,2025-08-17 00:00:00,Maintenance,Huye Power Plant,Biological,Medium,1,1,1
9eb536c1-b506-40b2-9be3-6f608f43659f,Stagnant water near south wing causing Rodent sightings,Staff reported the stagnant water near south wing causing rodent sightings at approximately 2pm. Site inspection confirmed the hazard. Tape has been placed.,2025-09-22 00:00:00,Transport,Rubavu Logistics Hub,Biological,High,0,0,0
b7617978-906c-4e8d-8d07-c3ce89f1dd25,Spoiled materials found in production floor (Room 191),Staff reported the spoiled materials found in production floor (room 191) at approximately 8am. Site inspection confirmed the hazard. No temporary measures taken.,2023-06-29 00:00:00,Sanitation,Nyagatare Cattle Ranch,Biological,Low,0,0,0
d39ffc71-05b1-4583-a8ee-0ba9c7150bea,Spoiled materials found in loading dock (Room 136),The spoiled materials found in loading dock (room 136) was observed during routine inspection. This presents a potential risk to staff in the area.,2025-05-19 00:00:00,Sanitation,RSSB Head Office,Biological,Medium,13,0,1
af8dc97f-8d93-4760-9fd1-208ae521253e,Poorly adjusted chair at Station 18 in maintenance bay (Room 178),The poorly adjusted chair at station 18 in maintenance bay (room 178) was observed during routine inspection. This presents a potential risk to staff in the building.,2023-12-01 00:00:00,Transport,Kigali Construction Ltd,Ergonomic,High,1,0,1
e5476ddf-0d12-4dd7-9e38-d4e63d2a493b,Strange noise from crusher at receiving dock (Room 194),Report issued by supervisor. The strange noise from crusher at receiving dock (room 194) has been reported by multiple staff members. Recommend immediate repair.,2024-01-15 00:00:00,Workshop,Musanze Mining Corp,Machinery,High,3,0,0
e6140766-4095-4d10-989f-b86eed15e0d4,Pest infestation in cafeteria near main lobby (Room 141),Report issued by safety rep. The pest infestation in cafeteria near main lobby (room 141) has been reported by multiple staff members. Recommend immediate repair.,2023-01-31 00:00:00,Storage Facility,Kigali Construction Ltd,Biological,Low,4,0,0
421d7b4c-50e3-43c9-b993-9a6d76c51396,Faulty panel on exhaust fan near Station 10,Staff reported the faulty panel on exhaust fan near station 10 at approximately 4pm. Site inspection confirmed the hazard. Tape has been placed.,2025-09-27 00:00:00,Laboratory,Rwanda Manufacturing Co,Machinery,Critical,1,1,1
dbb0af37-2b32-4bbb-824d-5b12760213a7,Overloaded power outlet near Station 7 (Room 128),The overloaded power outlet near station 7 (room 128) was observed during routine inspection. This presents a potential risk to staff in the building.,2024-07-17 00:00:00,Office Complex,Kigali Construction Ltd,Electrical,Critical,2,0,0
d21bcb5d-5f06-4c34-ab6e-b8a17bcd4165,Stagnant water near rooftop causing Rodent sightings,Report issued by safety rep. The stagnant water near rooftop causing rodent sightings has been reported by multiple staff members. Recommend further assessment.,2023-07-03 00:00:00,Assembly Line,Kigali Construction Ltd,Biological,Medium,1,0,1
7591e6c2-dedf-4d9f-adb7-68daf7c42075,Improper desk height for boiler in stairwell (Room 113),Staff reported the improper desk height for boiler in stairwell (room 113) at approximately 4pm. Site inspection confirmed the hazard. No temporary measures taken.,2023-12-22 00:00:00,Administration,Rwanda Manufacturing Co,Ergonomic,Low,1,0,0
e76561ad-4353-46f3-8915-8900defd52a6,Smoke detector malfunctioning in production floor (Room 128),Staff reported the fungal spread in corridor near basement (room 130) at approximately 8am. Site inspection confirmed the hazard. Warning signs posted.,2025-04-08 00:00:00,Security,Bugesera Cement Works,Fire,Critical,7,0,1
abf684ee-ea4f-4d46-826d-41a0b4830b2f,Poorly adjusted chair at Station 18 in lobby (Room 179),,2025-02-18 00:00:00,Administration,Kigali Construction Ltd,Ergonomic,Medium,1,0,0
94fdea4d-a81b-4462-90d4-6dc0ab1e6831,Obstacle in walkway at rooftop (Room 101),Follow-up required on the obstacle in walkway at rooftop (room 101). The severity is rated as medium due to lack of protection.,2025-09-10 00:00:00,Kitchen,Rwanda Manufacturing Co,Slip/Trip/Fall,Medium,1,0,1
7d8f67c4-07d6-48af-824f-d7b4fd854ccd,Icy patch in maintenance bay near Station 15 (Room 162),"During a walkthrough, staff noticed the icy patch in maintenance bay near station 15 (room 162). No immediate incident occurred but the potential for injury is significant.",2025-06-29 00:00:00,Maintenance,Rwanda Manufacturing Co,Slip/Trip/Fall,Low,0,1,0
36bceee6-ba5b-44ad-b08e-88f944fa0bba,Pooling of bleach near break room (Room 132),The pooling of bleach near break room (room 132) was observed during routine inspection. This presents a potential risk to staff in the department.,2023-07-29 00:00:00,Office Complex,Rwanda Manufacturing Co,Chemical,Medium,4,1,1
37328b4b-a026-4afc-821c-d95a8754b127,Exposed wire on air conditioner in storage room (Room 193),Report issued by employee. The exposed wire on air conditioner in storage room (room 193) has been reported by multiple staff members. Recommend immediate repair.,2026-04-18 00:00:00,Office Complex,Kigali Construction Ltd,Electrical,Critical,11,1,1
7020652a-ac51-4ba4-aad9-5d937c0cde21,Improper desk height for power drill in corridor (Room 147),Can someone look at this?,2024-08-05 00:00:00,Transport,Musanze Mining Corp,Ergonomic,Low,4,0,0
d089b98b-252e-4f50-8e17-db3f344ea80b,Improper desk height for ventilator in office (Room 111),Follow-up required on the improper desk height for ventilator in office (room 111). The danger is rated as medium due to proximity to staff.,2025-10-09 00:00:00,Office Complex,Musanze Mining Corp,Ergonomic,Medium,3,0,0
b05173ff-296e-4b0f-94cf-a16af7ca77b9,Cluttered floor space around computer at perimeter fence,Report issued by supervisor. The cluttered floor space around computer at perimeter fence has been reported by multiple staff members. Recommend immediate repair.,2025-07-12 00:00:00,Maintenance,Huye Power Plant,Slip/Trip/Fall,Low,3,1,0
e355b041-761c-4855-944a-d097d27b098d,Broken display on packaging unit in storage room (Room 117),"During a walkthrough, staff noticed the broken display on packaging unit in storage room (room 117). No immediate incident occurred but the potential for damage is significant.",2025-07-18 00:00:00,Packaging,Rubavu Logistics Hub,Machinery,Medium,9,0,0
cb207645-c940-4c4b-b75b-cc8ad912c968,Bacterial contamination risk in toilet near rooftop (Room 117),"During a walkthrough, staff noticed the bacterial contamination risk in toilet near rooftop (room 117). No immediate incident occurred but the potential for damage is significant.",2026-04-08 00:00:00,Storage Facility,Rubavu Logistics Hub,Biological,High,3,0,0
bf549916-34fd-423b-842b-a8682176c97b,Loose tiles in cafeteria near Station 10 (Room 141),Follow-up required on the stagnant water near main corridor causing mold growth (similar to report #1638). The risk is rated as medium due to frequency of use.,2025-10-02 00:00:00,Quality Control,RSSB Head Office,Slip/Trip/Fall,High,1,0,0
a6bc1faa-71ca-4982-8211-6a04db4d3d84,Stagnant water near basement causing Insects found,Follow-up required on the stagnant water near basement causing insects found. The severity is rated as medium due to frequency of use.,2023-12-28 00:00:00,Assembly Line,RSSB Head Office,Biological,Medium,1,0,1
1eaacfd6-c4e1-46d8-9cee-e837197780f9,Spoiled materials found in server room (Sector H),,2025-12-18 00:00:00,Assembly Line,Musanze Mining Corp,Biological,Medium,7,0,0
8311479d-7555-4b87-9bac-4a55fddbea92,Damaged power cord on server rack at south wing (Room 156),Staff reported the damaged power cord on server rack at south wing (room 156) at approximately 10am. Site inspection confirmed the hazard. Tape has been placed.,2023-12-26 00:00:00,Kitchen,Kigali Construction Ltd,Electrical,Critical,0,0,1
32c4cae7-f336-4662-be8e-ccd158f62956,Fumes from resin near assembly line (Room 162),Staff reported the fumes from resin near assembly line (room 162) at approximately 4pm. Site inspection confirmed the hazard. No temporary measures taken.,2025-08-21 00:00:00,Maintenance,Rubavu Logistics Hub,Chemical,High,4,0,1
c3c33933-5070-44cc-b026-ccd0e26b364a,Blocked emergency route in rear exit (Room 194),Can someone look at this?,2025-10-01 00:00:00,Kitchen,Kigali Construction Ltd,Fire,Critical,12,0,0
504543a2-82cb-445f-9f85-0d6cfd557b3e,Improper storage of degreaser in toilet (Room 107),"During a walkthrough, staff noticed the improper storage of degreaser in toilet (room 107). No immediate incident occurred but the potential for harm is significant.",2026-05-01 00:00:00,Warehouse,Rwanda Manufacturing Co,Chemical,Medium,1,0,1
d0ee1000-aaa7-44b9-bc13-076cf6b9d079,Strange noise from forklift at east wing (Room 115),"During a walkthrough, staff noticed the flickering lights in receiving dock near hoist. No immediate incident occurred but the potential for injury is significant.",2024-03-13 00:00:00,Quality Control,Rubavu Logistics Hub,Machinery,High,3,0,1
ed252201-1e77-40ed-b2cf-15fbd1ef4e4e,Flickering lights in north entrance near hoist,Staff reported the flickering lights in north entrance near hoist at approximately 2pm. Site inspection confirmed the hazard. Warning signs posted.,2025-04-08 00:00:00,Sanitation,Musanze Mining Corp,Electrical,Critical,1,0,1
970c8b25-740c-46e3-ab12-c678fd4d2064,Damaged power cord on transformer at loading bay (Room 159),Follow-up required on the damaged power cord on transformer at loading bay (room 159). The severity is rated as critical due to proximity to staff.,2026-11-15 00:00:00,Laboratory,Rwanda Manufacturing Co,Electrical,Critical,1,1,1
778b7a0d-85af-4808-afa1-9b760dcb0f52,Flickering lights in loading bay near server rack,Report issued by employee. The flickering lights in loading bay near server rack has been reported by multiple staff members. Recommend review by safety team.,2023-03-12 00:00:00,Kitchen,Nyagatare Cattle Ranch,Electrical,High,3,1,1
ec727afa-7a2b-4fa9-ab84-d9533f332c94,Blocked emergency route in north entrance (Room 118),Follow-up required on the blocked emergency route in north entrance (room 118). The danger is rated as critical due to frequency of use.,2023-09-06 00:00:00,Loading Bay,Bugesera Cement Works,Fire,Critical,8,0,1
ce04e036-cb8f-4479-9c47-28a1cbe5d532,Blocked emergency route in rooftop (Zone 1),Follow-up required on the blocked emergency route in rooftop (zone 1). The danger is rated as high due to frequency of use.,2025-10-06 00:00:00,Loading Bay,Muhanga Agro-Processing,Fire,High,5,0,0
557ae9b9-a4c1-4578-a8e5-bd32899a737d,Biological waste disposal issue in loading dock (Room 105),This has been like this for weeks.,2023-04-10 00:00:00,Production,Muhanga Agro-Processing,Biological,Low,1,0,0
70c1af8a-10de-4d04-95c5-e24efcc0282d,Spilled chlorine around front gate (Room 123),This has been like this for weeks.,2025-12-08 00:00:00,Storage Facility,Musanze Mining Corp,Chemical,Critical,0,0,0
df602581-4e14-44da-9c59-4ca322cbba13,Improperly stored acids near office (Room 116),I'm concerned about this.,2024-01-31 00:00:00,Production,RSSB Head Office,Chemical,Critical,5,0,1
89a3a09f-b41c-4a76-a33a-d4fc19448ea7,Damaged power cord on transformer at emergency stairs (Room 122),"During a walkthrough, staff noticed the damaged power cord on transformer at emergency stairs (room 122). No immediate incident occurred but the potential for harm is significant.",2024-04-30 00:00:00,Security,Kigali Construction Ltd,Electrical,Critical,14,0,0
f8ffa5ed-c597-45d2-b27c-1f65b4a53b14,Unpleasant odor in canteen near south wing (Zone 8),Report issued by supervisor. The unpleasant odor in canteen near south wing (zone 8) has been reported by multiple staff members. Recommend temporary closure.,2023-08-06 00:00:00,Kitchen,Muhanga Agro-Processing,Biological,Low,1,1,1
63676da4-2ce3-43b7-ba4f-54e111e9e7f6,Cluttered floor space around printer at east wing,Report issued by safety rep. The cluttered floor space around printer at east wing has been reported by multiple staff members. Recommend further assessment.,2024-05-26 00:00:00,Kitchen,Nyagatare Cattle Ranch,Slip/Trip/Fall,High,1,1,1
9eec6fb3-108d-4ccc-aef6-1393e945e73f,Blocked fire exit at east wing near break room (Room 163) (similar to report #141),Report issued by safety rep. The blocked fire exit at east wing near break room (room 163) (similar to report #141) has been reported by multiple staff members. Recommend further assessment.,2026-01-27 00:00:00,Administration,Huye Power Plant,Electrical,Critical,2,0,0
2316fb4f-74ea-4ec7-887a-801d424451ec,Awkward lifting position at south wing in loading dock (Zone 7),Staff reported the improper desk height for boiler in stairwell (zone 9) at approximately 10am. Site inspection confirmed the hazard. No temporary measures taken.,2023-03-24 00:00:00,Maintenance,Kigali Construction Ltd,Ergonomic,High,0,0,0
8ead5225-751b-4a02-ae96-1873c03d33c1,Faulty fire extinguisher in assembly area (Room 110),"During a walkthrough, staff noticed the faulty fire extinguisher in assembly area (room 110). No immediate incident occurred but the potential for damage is significant.",2023-04-01 00:00:00,Assembly Line,Rubavu Logistics Hub,Fire,High,1,1,0
dbc492a3-998e-4b15-b9f1-6654fa901415,Fumes from solvents near Station 3 (Room 177),The fumes from solvents near station 3 (room 177) was observed during routine inspection. This presents a potential risk to staff in the building.,2024-05-02 00:00:00,Assembly Line,Huye Power Plant,Chemical,High,0,0,0
ad6ba123-a7a2-4c1b-84d0-6b7919a76def,Unsafe operation of motor in break room (Zone 13),Report issued by safety rep. The unsafe operation of motor in break room (zone 13) has been reported by multiple staff members. Recommend immediate repair.,2024-05-06 00:00:00,Assembly Line,Nyagatare Cattle Ranch,Machinery,Critical,5,0,1
95e1b88d-c95b-4701-a718-277a9a2338ef,Faulty filter on generator near reception,Follow-up required on the faulty filter on generator near reception. The severity is rated as high due to lack of protection.,2024-08-19 00:00:00,Workshop,RSSB Head Office,Machinery,High,0,0,1
55bd6115-de94-48cf-8273-3f9a7d238f1b,Repetitive strain risk operating hand truck at checkout counter,,2024-12-27 00:00:00,Quality Control,Musanze Mining Corp,Ergonomic,Medium,3,0,0
0fc4fb50-8547-40d4-bd2a-c78928ce8323,Unpleasant odor in canteen near north entrance (Sector H),The unpleasant odor in canteen near north entrance (sector h) was observed during routine inspection. This presents a potential risk to staff in the area.,2023-02-19 00:00:00,Sanitation,RSSB Head Office,Biological,Low,7,1,1
34c69e2f-2c1a-49de-97d3-d37182f6bf46,Improper desk height for grinder in canteen (Room 191),Report issued by employee. The improper desk height for grinder in canteen (room 191) has been reported by multiple staff members. Recommend review by safety team.,2025-06-01 00:00:00,Office Complex,Rwanda Manufacturing Co,Ergonomic,Low,0,1,0
0c8afe6b-857e-416a-a6d6-de479640f2a5,Obstacle in walkway at rooftop (Room 158),Report issued by employee. The obstacle in walkway at rooftop (room 158) has been reported by multiple staff members. Recommend temporary closure.,2024-01-03 00:00:00,Production,Muhanga Agro-Processing,Slip/Trip/Fall,High,0,0,0
f29ae95b-d1a9-49fc-b039-d44c477f6961,Improper storage of acids in cafeteria (Room 191),Staff reported the improper storage of acids in cafeteria (room 191) at approximately 10am. Site inspection confirmed the hazard. No temporary measures taken.,2025-09-15 00:00:00,Transport,Rwanda Manufacturing Co,Chemical,Critical,5,0,1
8fcf576d-014e-48c6-8b55-55c4598326b0,Flickering lights in basement near coffee maker,"During a walkthrough, staff noticed the flickering lights in basement near coffee maker. No immediate incident occurred but the potential for injury is significant.",2024-01-24 00:00:00,Office Complex,Rwanda Manufacturing Co,Electrical,Critical,1,0,1
222a94f3-b4f6-44b2-85af-48afa2cdcdaa,Spoiled materials found in office (Room 103),"During a walkthrough, staff noticed the spoiled materials found in office (room 103). No immediate incident occurred but the potential for harm is significant.",2025-06-26 00:00:00,Quality Control,Nyagatare Cattle Ranch,Biological,Low,7,0,0
65f4b9cf-59e0-40ab-9971-47acda7ebe02,Spilled liquid in break room near Station 19 (Room 149),Staff reported the spilled liquid in break room near station 19 (room 149) at approximately 4pm. Site inspection confirmed the hazard. Warning signs posted.,2023-12-24 00:00:00,Packaging,Rwanda Manufacturing Co,Slip/Trip/Fall,Low,11,1,0
f94632ec-420e-416e-a10f-9ca2f585400c,Stagnant water near main lobby causing Pest infestation,This has been like this for weeks.,2026-05-01 00:00:00,Administration,RSSB Head Office,Biological,High,1,0,0
3c8c0106-c1ed-46c6-88f3-7749f90915fe,Blocked emergency route in receiving dock (Room 101) (similar to report #1827),I'm concerned about this.,2025-05-07 00:00:00,Storage Facility,Rwanda Manufacturing Co,Fire,Critical,12,0,0
54a73038-e145-40fb-929c-adb448e26b49,Cluttered floor space around server rack at front gate,"During a walkthrough, staff noticed the cluttered floor space around server rack at front gate. No immediate incident occurred but the potential for harm is significant.",2023-03-27 00:00:00,Office Complex,Bugesera Cement Works,Slip/Trip/Fall,Medium,6,0,1
2767bbf8-4dbd-4dee-92a5-adf93d62a4fd,Obstacle in walkway at perimeter fence (Room 146),"During a walkthrough, staff noticed the obstacle in walkway at perimeter fence (room 146). No immediate incident occurred but the potential for harm is significant.",2026-02-22 00:00:00,Maintenance,Huye Power Plant,Slip/Trip/Fall,High,4,1,0
a6a720ad-66eb-4152-82d8-b2f41c8f9e85,Biological waste disposal issue in lobby (Room 124),This has been like this for weeks.,2025-07-30 00:00:00,Warehouse,Musanze Mining Corp,Biological,Low,1,0,0
c6c10ef1-205e-48c1-9fdd-7089f86054bd,Faulty fire extinguisher in warehouse (Room 172),Staff reported the faulty fire extinguisher in warehouse (room 172) at approximately 2pm. Site inspection confirmed the hazard. No temporary measures taken.,2023-10-14 00:00:00,Warehouse,Rubavu Logistics Hub,Fire,High,0,1,0
661112c6-04a7-4c92-978a-115472765979,Repetitive strain risk operating welding machine at Station 9,Follow-up required on the repetitive strain risk operating welding machine at station 9. The danger is rated as low due to exposure levels.,2023-10-03 00:00:00,Transport,Musanze Mining Corp,Ergonomic,Low,2,0,0
c1f81d96-98d5-42e2-96a7-7b4c5ec55e4b,Strange noise from forklift at service elevator (Room 128),Report issued by employee. The strange noise from forklift at service elevator (room 128) has been reported by multiple staff members. Recommend further assessment.,2023-06-05 00:00:00,Sanitation,Musanze Mining Corp,Machinery,High,6,0,0
613f3c00-2e37-4d27-9cff-cbd3523d184f,Cluttered floor space around microwave at main lobby,Staff reported the cluttered floor space around microwave at main lobby at approximately 8am. Site inspection confirmed the hazard. No temporary measures taken.,2024-04-19 00:00:00,Office Complex,Rwanda Manufacturing Co,Slip/Trip/Fall,Low,1,0,0
a0c65ffc-52e8-41b6-9b9f-1f37e2148855,Exposed pipe on forklift at main corridor (Room 151),Report issued by safety rep. The exposed pipe on forklift at main corridor (room 151) has been reported by multiple staff members. Recommend immediate repair.,2023-12-12 00:00:00,Laboratory,RSSB Head Office,Machinery,High,1,0,1
7b8ab094-991f-4f2a-8924-b87e799b4647,Fumes from acids near Station 2 (Room 167),"During a walkthrough, staff noticed the fumes from acids near station 2 (room 167). No immediate incident occurred but the potential for damage is significant.",2024-06-19 00:00:00,Transport,Huye Power Plant,Chemical,Critical,8,0,1
969cdc7f-ff28-4788-8a10-409dab839759,Wet floor in maintenance bay near workbench (Room 180),Follow-up required on the wet floor in maintenance bay near workbench (room 180). The severity is rated as low due to proximity to staff.,2024-09-23 00:00:00,Loading Bay,Bugesera Cement Works,Slip/Trip/Fall,Low,7,0,0
0b802860-61bc-47bc-b3af-c6659b71d220,Accumulated flammable material near welding machine (Room 190),The accumulated flammable material near welding machine (room 190) was observed during routine inspection. This presents a potential risk to staff in the area.,2025-12-04 00:00:00,Administration,Muhanga Agro-Processing,Fire,Critical,1,0,0
818df493-87ce-4c08-b98a-e384c2d49f73,Loose carpet in corridor near receiving dock (Room 176),"During a walkthrough, staff noticed the loose carpet in corridor near receiving dock (room 176). No immediate incident occurred but the potential for injury is significant.",2025-10-08 00:00:00,Security,Gasabo Textile Factory,Slip/Trip/Fall,Low,4,0,0
0762db34-d0f6-42ea-a31a-574a5f6ac2b2,Improper desk height for printer in cafeteria (Room 161),Staff reported the improper desk height for printer in cafeteria (room 161) at approximately 2pm. Site inspection confirmed the hazard. No temporary measures taken.,2023-11-13 00:00:00,Assembly Line,Huye Power Plant,Ergonomic,Low,3,0,0
d79c6273-1a6c-42e5-b7d6-46c61ae30820,Biological waste disposal issue in loading dock (Room 115),,2024-05-21 00:00:00,Maintenance,Rubavu Logistics Hub,Biological,Medium,5,0,0
49181074-552c-4d65-a371-172c487379f8,Accumulated flammable material near coffee maker (Room 130),Follow-up required on the accumulated flammable material near coffee maker (room 130). The severity is rated as critical due to exposure levels.,2026-07-21 00:00:00,Office Complex,Kigali Construction Ltd,Fire,Critical,0,0,1
360384c7-db1e-42d2-90de-fdc396a49d76,Improper desk height for server rack in office (Room 125),Staff reported the improper desk height for server rack in office (room 125) at approximately 2pm. Site inspection confirmed the hazard. Warning signs posted.,2023-03-18 00:00:00,Quality Control,RSSB Head Office,Ergonomic,High,2,1,1
812e69fe-498e-43cd-aca3-ac78dfb0846d,Poorly adjusted chair at Station 8 in office (Room 162),Follow-up required on the poorly adjusted chair at station 8 in office (room 162). The danger is rated as high due to frequency of use.,2026-04-08 00:00:00,Quality Control,Huye Power Plant,Ergonomic,High,0,0,0
df78d9c8-ed24-454b-97d1-8f65f35e394d,Exposed connector on CNC machine at west exit (Room 120),Follow-up required on the exposed connector on cnc machine at west exit (room 120). The severity is rated as medium due to exposure levels.,2024-05-13 00:00:00,Kitchen,Huye Power Plant,Machinery,Medium,0,0,0
e03806e6-9b72-45fa-bafb-7920b7b8da2b,Smoke detector malfunctioning in toilet (Room 135),"During a walkthrough, staff noticed the smoke detector malfunctioning in toilet (room 135). No immediate incident occurred but the potential for injury is significant.",2025-09-26 00:00:00,Security,Muhanga Agro-Processing,Fire,High,1,0,1
879722eb-a78b-493e-a5ff-414098b5924e,Poorly adjusted chair at Station 7 in canteen (Room 145),Report issued by safety rep. The poorly adjusted chair at station 7 in canteen (room 145) has been reported by multiple staff members. Recommend review by safety team.,2023-05-06 00:00:00,Laboratory,RSSB Head Office,Ergonomic,Medium,0,1,0
4e47ac86-cb50-44d9-8af8-ce49d9ec89cc,Damaged power cord on shredder at rear exit (Room 113),The damaged power cord on shredder at rear exit (room 113) was observed during routine inspection. This presents a potential risk to staff in the building.,2024-10-25 00:00:00,Office Complex,Rubavu Logistics Hub,Electrical,High,13,0,1
c4b0e080-081b-4fe7-988f-990d9273d0ee,Stagnant water near rear exit causing Unpleasant odor,Staff reported the stagnant water near rear exit causing unpleasant odor at approximately 2pm. Site inspection confirmed the hazard. No temporary measures taken.,2026-05-03 00:00:00,Transport,Gasabo Textile Factory,Biological,Medium,8,1,1
a537606a-ecdb-4d71-833d-fc01a61afa67,Damaged power cord on power drill at emergency stairs (Room 107),Report issued by team lead. The damaged power cord on power drill at emergency stairs (room 107) has been reported by multiple staff members. Recommend further assessment.,2026-04-23 00:00:00,Production,Musanze Mining Corp,Electrical,Critical,7,0,0
4ba1c1fc-dbc2-4a77-adae-6eabba6a0e3d,Obstacle in walkway at perimeter fence (Zone 3),This has been like this for weeks.,2024-09-09 00:00:00,Warehouse,Gasabo Textile Factory,Slip/Trip/Fall,Medium,1,0,0
3ab3975f-063d-4190-a260-5da2276b4b9f,Fungal spread in car park near main corridor (Room 157),,2024-07-12 00:00:00,Sanitation,Nyagatare Cattle Ranch,Biological,High,0,0,1
eade823d-0f31-4cc5-a511-a24c0829e638,Routine check finding,,2025-05-01 00:00:00,Sanitation,Gasabo Textile Factory,Electrical,Critical,10,0,1
23e1ae08-53b3-4113-b3fa-d7bf35bca254,Clutter in canteen near Station 7 (Room 162),Staff reported the clutter in canteen near station 7 (room 162) at approximately 4pm. Site inspection confirmed the hazard. No temporary measures taken.,2025-09-10 00:00:00,Production,Kigali Construction Ltd,Slip/Trip/Fall,High,4,0,0
63700d68-4fb3-478f-a9b5-1e88b0396c08,Stagnant water near receiving dock causing Unpleasant odor,The stagnant water near receiving dock causing unpleasant odor was observed during routine inspection. This presents a potential risk to staff in the department.,2023-02-10 00:00:00,Kitchen,Huye Power Plant,Biological,Low,8,0,1
6764036a-cc46-44a5-a5d3-7be54534c2ec,Obstacle in walkway at emergency stairs (Room 163),Staff reported the obstacle in walkway at emergency stairs (room 163) at approximately 10am. Site inspection confirmed the hazard. No temporary measures taken.,2024-04-24 00:00:00,Administration,Musanze Mining Corp,Slip/Trip/Fall,Low,3,0,1
bf7f59c6-babc-44e7-b8cc-f18e046b457d,Overloaded power outlet near Station 11 (Room 164),I'm concerned about this.,2023-03-19 00:00:00,Storage Facility,Nyagatare Cattle Ranch,Electrical,Critical,0,1,1
4d382f05-5a19-4b2c-b208-487abb4b2cce,Hazard observed,Staff reported the hazard observed at approximately 10am. Site inspection confirmed the hazard. Tape has been placed.,2025-03-02 00:00:00,Office Complex,Nyagatare Cattle Ranch,Biological,Medium,6,1,1
3fa62e07-161c-4ce9-8de6-f98ae733793c,Faulty connector on lathe near workbench,This needs fixing urgently.,2023-01-08 00:00:00,Warehouse,Muhanga Agro-Processing,Machinery,Critical,0,1,1
f91875df-e7fd-4449-9af6-3f81ca137646,Obstacle in walkway at rooftop (Room 171),The obstacle in walkway at rooftop (room 171) was observed during routine inspection. This presents a potential risk to staff in the area.,2025-06-18 00:00:00,Storage Facility,Nyagatare Cattle Ranch,Slip/Trip/Fall,High,2,0,0
a9b20248-3be0-4160-896b-11138a13a3be,Obstacle in walkway at west exit (Room 198),,2026-04-08 00:00:00,Maintenance,Kigali Construction Ltd,Slip/Trip/Fall,Medium,1,0,0
d690a7bf-1675-4e8c-9326-bf85a6c2aadf,Loose carpet in stairwell near receiving dock (Room 117),"During a walkthrough, staff noticed the loose carpet in stairwell near receiving dock (room 117). No immediate incident occurred but the potential for harm is significant.",2025-09-27 00:00:00,Storage Facility,Rubavu Logistics Hub,Slip/Trip/Fall,Medium,0,1,0
48bfa7a3-07ea-4076-b128-bd77f626d55c,Spilled lubricant around north entrance (Room 192),"During a walkthrough, staff noticed the spilled lubricant around north entrance (room 192). No immediate incident occurred but the potential for injury is significant.",2025-02-01 00:00:00,Quality Control,Rubavu Logistics Hub,Chemical,Medium,0,1,1
1e8d8276-9bfd-4479-9d16-7faebbf397e0,Spilled epoxy around south wing (Room 187),Report issued by employee. The spilled epoxy around south wing (room 187) has been reported by multiple staff members. Recommend further assessment.,2023-05-30 00:00:00,Production,Rwanda Manufacturing Co,Chemical,Critical,7,0,1
f9e05958-832e-4363-9007-79beea32c69e,Unlabeled bleach container at front gate (Room 103),Report issued by safety rep. The unlabeled bleach container at front gate (room 103) has been reported by multiple staff members. Recommend immediate repair.,2027-03-17 00:00:00,Kitchen,Nyagatare Cattle Ranch,Chemical,High,5,0,1
1a2669ec-a8db-4df7-90f1-a0ec2be53c47,Spoiled materials found in chemical storage (Zone 5) (similar to report #257),,2025-03-12 00:00:00,Sanitation,Huye Power Plant,Ergonomic,High,1,0,0
846f6336-0c31-44b6-ad83-15abd438ec8c,Biological waste disposal issue in canteen (Sector C),Follow-up required on the biological waste disposal issue in canteen (sector c). The risk is rated as low due to frequency of use.,2025-05-23 00:00:00,Loading Bay,Rwanda Manufacturing Co,Biological,Low,0,0,1
dcd3373c-144c-47e3-9d0a-2be33e4d25ac,Exposed filter on printer in loading dock (Room 110),Report issued by employee. The exposed filter on printer in loading dock (room 110) has been reported by multiple staff members. Recommend immediate repair.,2025-03-16 00:00:00,Sanitation,Muhanga Agro-Processing,Electrical,Critical,3,1,0
c6bf0ad4-fbb3-4605-8d72-76c4e589430a,Damaged power cord on transformer at main corridor (Room 101),Staff reported the damaged power cord on transformer at main corridor (room 101) at approximately 8am. Site inspection confirmed the hazard. Tape has been placed.,2025-07-26 00:00:00,Administration,Rwanda Manufacturing Co,Electrical,Critical,0,1,1
50d0f333-f060-4cce-b7ad-3e6d44665d0a,Smoke detector malfunctioning in canteen (Room 126),Staff reported the awkward lifting position at receiving dock in loading dock (room 184) at approximately 4pm. Site inspection confirmed the hazard. No temporary measures taken.,2024-03-20 00:00:00,Assembly Line,Rwanda Manufacturing Co,Fire,Critical,12,0,1
741a6435-aa66-4515-9c5f-26f43a7c5f26,Strange noise from crusher at rooftop (Room 193),Staff reported the strange noise from crusher at rooftop (room 193) at approximately 2pm. Site inspection confirmed the hazard. Warning signs posted.,2026-04-13 00:00:00,Transport,Musanze Mining Corp,Machinery,Critical,1,0,0
56642ede-1ae2-47df-bf72-4a16831e2cff,Spoiled materials found in assembly area (Room 176),Report issued by supervisor. The spoiled materials found in assembly area (room 176) has been reported by multiple staff members. Recommend review by safety team.,2025-07-20 00:00:00,Production,Musanze Mining Corp,Biological,High,3,1,0
2b380f7a-32c2-45f7-aca7-e8c51d41fba8,Overloaded power outlet near workbench (Room 125),"During a walkthrough, staff noticed the overloaded power outlet near workbench (room 125). No immediate incident occurred but the potential for harm is significant.",2023-12-11 00:00:00,Security,Musanze Mining Corp,Electrical,Critical,5,0,0
c96d18c5-8bb3-4da1-9e95-e621d1d0765a,Cluttered floor space around microwave at west exit,Staff reported the cluttered floor space around microwave at west exit at approximately 10am. Site inspection confirmed the hazard. No temporary measures taken.,2024-05-14 00:00:00,Assembly Line,Huye Power Plant,Slip/Trip/Fall,High,6,0,0
77a20d17-245b-4934-b11e-e8e477b6f3db,Faulty fire extinguisher in lobby (Room 167),Staff reported the faulty fire extinguisher in lobby (room 167) at approximately 8am. Site inspection confirmed the hazard. Tape has been placed.,2025-12-23 00:00:00,Administration,RSSB Head Office,Fire,Critical,0,0,1
06cf6412-3a55-4baa-9d22-44272ceb2da4,Damaged power cord on coffee maker at basement (Zone 9),"During a walkthrough, staff noticed the damaged power cord on coffee maker at basement (zone 9). No immediate incident occurred but the potential for damage is significant.",2023-08-30 00:00:00,Transport,Muhanga Agro-Processing,Electrical,High,5,0,0
190eb77c-c669-4b77-a602-edbf39deeae2,Smoke detector malfunctioning in break room (Room 155),The smoke detector malfunctioning in break room (room 155) was observed during routine inspection. This presents a potential risk to staff in the department.,2024-01-19 00:00:00,Administration,Huye Power Plant,Fire,High,6,0,0
ce5acae3-d57c-4d92-9502-c596aa176031,Unsafe operation of bandsaw in lobby (Room 127),Follow-up required on the unsafe operation of bandsaw in lobby (room 127). The danger is rated as critical due to frequency of use.,2023-04-18 00:00:00,Office Complex,Bugesera Cement Works,Machinery,Critical,1,0,0
f7a0e135-138b-49c4-b2e3-1b6d09e1d579,Pooling of ammonia near break room (Room 178),Follow-up required on the pooling of ammonia near break room (room 178). The severity is rated as critical due to proximity to staff.,2026-03-14 00:00:00,Storage Facility,RSSB Head Office,Chemical,Critical,3,1,0
eb55ddce-11f7-465c-b5cf-3aaed3bc2436,Stagnant water near service elevator causing Fungal spread,Please investigate.,2024-08-06 00:00:00,Loading Bay,Gasabo Textile Factory,Biological,Low,3,0,1
e9580d04-4f77-42bf-8fda-b01f44ba42de,Broken filter on forklift in office (Room 138),"During a walkthrough, staff noticed the broken filter on forklift in office (room 138). No immediate incident occurred but the potential for harm is significant.",2023-07-26 00:00:00,Sanitation,Rwanda Manufacturing Co,Machinery,Medium,1,0,0
0ba8120b-cba8-4adf-8494-a3ab939e19e1,Fumes from lubricant near Station 19 (Sector H),"During a walkthrough, staff noticed the fumes from lubricant near station 19 (sector h). No immediate incident occurred but the potential for harm is significant.",2025-12-28 00:00:00,Sanitation,RSSB Head Office,Chemical,High,9,1,0
4bc15f6b-83cd-4118-873a-25984ce1fb53,Exposed casing on conveyor belt at receiving dock (Room 118),Staff reported the exposed casing on conveyor belt at receiving dock (room 118) at approximately 4pm. Site inspection confirmed the hazard. Warning signs posted.,2024-04-21 00:00:00,Sanitation,Rubavu Logistics Hub,Machinery,Medium,4,1,0
f446e826-2ce9-4d26-b4c5-9a0649130086,Poorly adjusted chair at Station 12 in car park (Room 130),Staff reported the poorly adjusted chair at station 12 in car park (room 130) at approximately 10am. Site inspection confirmed the hazard. Warning signs posted.,2026-04-29 00:00:00,Office Complex,Rubavu Logistics Hub,Ergonomic,High,6,0,0
dfb4393a-efe7-49f2-ab98-912076ff7e70,Awkward lifting position at south wing in workshop (Room 169),Follow-up required on the awkward lifting position at south wing in workshop (room 169). The danger is rated as medium due to exposure levels.,2023-03-12 00:00:00,Quality Control,Huye Power Plant,Ergonomic,Medium,6,1,0
473bd7ce-685b-404d-81b2-df782ad0a26b,Repetitive strain risk operating transformer at assembly line,Can someone look at this?,2023-01-21 00:00:00,Transport,Gasabo Textile Factory,Ergonomic,Medium,1,1,0
6edb6193-8415-47f9-b976-e77e8dff7078,Flickering lights in north entrance near coffee maker,Follow-up required on the flickering lights in north entrance near coffee maker. The severity is rated as critical due to frequency of use.,2024-10-24 00:00:00,Kitchen,Rubavu Logistics Hub,Electrical,Critical,3,0,1
90607a7f-5847-4c7b-ba8d-4834b4eea2dc,Fungal spread in server room near rear exit (Sector H),This needs fixing urgently.,2023-06-12 00:00:00,Security,Huye Power Plant,Biological,Low,8,0,1
fa332ab2-85ce-43d1-8d92-4f27bc834355,Spilled epoxy around front gate (Sector F),Report issued by supervisor. The spilled epoxy around front gate (sector f) has been reported by multiple staff members. Recommend immediate repair.,2024-01-12 00:00:00,Storage Facility,Rwanda Manufacturing Co,Chemical,High,4,0,0
32eb8800-7e0c-4471-9a07-2e6ff8315f70,Unlabeled coolant container at east wing (Room 114),Follow-up required on the unlabeled coolant container at east wing (room 114). The danger is rated as high due to exposure levels.,2023-07-24 00:00:00,Packaging,Kigali Construction Ltd,Chemical,High,2,0,0
c9ca8ee2-1dd6-4575-aac4-dc7ad7e82343,Smoke detector malfunctioning in toilet (Room 120),This has been like this for weeks.,2025-02-22 00:00:00,Laboratory,Kigali Construction Ltd,Fire,Critical,0,1,0
386e0645-1f01-4f71-a2ac-f7a0e9b2408c,Smoke detector malfunctioning in stairwell (Sector B),Follow-up required on the smoke detector malfunctioning in stairwell (sector b). The danger is rated as high due to frequency of use.,2023-07-31 00:00:00,Administration,Gasabo Textile Factory,Fire,High,3,0,1
523249b4-4e01-4ea2-9f3c-4a547575c9fb,Repetitive strain risk operating hoist at Station 15,Staff reported the repetitive strain risk operating hoist at station 15 at approximately 8am. Site inspection confirmed the hazard. Tape has been placed.,2027-05-14 00:00:00,Kitchen,Bugesera Cement Works,Ergonomic,Medium,0,0,0
01147c28-ec74-4fa5-a607-0dfa72adde50,Biological waste disposal issue in storage room (Room 147),Follow-up required on the biological waste disposal issue in storage room (room 147). The risk is rated as low due to lack of protection.,2024-07-10 00:00:00,Warehouse,Muhanga Agro-Processing,Biological,Low,1,0,1
18d68473-d471-4500-9a82-a2ae0299c11b,Repetitive strain risk operating server rack at checkout counter,"During a walkthrough, staff noticed the repetitive strain risk operating server rack at checkout counter. No immediate incident occurred but the potential for harm is significant.",2023-07-05 00:00:00,Transport,Muhanga Agro-Processing,Ergonomic,High,8,0,1
39cbc51c-d664-4cbd-bb64-6c2be0b9cce7,Obstacle in walkway at main corridor (Room 108),Staff reported the obstacle in walkway at main corridor (room 108) at approximately 10am. Site inspection confirmed the hazard. No temporary measures taken.,2024-04-27 00:00:00,Transport,Bugesera Cement Works,Slip/Trip/Fall,High,1,1,1
a5b436db-103b-40d2-ba03-a0591e0ddc86,Unpleasant odor in chemical storage near receiving dock (Room 180),Follow-up required on the unpleasant odor in chemical storage near receiving dock (room 180). The danger is rated as critical due to lack of protection.,2025-03-25 00:00:00,Assembly Line,Bugesera Cement Works,Biological,Critical,4,0,0
63ed2b40-c210-4861-a004-0fdcdaec9e90,Rodent sightings in production floor near service elevator (Room 104),The biological waste disposal issue in workshop (room 103) was observed during routine inspection. This presents a potential risk to staff in the building.,2025-03-18 00:00:00,Assembly Line,Gasabo Textile Factory,Biological,Low,1,0,0
62afa70f-ab92-4f83-a324-dfa46a46f8c7,Smoke detector malfunctioning in cafeteria (Room 112),"During a walkthrough, staff noticed the smoke detector malfunctioning in cafeteria (room 112). No immediate incident occurred but the potential for injury is significant.",2025-07-28 00:00:00,Administration,Rubavu Logistics Hub,Fire,Critical,0,0,1
d02a8076-320a-4449-9da9-ae6fed7695cc,Exposed wire on packaging unit at main corridor (Room 115),Staff reported the exposed wire on packaging unit at main corridor (room 115) at approximately 2pm. Site inspection confirmed the hazard. Tape has been placed.,2024-12-18 00:00:00,Kitchen,Nyagatare Cattle Ranch,Machinery,High,4,0,1
cc8c156f-c10e-4fd6-ae01-d44a7f47ae97,Stagnant water near main corridor causing Insects found,Report issued by employee. The stagnant water near main corridor causing insects found has been reported by multiple staff members. Recommend temporary closure.,2024-12-21 00:00:00,Transport,Rwanda Manufacturing Co,Biological,High,8,1,0
1dd0e740-4272-4619-988f-455baba1e605,Loose carpet in break room near north entrance (Room 153),The loose carpet in break room near north entrance (room 153) was observed during routine inspection. This presents a potential risk to staff in the building.,2024-01-22 00:00:00,Office Complex,Rwanda Manufacturing Co,Slip/Trip/Fall,Medium,7,0,0
9d638135-2a2a-4c27-9519-10706e88593a,Obstacle in walkway at main lobby (Room 151),Follow-up required on the obstacle in walkway at main lobby (room 151). The severity is rated as medium due to frequency of use.,2025-01-13 00:00:00,Production,Huye Power Plant,Slip/Trip/Fall,Medium,7,0,1
e4217e0f-d412-4ff7-a24f-a1757b2ec2d4,Exposed gear on microwave in assembly area (Room 158),Staff reported the exposed gear on microwave in assembly area (room 158) at approximately 8am. Site inspection confirmed the hazard. Warning signs posted.,2024-11-13 00:00:00,Workshop,Kigali Construction Ltd,Electrical,High,2,0,0
8408f459-663d-4a29-8d09-f1c17efbe61c,Improper desk height for ventilator in break room (Room 194),,2026-02-07 00:00:00,Laboratory,Rwanda Manufacturing Co,Ergonomic,Low,2,1,1
3affb832-9cff-446c-a4ca-bec17ddebbde,Broken plug on packaging unit in break room (Room 104),,2023-12-25 00:00:00,Production,Musanze Mining Corp,Machinery,High,13,0,1
c766be3c-2273-4954-9b48-ca21e4d0894c,Broken gear on drill press in loading dock (Sector F),Follow-up required on the broken gear on drill press in loading dock (sector f). The danger is rated as medium due to exposure levels.,2025-07-02 00:00:00,Quality Control,Muhanga Agro-Processing,Machinery,Medium,1,0,0
bae139b0-e579-44c7-a215-b443352bb826,Strange noise from packaging unit at perimeter fence (Room 175),Follow-up required on the strange noise from packaging unit at perimeter fence (room 175). The severity is rated as medium due to frequency of use.,2026-02-12 00:00:00,Production,Bugesera Cement Works,Machinery,Medium,1,0,0
b1db45be-f94e-4fad-b847-93736fda1960,Cluttered floor space around computer at emergency stairs,Staff reported the cluttered floor space around computer at emergency stairs at approximately 8am. Site inspection confirmed the hazard. No temporary measures taken.,2025-03-21 00:00:00,Packaging,Rwanda Manufacturing Co,Slip/Trip/Fall,Medium,1,0,0
4882d99c-d848-4135-b2d8-0068960de2ba,Awkward lifting position at north entrance in car park (Zone 3),Staff reported the awkward lifting position at north entrance in car park (zone 3) at approximately 2pm. Site inspection confirmed the hazard. Warning signs posted.,2024-12-11 00:00:00,Loading Bay,RSSB Head Office,Ergonomic,High,4,0,0
56fd9c2d-f169-412a-bd09-064f945a955a,Sparks observed from hand truck in workshop (Room 165),Staff reported the sparks observed from hand truck in workshop (room 165) at approximately 4pm. Site inspection confirmed the hazard. Tape has been placed.,2023-05-25 00:00:00,Assembly Line,Rwanda Manufacturing Co,Electrical,High,4,0,1
13101c70-e602-41c4-bbff-0e99d3a81207,Issue in department,Report issued by team lead. The issue in department has been reported by multiple staff members. Recommend further assessment.,2024-12-01 00:00:00,Office Complex,Bugesera Cement Works,Machinery,High,4,1,1
21dbfba9-76ef-4413-8ca3-8ebd1aa77612,Smoke detector malfunctioning in car park (Room 137),"During a walkthrough, staff noticed the smoke detector malfunctioning in car park (room 137). No immediate incident occurred but the potential for harm is significant.",2026-02-05 00:00:00,Laboratory,Rwanda Manufacturing Co,Fire,High,11,0,1
cfd636fd-890b-4740-8f2c-cc111331e987,Unlabeled acids container at main lobby (Room 158),Report issued by supervisor. The unlabeled acids container at main lobby (room 158) has been reported by multiple staff members. Recommend further assessment.,2023-08-04 00:00:00,Assembly Line,RSSB Head Office,Chemical,High,1,0,0
ea2e7a28-5346-4cb7-ac14-ed197f1f65ad,Fumes from coolant near packing station (Room 122),"During a walkthrough, staff noticed the fumes from coolant near packing station (room 122). No immediate incident occurred but the potential for damage is significant.",2024-01-08 00:00:00,Assembly Line,Rubavu Logistics Hub,Chemical,Critical,0,0,0
7f2f2365-e3ae-4bd0-8b00-ab79f343e8a2,Improper desk height for welding machine in chemical storage (Room 148),"During a walkthrough, staff noticed the improper desk height for welding machine in chemical storage (room 148). No immediate incident occurred but the potential for injury is significant.",2026-05-10 00:00:00,Administration,Nyagatare Cattle Ranch,Ergonomic,Low,4,1,0
b4878853-1263-4552-93ef-6ad493f2ea75,Exposed belt on ventilator in stairwell (Sector H),Follow-up required on the exposed belt on ventilator in stairwell (sector h). The danger is rated as critical due to exposure levels.,2026-02-15 00:00:00,Sanitation,Musanze Mining Corp,Electrical,Critical,4,1,1
f7e3a092-017d-45f5-ae9b-9a9166765f35,Exposed valve on motor at west exit (Room 192),Follow-up required on the exposed valve on motor at west exit (room 192). The risk is rated as high due to exposure levels.,2025-08-14 00:00:00,Office Complex,Bugesera Cement Works,Machinery,High,2,0,1
9f956abe-e688-40dc-a2c5-bb8834f3616d,Bacterial contamination risk in corridor near north entrance (Zone 11) (similar to report #2106),"During a walkthrough, staff noticed the bacterial contamination risk in corridor near north entrance (zone 11) (similar to report #2106). No immediate incident occurred but the potential for damage is significant.",2024-10-26 00:00:00,Office Complex,Rwanda Manufacturing Co,Machinery,Medium,0,1,0
635bb243-4822-408a-a81e-cad3261714e9,Exposed switch on air conditioner in workshop (Room 149),Follow-up required on the exposed switch on air conditioner in workshop (room 149). The risk is rated as high due to frequency of use.,2023-05-26 00:00:00,Sanitation,Rwanda Manufacturing Co,Electrical,High,3,0,0
e9966930-cb9a-48ed-acf1-5b87104d6b49,Exposed display on CNC machine at main lobby (Room 192),Follow-up required on the cluttered floor space around boiler at front gate. The severity is rated as high due to exposure levels.,2025-09-25 00:00:00,Warehouse,Rubavu Logistics Hub,Machinery,Critical,2,0,0
2390eaf9-0c27-4de5-8b55-7050729da1b5,Sparks observed from computer in maintenance bay (Room 175),"During a walkthrough, staff noticed the sparks observed from computer in maintenance bay (room 175). No immediate incident occurred but the potential for damage is significant.",2024-02-14 00:00:00,Packaging,Bugesera Cement Works,Electrical,Critical,3,0,0
abe966ad-4976-4ce6-b98b-b9c1926f77c7,Mold growth in lobby near west exit (Sector E),Report issued by employee. The mold growth in lobby near west exit (sector e) has been reported by multiple staff members. Recommend temporary closure.,2024-12-08 00:00:00,Production,Kigali Construction Ltd,Biological,Low,1,1,0
f510e49d-4005-4395-8a1a-43c966434439,Spoiled materials found in chemical storage (Room 137),"During a walkthrough, staff noticed the faulty fire extinguisher in assembly area (room 110). No immediate incident occurred but the potential for damage is significant.",2025-10-06 00:00:00,Packaging,Nyagatare Cattle Ranch,Biological,Medium,4,0,1
9e875106-f3b1-4001-a8d3-8759a02e0593,Blocked emergency route in receiving dock (Room 183),Staff reported the blocked emergency route in receiving dock (room 183) at approximately 4pm. Site inspection confirmed the hazard. Warning signs posted.,2024-12-16 00:00:00,Packaging,Gasabo Textile Factory,Fire,Critical,1,0,1
f8a1175e-f305-4680-95b4-9e4d38648142,Repetitive strain risk operating boiler at Station 19,The repetitive strain risk operating boiler at station 19 was observed during routine inspection. This presents a potential risk to staff in the building.,2026-05-14 00:00:00,Office Complex,Nyagatare Cattle Ranch,Ergonomic,Medium,0,0,0
4f04592f-c7b6-4a1b-9904-27eca21c9b04,Repetitive strain risk operating computer at dispatch area,Follow-up required on the repetitive strain risk operating computer at dispatch area. The severity is rated as high due to frequency of use.,2023-12-14 00:00:00,Warehouse,Rubavu Logistics Hub,Ergonomic,High,0,0,0
2b6947b0-0496-4ca2-a968-f2e7459ee59b,Repetitive strain risk operating power drill at Station 8,Staff reported the repetitive strain risk operating power drill at station 8 at approximately 8am. Site inspection confirmed the hazard. Warning signs posted.,2027-11-01 00:00:00,Storage Facility,Rubavu Logistics Hub,Ergonomic,High,2,0,0
b9b9760c-07fe-4e86-b4d0-d0c35f669c08,Improper desk height for power drill in lobby (Room 163),"During a walkthrough, staff noticed the improper desk height for power drill in lobby (room 163). No immediate incident occurred but the potential for harm is significant.",2028-01-31 00:00:00,Maintenance,Gasabo Textile Factory,Ergonomic,Medium,11,0,0
9d44c492-12c3-471d-8e68-1499922737b7,Spilled lubricant around receiving dock (Room 153),Staff reported the spilled lubricant around receiving dock (room 153) at approximately 10am. Site inspection confirmed the hazard. Warning signs posted.,2025-07-24 00:00:00,Assembly Line,RSSB Head Office,Chemical,Critical,6,0,0
a8493db2-3311-4320-9ae5-e07882c9ae2a,Strange noise from exhaust fan at basement (Zone 4),"During a walkthrough, staff noticed the strange noise from exhaust fan at basement (zone 4). No immediate incident occurred but the potential for injury is significant.",2023-06-13 00:00:00,Storage Facility,RSSB Head Office,Machinery,High,3,0,0
10c53263-d182-4152-9244-f4ce8c5e6cc3,Maintenance requested urgently,Follow-up required on the maintenance requested urgently. The danger is rated as high due to proximity to staff.,2025-07-11 00:00:00,Office Complex,Huye Power Plant,Fire,High,5,0,1
fe709361-d7c5-4640-9669-832a13f19762,Loose carpet in warehouse near main corridor (Sector H),Follow-up required on the loose carpet in warehouse near main corridor (sector h). The severity is rated as low due to lack of protection.,2025-09-20 00:00:00,Quality Control,Rwanda Manufacturing Co,Slip/Trip/Fall,Low,1,1,0
f446cb13-7c7f-4347-8214-96ca73b95f98,Overloaded power outlet near Station 17 (Room 103),Staff reported the overloaded power outlet near station 17 (room 103) at approximately 10am. Site inspection confirmed the hazard. No temporary measures taken.,2023-12-30 00:00:00,Production,Huye Power Plant,Electrical,Critical,3,1,1
9849d2d4-db98-44a5-8c53-c304dee95ae2,Unlabeled lubricant container at south wing (Room 156),Report issued by safety rep. The unlabeled lubricant container at south wing (room 156) has been reported by multiple staff members. Recommend review by safety team.,2025-05-01 00:00:00,Maintenance,Kigali Construction Ltd,Chemical,Medium,1,0,1
777e1019-adea-421a-a510-7d4f3b5af4cc,Loose carpet in workshop near emergency stairs (Zone 10),Please investigate.,2024-05-27 00:00:00,Quality Control,Nyagatare Cattle Ranch,Slip/Trip/Fall,High,0,0,0
868ec97e-9277-4464-bbae-51ce619fc4f1,Strange noise from bandsaw at main lobby (Room 180),"During a walkthrough, staff noticed the strange noise from bandsaw at main lobby (room 180). No immediate incident occurred but the potential for harm is significant.",2025-01-09 00:00:00,Maintenance,Rwanda Manufacturing Co,Machinery,Medium,2,0,0
30e647ba-4813-41e9-8d8e-bd317bcc7d50,Overloaded power outlet near Station 16 (Sector D),"During a walkthrough, staff noticed the overloaded power outlet near station 16 (sector d). No immediate incident occurred but the potential for damage is significant.",2024-04-10 00:00:00,Production,Gasabo Textile Factory,Electrical,Critical,0,0,0
1bd304fa-99da-4540-b8a5-811610723888,Improperly stored pesticides near toilet (Sector A),"During a walkthrough, staff noticed the improperly stored pesticides near toilet (sector a). No immediate incident occurred but the potential for damage is significant.",2026-04-19 00:00:00,Maintenance,Rwanda Manufacturing Co,Chemical,High,4,1,0
c40f0e17-9732-4e2c-aeba-8ac8de8eb907,Improperly stored chlorine near assembly area (Room 141),This needs fixing urgently.,2023-04-17 00:00:00,Quality Control,Gasabo Textile Factory,Chemical,Medium,6,0,0
9e1e8379-70eb-4458-be0f-ce7a18c727d6,Rodent sightings in office near service elevator (Room 170),,2024-05-19 00:00:00,Kitchen,RSSB Head Office,Biological,High,0,1,1
319b517b-102f-4242-a484-c31ca1df823b,Sparks observed from hand truck in lobby (Room 125),,2026-04-14 00:00:00,Packaging,Huye Power Plant,Electrical,High,2,0,1
7c1a0813-d007-464d-a1d3-970ea277e5a4,Damaged power cord on ventilator at rear exit (Room 185),Follow-up required on the damaged power cord on ventilator at rear exit (room 185). The danger is rated as critical due to proximity to staff.,2023-10-22 00:00:00,Production,Kigali Construction Ltd,Electrical,Critical,4,1,0
0a14eed7-04d0-4dd0-85fe-35e62577bf19,Flickering lights in service elevator near grinder,"During a walkthrough, staff noticed the flickering lights in service elevator near grinder. No immediate incident occurred but the potential for harm is significant.",2023-05-08 00:00:00,Workshop,Musanze Mining Corp,Electrical,High,1,0,1
eeb02a54-7eaf-4a9f-9a5f-b711be9a2c25,Stagnant water near rooftop causing Mold growth,"During a walkthrough, staff noticed the stagnant water near rooftop causing mold growth. No immediate incident occurred but the potential for damage is significant.",2025-11-19 00:00:00,Workshop,Muhanga Agro-Processing,Biological,High,2,0,0
a1921ae4-110c-4abd-aa27-8b43730f313b,Faulty fire extinguisher in car park (Room 104),"During a walkthrough, staff noticed the faulty fire extinguisher in car park (room 104). No immediate incident occurred but the potential for injury is significant.",2027-06-05 00:00:00,Workshop,Gasabo Textile Factory,Fire,High,3,1,0
75670fe0-ae05-44d1-9f3b-513c6c02ef3b,Unsafe operation of milling machine in break room (Room 149),Report issued by safety rep. The unsafe operation of milling machine in break room (room 149) has been reported by multiple staff members. Recommend immediate repair.,2024-08-15 00:00:00,Workshop,Rubavu Logistics Hub,Machinery,Critical,0,0,1
ec08b557-5308-4318-a605-9a804157e247,Unlabeled chlorine container at front gate (Room 192),The icy patch in office near station 7 (zone 5) was observed during routine inspection. This presents a potential risk to staff in the building.,2024-08-01 00:00:00,Sanitation,Nyagatare Cattle Ranch,Chemical,High,0,0,0
b7fd030a-19b1-4cb1-88ea-d7dd1c3ea165,Unlabeled chlorine container at loading bay (Room 158),"During a walkthrough, staff noticed the unlabeled chlorine container at loading bay (room 158). No immediate incident occurred but the potential for injury is significant.",2025-10-26 00:00:00,Assembly Line,Huye Power Plant,Chemical,Critical,4,1,0
c92e41d2-f658-47d1-ad35-8a7453e03389,Faulty connector on industrial mixer near Station 16,The faulty connector on industrial mixer near station 16 was observed during routine inspection. This presents a potential risk to staff in the department.,2025-12-16 00:00:00,Workshop,RSSB Head Office,Machinery,High,1,0,0
8636a5d7-8923-4f29-af82-0f91e7a064b0,Faulty fire extinguisher in chemical storage (Room 171),This needs fixing urgently.,2024-11-05 00:00:00,Assembly Line,Nyagatare Cattle Ranch,Fire,Critical,2,0,0
20e2e862-ca86-40e7-857b-0944e9802d5f,Improper desk height for hand truck in lobby (Room 138),Report issued by team lead. The improper desk height for hand truck in lobby (room 138) has been reported by multiple staff members. Recommend temporary closure.,2024-10-22 00:00:00,Sanitation,Muhanga Agro-Processing,Ergonomic,Medium,5,0,0
c21956ff-a55b-4bff-b8ac-6a79db6001c8,Spilled degreaser around rooftop (Room 114),The spilled degreaser around rooftop (room 114) was observed during routine inspection. This presents a potential risk to staff in the area.,2023-09-11 00:00:00,Assembly Line,RSSB Head Office,Chemical,Medium,4,0,0
33cef034-92ce-42c4-a60d-aceca3c52288,Oil spill in storage room near Station 6 (Room 148),"During a walkthrough, staff noticed the oil spill in storage room near station 6 (room 148). No immediate incident occurred but the potential for harm is significant.",2024-01-07 00:00:00,Transport,Musanze Mining Corp,Slip/Trip/Fall,Medium,3,1,1
fed1cbee-c227-42fd-af58-769960e1d46e,Blocked emergency route in main lobby (Room 154),Staff reported the blocked emergency route in main lobby (room 154) at approximately 10am. Site inspection confirmed the hazard. Warning signs posted.,2023-05-01 00:00:00,Kitchen,Nyagatare Cattle Ranch,Fire,High,15,0,0
0aaacfc3-780b-4431-8051-d437b661aa48,Biological waste disposal issue in lobby (Room 183),Follow-up required on the biological waste disposal issue in lobby (room 183). The risk is rated as medium due to exposure levels.,2024-11-09 00:00:00,Sanitation,Rubavu Logistics Hub,Biological,Medium,2,1,0
26213b9b-e4e8-491c-a67b-320b63407c56,Blocked fire exit at emergency stairs near canteen (Room 191),The blocked fire exit at emergency stairs near canteen (room 191) was observed during routine inspection. This presents a potential risk to staff in the building.,2023-07-18 00:00:00,Assembly Line,Bugesera Cement Works,Fire,High,6,0,0
ba98e0aa-96b7-41d8-8e64-ff2cc4751c4d,Accumulated flammable material near power drill (Room 126),Report issued by employee. The accumulated flammable material near power drill (room 126) has been reported by multiple staff members. Recommend further assessment.,2025-02-14 00:00:00,Maintenance,Musanze Mining Corp,Fire,Critical,4,0,1
9a2ba43d-7048-4451-8e7c-bb2eca322414,Spill of epoxy near break room (Room 169),The spill of epoxy near break room (room 169) was observed during routine inspection. This presents a potential risk to staff in the building.,2026-04-03 00:00:00,Sanitation,Rubavu Logistics Hub,Chemical,High,0,0,0
2ee1920d-edf2-43d9-9e2a-e730d1e43326,Cluttered floor space around computer at west exit,Staff reported the poorly adjusted chair at station 7 in office (room 181) at approximately 8am. Site inspection confirmed the hazard. Tape has been placed.,2025-12-28 00:00:00,Laboratory,Musanze Mining Corp,Slip/Trip/Fall,Medium,3,1,0
57a22b9f-adbf-484a-88c2-15aeafeb8bc2,Safety concern reported,Follow-up required on the safety concern reported. The risk is rated as high due to exposure levels.,2023-04-11 00:00:00,Office Complex,Muhanga Agro-Processing,Machinery,High,8,0,0
0fde8a36-054a-40db-a2e6-6101ca65021f,Cluttered floor space around air conditioner at rooftop,"During a walkthrough, staff noticed the cluttered floor space around air conditioner at rooftop. No immediate incident occurred but the potential for harm is significant.",2026-01-22 00:00:00,Assembly Line,RSSB Head Office,Slip/Trip/Fall,High,1,0,1
b545dc4c-7d3d-4d48-89c4-93d3da092f8f,Loose carpet in cafeteria near east wing (Zone 9),Staff reported the loose carpet in cafeteria near east wing (zone 9) at approximately 10am. Site inspection confirmed the hazard. Tape has been placed.,2023-04-18 00:00:00,Office Complex,Kigali Construction Ltd,Slip/Trip/Fall,High,8,0,0
9430364c-d02d-40ee-af96-0e1be438977f,Blocked fire exit at front gate near office (Room 108),Staff reported the blocked fire exit at front gate near office (room 108) at approximately 4pm. Site inspection confirmed the hazard. Tape has been placed.,2024-01-16 00:00:00,Sanitation,Musanze Mining Corp,Fire,Critical,1,0,1
57074e07-125e-4d29-a561-312b5ca4b407,Faulty valve on lathe near checkout counter,Follow-up required on the faulty valve on lathe near checkout counter. The risk is rated as high due to exposure levels.,2024-05-09 00:00:00,Sanitation,Muhanga Agro-Processing,Machinery,High,4,0,0
2e267999-5e14-4ac9-bad8-83d10dde1da3,Stagnant water near north entrance causing Pest infestation,Follow-up required on the stagnant water near north entrance causing pest infestation. The risk is rated as low due to exposure levels.,2024-07-21 00:00:00,Administration,Bugesera Cement Works,Biological,Low,4,1,1
9c53f301-96a1-4994-ae93-55edaa77de52,Flickering lights in front gate near server rack,Report issued by safety rep. The flickering lights in front gate near server rack has been reported by multiple staff members. Recommend review by safety team.,2025-08-04 00:00:00,Loading Bay,Rubavu Logistics Hub,Electrical,Critical,0,0,0
d7cb5e20-d9e0-42de-9c1c-d865a705aa7a,Repetitive strain risk operating coffee maker at Station 11,"During a walkthrough, staff noticed the repetitive strain risk operating coffee maker at station 11. No immediate incident occurred but the potential for harm is significant.",2026-04-28 00:00:00,Security,Kigali Construction Ltd,Ergonomic,Medium,1,0,1
5330461c-c74f-4d5c-8c8c-1f770e5c9056,Improper storage of lubricant in warehouse (Room 119),The improper storage of lubricant in warehouse (room 119) was observed during routine inspection. This presents a potential risk to staff in the building.,2025-01-18 00:00:00,Storage Facility,Muhanga Agro-Processing,Chemical,Critical,1,1,0
04bb81fe-4e3e-45de-8769-cc92c6df78f5,Blocked emergency route in front gate (Room 164),The blocked emergency route in front gate (room 164) was observed during routine inspection. This presents a potential risk to staff in the building.,2023-06-07 00:00:00,Office Complex,RSSB Head Office,Fire,Critical,0,0,0
2f55a8a7-3367-4705-ab95-2f60fd34848a,Unlabeled industrial glue container at receiving dock (Room 139),Please investigate.,2023-01-10 00:00:00,Warehouse,Rubavu Logistics Hub,Chemical,Critical,8,0,0
fc56b346-171a-479c-94e9-0cce1dc1454b,Spilled paint thinner around loading bay (Room 175),The spilled paint thinner around loading bay (room 175) was observed during routine inspection. This presents a potential risk to staff in the building.,2025-12-04 00:00:00,Packaging,Nyagatare Cattle Ranch,Chemical,Critical,2,0,0
177288f1-b779-4c10-8bd6-c1b0db068c18,Exposed pipe on microwave in lobby (Room 150),,2024-05-18 00:00:00,Sanitation,Rwanda Manufacturing Co,Electrical,High,3,1,0
1c6b8d1e-a3e3-458b-828c-58fa3ee5887b,Biological waste disposal issue in maintenance bay (Room 126),The biological waste disposal issue in maintenance bay (room 126) was observed during routine inspection. This presents a potential risk to staff in the department.,2026-04-06 00:00:00,Administration,Bugesera Cement Works,Biological,Medium,3,0,0
8a68072f-25d6-4412-8e92-428383b0fb07,Exposed switch on forklift at north entrance (Room 198),The exposed switch on forklift at north entrance (room 198) was observed during routine inspection. This presents a potential risk to staff in the department.,2024-01-23 00:00:00,Administration,Kigali Construction Ltd,Machinery,High,1,0,0
dd64505f-f71e-47e7-888c-46f8a2062ebd,Exposed filter on microwave in break room (Room 104),Report issued by safety rep. The exposed filter on microwave in break room (room 104) has been reported by multiple staff members. Recommend review by safety team.,2023-03-01 00:00:00,Assembly Line,Musanze Mining Corp,Electrical,Critical,3,0,1
e5d78d3a-7054-45a5-a513-214282141be5,Blocked emergency route in main lobby (Room 131),"During a walkthrough, staff noticed the blocked emergency route in main lobby (room 131). No immediate incident occurred but the potential for injury is significant.",2023-08-09 00:00:00,Storage Facility,Muhanga Agro-Processing,Fire,High,4,0,0
c9527822-9133-43e7-8e91-c417239f2d20,Faulty fire extinguisher in car park (Room 132),"During a walkthrough, staff noticed the faulty fire extinguisher in car park (room 132). No immediate incident occurred but the potential for harm is significant.",2025-10-08 00:00:00,Administration,Kigali Construction Ltd,Fire,High,0,0,1
21d238cc-8ae3-4f5b-8b94-020706739e5a,Hazard observed,Report issued by team lead. The hazard observed has been reported by multiple staff members. Recommend review by safety team.,2024-01-29 00:00:00,Maintenance,Musanze Mining Corp,Machinery,Medium,12,0,0
acbd207c-0c82-4a03-9c0b-3ef10b2889ec,Broken bearing on motor in loading dock (Room 197),Follow-up required on the broken bearing on motor in loading dock (room 197). The danger is rated as medium due to frequency of use.,2025-11-20 00:00:00,Kitchen,Nyagatare Cattle Ranch,Machinery,Medium,10,0,0
d0c18cc6-56c3-4524-acaa-2b3509285674,Flickering lights in receiving dock near hand truck,Follow-up required on the flickering lights in receiving dock near hand truck. The risk is rated as high due to lack of protection.,2025-06-09 00:00:00,Workshop,Kigali Construction Ltd,Electrical,High,0,0,1
ac0c68b6-df69-4837-a7bd-b438990987d1,Damaged power cord on transformer at emergency stairs (Room 122) (similar to report #2058),"During a walkthrough, staff noticed the damaged power cord on transformer at emergency stairs (room 122) (similar to report #2058). No immediate incident occurred but the potential for harm is significant.",2026-05-24 00:00:00,Quality Control,Musanze Mining Corp,Electrical,High,5,1,0
a9e0b949-404c-4744-9fd1-b32924b271e0,Cluttered floor space around shredder at emergency stairs,The cluttered floor space around shredder at emergency stairs was observed during routine inspection. This presents a potential risk to staff in the area.,2024-12-21 00:00:00,Sanitation,Gasabo Textile Factory,Slip/Trip/Fall,Low,6,1,0
96a6ad5e-0cee-452f-91f9-db38ca548a1a,Wet floor in production floor near checkout counter (Room 138),Report issued by supervisor. The wet floor in production floor near checkout counter (room 138) has been reported by multiple staff members. Recommend temporary closure.,2025-01-20 00:00:00,Warehouse,Huye Power Plant,Slip/Trip/Fall,Low,2,0,0
c81856f4-f9c5-44cd-9093-81ed049fcf28,Unlabeled cleaning agent container at rooftop (Room 148),The unlabeled cleaning agent container at rooftop (room 148) was observed during routine inspection. This presents a potential risk to staff in the area.,2025-06-28 00:00:00,Maintenance,Rubavu Logistics Hub,Chemical,Medium,7,1,1
84e774e5-44c3-4469-9238-460a14efa1d9,Spoiled materials found in chemical storage (Room 162),Report issued by team lead. The spoiled materials found in chemical storage (room 162) has been reported by multiple staff members. Recommend further assessment.,2025-03-04 00:00:00,Packaging,Muhanga Agro-Processing,Biological,High,7,0,0
3d6544e4-af64-4f5b-820c-1c6b8bf59017,Fumes from pesticides near Station 6 (Sector E),"During a walkthrough, staff noticed the fumes from pesticides near station 6 (sector e). No immediate incident occurred but the potential for damage is significant.",2023-07-02 00:00:00,Kitchen,Huye Power Plant,Chemical,Medium,5,1,0
012ad613-4b7d-4a2d-805c-b04ad51fd9bc,Safety violation spotted,The safety violation spotted was observed during routine inspection. This presents a potential risk to staff in the department.,2023-10-15 00:00:00,Workshop,Musanze Mining Corp,Machinery,High,2,1,0
3b6975cf-4558-4932-b8f1-d25d1c5f5c69,Spoiled materials found in canteen (Room 184),Follow-up required on the spoiled materials found in canteen (room 184). The severity is rated as low due to exposure levels.,2025-06-21 00:00:00,Quality Control,Nyagatare Cattle Ranch,Biological,Low,0,1,0
87d22f53-da9a-4611-864a-b6ce7b37e0f7,Stagnant water near main corridor causing Bacterial contamination risk,Follow-up required on the stagnant water near main corridor causing bacterial contamination risk. The danger is rated as medium due to frequency of use.,2024-03-09 00:00:00,Loading Bay,Bugesera Cement Works,Biological,Medium,2,1,0
5f13abe3-cc9f-48cf-9a6c-d3addafe4f04,Faulty pipe on pallet jack near Station 19,,2025-02-15 00:00:00,Security,Rwanda Manufacturing Co,Machinery,Medium,2,1,0
503ecc3e-c405-4aba-8d35-10af65a77e98,Smoke detector malfunctioning in loading dock (Room 112),Report issued by employee. The smoke detector malfunctioning in loading dock (room 112) has been reported by multiple staff members. Recommend temporary closure.,2024-05-06 00:00:00,Quality Control,Bugesera Cement Works,Fire,Critical,5,0,1
eb714ce1-c345-40dd-972a-35af167e92db,Smoke detector malfunctioning in stairwell (Room 171),Staff reported the smoke detector malfunctioning in stairwell (room 171) at approximately 10am. Site inspection confirmed the hazard. No temporary measures taken.,2026-05-08 00:00:00,Warehouse,Huye Power Plant,Fire,Critical,0,0,0
18126f36-c519-4b90-a4aa-45d1b77cdaa3,Insects found in lobby near perimeter fence (Room 148),The insects found in lobby near perimeter fence (room 148) was observed during routine inspection. This presents a potential risk to staff in the department.,2023-09-17 00:00:00,Loading Bay,Musanze Mining Corp,Biological,High,5,1,0
d42bfc97-7f35-45db-acbe-7f7913fbe5a0,Biological waste disposal issue in workshop (Room 104) (similar to report #301),Staff reported the biological waste disposal issue in workshop (room 104) (similar to report #301) at approximately 4pm. Site inspection confirmed the hazard. Warning signs posted.,2023-02-17 00:00:00,Laboratory,Bugesera Cement Works,Slip/Trip/Fall,High,14,0,0
2d034142-0fc5-4a2d-8ac1-13211b9d661d,Faulty fire extinguisher in office (Room 149),Follow-up required on the faulty fire extinguisher in office (room 149). The severity is rated as high due to exposure levels.,2024-04-29 00:00:00,Warehouse,Huye Power Plant,Fire,High,4,0,0
2721887b-aa63-4126-bc5d-b748dcfd4098,Fumes from industrial glue near workbench (Room 194),Report issued by employee. The fumes from industrial glue near workbench (room 194) has been reported by multiple staff members. Recommend review by safety team.,2023-04-14 00:00:00,Sanitation,RSSB Head Office,Chemical,High,7,0,1
b06704e1-9c52-4e9f-b0f1-1e4d641e0544,Cluttered floor space around ventilator at basement,The cluttered floor space around ventilator at basement was observed during routine inspection. This presents a potential risk to staff in the building.,2024-08-08 00:00:00,Office Complex,RSSB Head Office,Slip/Trip/Fall,High,2,0,0
ad9bb909-a60b-40eb-bac6-5da3b3cfa5ae,Blocked emergency route in main corridor (Room 133),This needs fixing urgently.,2025-08-26 00:00:00,Packaging,Huye Power Plant,Fire,Critical,6,0,0
2fb770b6-88df-42f8-b45f-0236a09aa7d2,Flickering lights in perimeter fence near printer,Please investigate.,2024-05-03 00:00:00,Maintenance,Nyagatare Cattle Ranch,Electrical,Critical,1,0,0
45a94cdd-332c-426e-a992-3d47690a70aa,Accumulated flammable material near server rack (Room 190),Report issued by supervisor. The accumulated flammable material near server rack (room 190) has been reported by multiple staff members. Recommend further assessment.,2025-03-09 00:00:00,Warehouse,Musanze Mining Corp,Fire,Critical,2,1,0
c02ac4ae-3c03-4899-8387-6a2a826a93f4,Unsafe operation of HVAC unit in maintenance bay (Room 130),Follow-up required on the unsafe operation of hvac unit in maintenance bay (room 130). The risk is rated as critical due to frequency of use.,2025-11-12 00:00:00,Kitchen,Nyagatare Cattle Ranch,Machinery,Critical,2,0,0
fec6b0f4-2b0b-4400-990d-2c350e51cd99,Fumes from epoxy near Station 13 (Room 114),Follow-up required on the fumes from epoxy near station 13 (room 114). The risk is rated as medium due to proximity to staff.,2023-07-03 00:00:00,Laboratory,Huye Power Plant,Chemical,Medium,0,0,0
3da4b14c-7341-4d99-8d06-b413d366f489,Obstacle in walkway at west exit (Room 160),Report issued by supervisor. The obstacle in walkway at west exit (room 160) has been reported by multiple staff members. Recommend immediate repair.,2026-01-17 00:00:00,Quality Control,Rubavu Logistics Hub,Slip/Trip/Fall,Low,0,1,0
184f2b11-88f3-4771-9c1b-6507102f2f57,Loose carpet in workshop near loading bay (Room 190),This needs fixing urgently.,2024-01-05 00:00:00,Production,Bugesera Cement Works,Slip/Trip/Fall,High,1,0,0
0780c83d-36b3-41d3-bee1-1eb1c2b63ed6,Exposed pipe on air conditioner in lobby (Room 117) (similar to report #2151),"During a walkthrough, staff noticed the exposed pipe on air conditioner in lobby (room 117) (similar to report #2151). No immediate incident occurred but the potential for damage is significant.",2024-12-11 00:00:00,Sanitation,Gasabo Textile Factory,Biological,High,1,0,0
8f1f306a-8c90-43fc-9e8f-cb11ebda41fe,Broken wire on industrial mixer in car park (Room 191),The broken wire on industrial mixer in car park (room 191) was observed during routine inspection. This presents a potential risk to staff in the department.,2023-09-12 00:00:00,Warehouse,RSSB Head Office,Machinery,Critical,10,0,1
d061bbf3-a5df-479c-8134-945010789441,Damaged power cord on server rack at rear exit (Room 187),Staff reported the damaged power cord on server rack at rear exit (room 187) at approximately 2pm. Site inspection confirmed the hazard. No temporary measures taken.,2024-04-13 00:00:00,Loading Bay,Huye Power Plant,Electrical,Critical,0,1,1
ca5bf4d2-5f7e-4592-ad4f-f90b88fc684a,Exposed bearing on server rack in cafeteria (Room 152),,2025-09-28 00:00:00,Quality Control,Nyagatare Cattle Ranch,Electrical,Critical,6,1,1
ea142ff7-925e-455f-b67b-ec157b6e1311,Poorly adjusted chair at Station 16 in chemical storage (Room 109),The poorly adjusted chair at station 16 in chemical storage (room 109) was observed during routine inspection. This presents a potential risk to staff in the department.,2025-10-29 00:00:00,Production,Bugesera Cement Works,Ergonomic,Low,1,0,0
e1c69d2a-c77e-4df7-804c-cdcb9dac190f,Overloaded power outlet near Station 11 (Room 104),The overloaded power outlet near station 11 (room 104) was observed during routine inspection. This presents a potential risk to staff in the department.,2024-10-01 00:00:00,Maintenance,RSSB Head Office,Electrical,Critical,1,0,1
57c51e2a-c323-4739-8894-9ab37505719a,Improper desk height for computer in toilet (Room 191),"During a walkthrough, staff noticed the improper desk height for computer in toilet (room 191). No immediate incident occurred but the potential for harm is significant.",2023-07-27 00:00:00,Warehouse,Nyagatare Cattle Ranch,Ergonomic,Low,2,0,0
bd9b0011-4d20-4f5b-b34f-923dc8458fb3,Accumulated flammable material near microwave (Room 152),Report issued by employee. The accumulated flammable material near microwave (room 152) has been reported by multiple staff members. Recommend review by safety team.,2024-05-13 00:00:00,Kitchen,Nyagatare Cattle Ranch,Fire,High,10,0,1
11488827-4766-4b96-bb5c-60fbe3a4bcc0,Mold growth in cafeteria near east wing (Room 181),Report issued by safety rep. The mold growth in cafeteria near east wing (room 181) has been reported by multiple staff members. Recommend further assessment.,2025-02-23 00:00:00,Warehouse,RSSB Head Office,Biological,Medium,7,1,1
cd5e498b-eaaf-43fa-adde-911c9196e173,Improper desk height for hoist in workshop (Sector G),Staff reported the improper desk height for hoist in workshop (sector g) at approximately 10am. Site inspection confirmed the hazard. Warning signs posted.,2025-11-06 00:00:00,Laboratory,Muhanga Agro-Processing,Ergonomic,High,12,0,0
82f3ff0e-60f9-4934-93dc-7e42440c2238,Blocked fire exit at rooftop near lobby (Room 101),The blocked fire exit at rooftop near lobby (room 101) was observed during routine inspection. This presents a potential risk to staff in the building.,2023-06-13 00:00:00,Security,Bugesera Cement Works,Fire,Critical,3,0,0
56cbae1a-7359-466b-8fee-075f936d093d,Uncontained ammonia near car park (Room 103),"During a walkthrough, staff noticed the uncontained ammonia near car park (room 103). No immediate incident occurred but the potential for injury is significant.",2023-09-04 00:00:00,Administration,RSSB Head Office,Chemical,High,7,0,0
3a6ee650-9aba-4595-ba72-f77245532eda,Repetitive strain risk operating hoist at Station 9,The spoiled materials found in toilet (room 110) was observed during routine inspection. This presents a potential risk to staff in the department.,2026-05-26 00:00:00,Sanitation,Musanze Mining Corp,Ergonomic,Medium,0,0,0
6042e99b-5944-46d2-a278-231f2e6f8224,Obstacle in walkway at receiving dock (Zone 11),Follow-up required on the obstacle in walkway at receiving dock (zone 11). The danger is rated as low due to frequency of use.,2024-12-29 00:00:00,Assembly Line,Musanze Mining Corp,Slip/Trip/Fall,Low,0,1,1
4a516763-1d9b-42a9-b99f-6f9a43f1664f,Spill of solvents near warehouse (Room 103),The spill of solvents near warehouse (room 103) was observed during routine inspection. This presents a potential risk to staff in the area.,2024-12-22 00:00:00,Security,Muhanga Agro-Processing,Chemical,Critical,4,1,0
428550a8-ee60-4c28-b133-86bc8014aa0c,Faulty fire extinguisher in assembly area (Room 119),Report issued by supervisor. The faulty fire extinguisher in assembly area (room 119) has been reported by multiple staff members. Recommend immediate repair.,2023-11-05 00:00:00,Packaging,Bugesera Cement Works,Fire,Critical,3,1,0
71f6f064-4b61-4b7c-96bc-288c5917cd29,Overloaded power outlet near inspection desk (Zone 6),"During a walkthrough, staff noticed the overloaded power outlet near inspection desk (zone 6). No immediate incident occurred but the potential for damage is significant.",2026-03-25 00:00:00,Kitchen,Gasabo Textile Factory,Electrical,Critical,3,0,0
b55349f9-d60e-4e66-9c67-06ba1a5c09d8,Biological waste disposal issue in workshop (Room 103),The biological waste disposal issue in workshop (room 103) was observed during routine inspection. This presents a potential risk to staff in the building.,2025-09-25 00:00:00,Storage Facility,Muhanga Agro-Processing,Biological,High,7,0,1
abc8ad03-4c6f-4b6e-91d7-408b9cef7a43,Blocked fire exit at loading bay near cafeteria (Room 116),,2023-03-28 00:00:00,Loading Bay,Gasabo Textile Factory,Fire,Critical,1,0,0
1684baa6-a773-442a-ab3c-1ddaac340b24,Unsafe operation of forklift in loading dock (Room 128),Follow-up required on the faulty filter on exhaust fan near station 10. The severity is rated as high due to frequency of use.,2026-04-17 00:00:00,Packaging,Muhanga Agro-Processing,Machinery,High,3,0,0
83cb1121-422b-460e-bc2e-76380c011549,Bacterial contamination risk in storage room near main corridor (Zone 10),Report issued by team lead. The bacterial contamination risk in storage room near main corridor (zone 10) has been reported by multiple staff members. Recommend immediate repair.,2024-05-06 00:00:00,Office Complex,Nyagatare Cattle Ranch,Biological,High,5,0,1
8081cdc3-1099-47fc-a0a7-06a508888738,Unsafe operation of pallet jack in toilet (Sector E),"During a walkthrough, staff noticed the unsafe operation of pallet jack in toilet (sector e). No immediate incident occurred but the potential for damage is significant.",2025-08-03 00:00:00,Transport,Bugesera Cement Works,Machinery,Critical,1,1,1
89b1f802-70be-4648-9000-160637f53405,Exposed valve on coffee maker in cafeteria (Room 192),Report issued by supervisor. The exposed valve on coffee maker in cafeteria (room 192) has been reported by multiple staff members. Recommend review by safety team.,2023-06-29 00:00:00,Workshop,Kigali Construction Ltd,Electrical,Critical,7,0,0
63ad27b9-f729-4ad6-b75e-c5fafc6362d3,Repetitive strain risk operating shredder at control panel,Staff reported the repetitive strain risk operating shredder at control panel at approximately 4pm. Site inspection confirmed the hazard. No temporary measures taken.,2023-01-14 00:00:00,Warehouse,Gasabo Textile Factory,Ergonomic,High,12,1,0
abf1dbd6-2dd5-42bb-89c0-82f880d65a86,Biological waste disposal issue in lobby (Room 150),"During a walkthrough, staff noticed the biological waste disposal issue in lobby (room 150). No immediate incident occurred but the potential for injury is significant.",2023-12-11 00:00:00,Laboratory,RSSB Head Office,Biological,High,4,0,1
ce60a769-63ec-4e03-825e-dc2e4f88da39,Flickering lights in east wing near hand truck (similar to report #1856),Report issued by employee. The flickering lights in east wing near hand truck (similar to report #1856) has been reported by multiple staff members. Recommend further assessment.,2023-09-28 00:00:00,Production,Kigali Construction Ltd,Fire,Critical,8,0,1
5e437ad6-c162-4d72-bb44-d6f306ebc753,Blocked emergency route in main corridor (Room 112),"During a walkthrough, staff noticed the blocked emergency route in main corridor (room 112). No immediate incident occurred but the potential for damage is significant.",2024-08-17 00:00:00,Quality Control,Rubavu Logistics Hub,Fire,Critical,9,1,1
68aae19f-4c50-47e5-827c-821f2375be93,Cluttered floor space around server rack at east wing,"During a walkthrough, staff noticed the cluttered floor space around server rack at east wing. No immediate incident occurred but the potential for injury is significant.",2024-11-19 00:00:00,Transport,Bugesera Cement Works,Slip/Trip/Fall,High,3,0,0
9f820b03-fe42-4c08-ad04-4cc9e938baa1,Spoiled materials found in break room (Room 172),The spoiled materials found in break room (room 172) was observed during routine inspection. This presents a potential risk to staff in the area.,2025-03-16 00:00:00,Quality Control,Nyagatare Cattle Ranch,Biological,High,0,1,0
7bee4290-c0b4-44f5-bc7b-a5e32d2a48a1,Sparks observed from grinder in assembly area (Zone 5),Staff reported the sparks observed from grinder in assembly area (zone 5) at approximately 8am. Site inspection confirmed the hazard. Warning signs posted.,2023-03-27 00:00:00,Warehouse,Nyagatare Cattle Ranch,Electrical,High,1,0,0
f6b4300c-6ac2-4198-9859-2f3c7f17485d,Improper storage of lubricant in stairwell (Room 169),The improper storage of lubricant in stairwell (room 169) was observed during routine inspection. This presents a potential risk to staff in the area.,2024-06-11 00:00:00,Quality Control,Gasabo Textile Factory,Chemical,High,0,0,0
a631ff75-c8a7-477f-8793-10bc92157d9c,Broken motor on crane in cafeteria (Room 155),Staff reported the broken motor on crane in cafeteria (room 155) at approximately 10am. Site inspection confirmed the hazard. No temporary measures taken.,2026-02-14 00:00:00,Assembly Line,Rubavu Logistics Hub,Machinery,Medium,3,1,0
784546a6-185c-4bcd-bafe-d1d815541920,Stagnant water near west exit causing Fungal spread,"During a walkthrough, staff noticed the stagnant water near west exit causing fungal spread. No immediate incident occurred but the potential for injury is significant.",2023-02-20 00:00:00,Administration,Muhanga Agro-Processing,Biological,Medium,1,0,0
4ebcce89-b1b6-4a6f-90e5-eca3744747fb,Stagnant water near receiving dock causing Pest infestation,Follow-up required on the stagnant water near receiving dock causing pest infestation. The severity is rated as medium due to frequency of use.,2024-02-02 00:00:00,Office Complex,Rubavu Logistics Hub,Biological,Medium,0,0,0
e7d38b22-612c-4be7-a613-864934f68914,Sparks observed from shredder in car park (Room 147),"During a walkthrough, staff noticed the improper desk height for server rack in maintenance bay (room 117). No immediate incident occurred but the potential for harm is significant.",2024-09-30 00:00:00,Quality Control,Huye Power Plant,Electrical,Critical,2,0,1
7ae2cc8b-f3ce-40b5-a860-744cf6b92d99,Biological waste disposal issue in office (Room 117),Follow-up required on the biological waste disposal issue in office (room 117). The severity is rated as low due to lack of protection.,2024-05-10 00:00:00,Administration,RSSB Head Office,Biological,Low,4,0,0
998d0823-d9e0-4874-b462-455e9cd37595,Unlabeled paint thinner container at east wing (Zone 9),"During a walkthrough, staff noticed the unlabeled paint thinner container at east wing (zone 9). No immediate incident occurred but the potential for injury is significant.",2025-09-13 00:00:00,Assembly Line,Kigali Construction Ltd,Chemical,High,8,1,1
b8fb6e2d-d8f5-4fd0-9972-4ca8ec54a359,Biological waste disposal issue in server room (Room 167) (similar to report #1724),Staff reported the biological waste disposal issue in server room (room 167) (similar to report #1724) at approximately 10am. Site inspection confirmed the hazard. No temporary measures taken.,2026-05-09 00:00:00,Security,Huye Power Plant,Ergonomic,Low,12,1,0
37ba48c4-64c2-4dda-8bc3-6f5f90eec01d,Blocked emergency route in west exit (Room 166),This has been like this for weeks.,2023-05-05 00:00:00,Assembly Line,Rwanda Manufacturing Co,Fire,High,6,0,0
10c5eac3-7965-4b9c-b130-9ed68305fed8,Biological waste disposal issue in workshop (Zone 12),The biological waste disposal issue in workshop (zone 12) was observed during routine inspection. This presents a potential risk to staff in the department.,2025-06-11 00:00:00,Administration,Bugesera Cement Works,Biological,Low,13,0,1
42a1860e-11e6-4d15-a6b2-7db657717983,Improper desk height for boiler in office (Room 134),"During a walkthrough, staff noticed the improper desk height for boiler in office (room 134). No immediate incident occurred but the potential for damage is significant.",2026-01-01 00:00:00,Office Complex,Rubavu Logistics Hub,Ergonomic,Low,1,0,0
8155d5cc-c20d-4d9a-9a8e-322784aa7351,Uneven flooring in lobby near Station 15 (Room 167),"During a walkthrough, staff noticed the uneven flooring in lobby near station 15 (room 167). No immediate incident occurred but the potential for injury is significant.",2025-08-27 00:00:00,Workshop,Huye Power Plant,Slip/Trip/Fall,Low,0,0,0
2761fdfa-fd24-4c6d-bb92-26116fb0e096,Awkward lifting position at basement in workshop (Room 111),This has been like this for weeks.,2025-04-11 00:00:00,Production,Gasabo Textile Factory,Ergonomic,High,2,0,1
914c341f-3ee1-4d24-8d0d-b17905e28df0,Loose carpet in warehouse near rooftop (Sector H),The loose carpet in warehouse near rooftop (sector h) was observed during routine inspection. This presents a potential risk to staff in the department.,2025-12-27 00:00:00,Production,RSSB Head Office,Slip/Trip/Fall,High,11,1,1
d14c82d8-a970-4d33-b324-acf0b1ab7d4d,Faulty pipe on hydraulic press near Station 1,Follow-up required on the faulty pipe on hydraulic press near station 1. The danger is rated as medium due to exposure levels.,2024-05-10 00:00:00,Loading Bay,Rwanda Manufacturing Co,Machinery,Medium,0,0,0
35c1fe6d-c237-4518-830a-f57f33196e51,Biological waste disposal issue in toilet (Room 169),Please investigate.,2026-05-15 00:00:00,Transport,Musanze Mining Corp,Biological,High,1,0,0
97f21dd1-8f56-426a-b746-9fc47d34d4d8,Unlabeled lubricant container at loading bay (Room 151),Follow-up required on the unlabeled lubricant container at loading bay (room 151). The danger is rated as critical due to frequency of use.,2024-07-02 00:00:00,Administration,Musanze Mining Corp,Chemical,Critical,1,0,0
702cbc89-5bf6-42cb-a26d-666b309fa66a,Problem with equipment,Report issued by safety rep. The problem with equipment has been reported by multiple staff members. Recommend temporary closure.,2023-05-30 00:00:00,Kitchen,Bugesera Cement Works,Electrical,Critical,0,0,0
f832ed25-c946-44ab-aec0-9a1919813b8c,Pooling of epoxy near warehouse (Room 110),Report issued by team lead. The pooling of epoxy near warehouse (room 110) has been reported by multiple staff members. Recommend further assessment.,2023-07-07 00:00:00,Assembly Line,Musanze Mining Corp,Chemical,Medium,4,0,1
8cbdce3b-70c4-4a6c-9c9e-3db415c4c7b2,Stagnant water near basement causing Mold growth,"During a walkthrough, staff noticed the stagnant water near basement causing mold growth. No immediate incident occurred but the potential for injury is significant.",2023-11-30 00:00:00,Sanitation,Kigali Construction Ltd,Biological,High,2,0,1
317ee258-5d19-422c-93d0-019a7f1fdb58,Damaged power cord on server rack at perimeter fence (Zone 11),Follow-up required on the damaged power cord on server rack at perimeter fence (zone 11). The severity is rated as critical due to frequency of use.,2023-12-02 00:00:00,Maintenance,Nyagatare Cattle Ranch,Electrical,Critical,5,1,1
4390b56c-0ea6-4062-b81b-bb061a5c4a32,Broken plug on exhaust fan in chemical storage (Room 146),The broken plug on exhaust fan in chemical storage (room 146) was observed during routine inspection. This presents a potential risk to staff in the department.,2024-01-16 00:00:00,Assembly Line,Nyagatare Cattle Ranch,Machinery,High,0,0,0
4c53575a-96a7-4c72-ae96-e2ee65fa64a7,Exposed connector on shredder in corridor (Room 153),Staff reported the exposed connector on shredder in corridor (room 153) at approximately 4pm. Site inspection confirmed the hazard. No temporary measures taken.,2023-03-19 00:00:00,Warehouse,Muhanga Agro-Processing,Electrical,Critical,1,1,1
73c9ae81-6838-4e92-bb58-1161220beec6,Mold growth in storage room near main lobby (Room 117),The mold growth in storage room near main lobby (room 117) was observed during routine inspection. This presents a potential risk to staff in the area.,2023-08-08 00:00:00,Loading Bay,Huye Power Plant,Biological,High,5,0,1
d5923fde-39de-4d6a-8ee6-76c38e291c2b,Strange noise from pump system at rooftop (Room 176),"During a walkthrough, staff noticed the strange noise from pump system at rooftop (room 176). No immediate incident occurred but the potential for damage is significant.",2025-05-06 00:00:00,Quality Control,Rwanda Manufacturing Co,Machinery,High,0,0,1
b7fc7a2c-0de8-4d68-acc6-9ffddc0b944f,Unsafe operation of hydraulic press in corridor (Room 160),The unsafe operation of hydraulic press in corridor (room 160) was observed during routine inspection. This presents a potential risk to staff in the building.,2024-04-24 00:00:00,Storage Facility,Rubavu Logistics Hub,Machinery,Critical,9,0,1
ee47bb28-2170-4540-b814-2a988ebb7847,Pooling of bleach near maintenance bay (Room 188),Staff reported the pooling of bleach near maintenance bay (room 188) at approximately 2pm. Site inspection confirmed the hazard. Tape has been placed.,2026-03-04 00:00:00,Office Complex,Kigali Construction Ltd,Chemical,Critical,4,0,0
c2fecf00-3d94-4931-8837-97bb7ae9c0b0,Faulty switch on forklift near Station 12,The faulty switch on forklift near station 12 was observed during routine inspection. This presents a potential risk to staff in the building.,2025-07-26 00:00:00,Loading Bay,Muhanga Agro-Processing,Machinery,Critical,3,1,0
5a58b4c4-57db-43dd-8afc-40ff3ce09fc7,Strange noise from exhaust fan at front gate (Room 112),Report issued by team lead. The strange noise from exhaust fan at front gate (room 112) has been reported by multiple staff members. Recommend review by safety team.,2025-02-11 00:00:00,Administration,Rwanda Manufacturing Co,Machinery,Critical,8,0,1
7f512db0-6ca2-485a-aab5-84a5a67a58e8,Obstacle in walkway at receiving dock (Zone 10),Report issued by team lead. The obstacle in walkway at receiving dock (zone 10) has been reported by multiple staff members. Recommend temporary closure.,2025-03-15 00:00:00,Laboratory,Nyagatare Cattle Ranch,Slip/Trip/Fall,High,7,1,0
2188e728-18fb-44f1-9589-5b2d20222e37,Improper storage of lubricant in warehouse (Zone 11),This has been like this for weeks.,2024-12-01 00:00:00,Production,Nyagatare Cattle Ranch,Chemical,Medium,3,1,1
2674f141-1c0a-4562-8bb6-69d03e8f30a3,Spilled industrial glue around basement (Room 187),Follow-up required on the spilled industrial glue around basement (room 187). The severity is rated as high due to lack of protection.,2025-05-11 00:00:00,Maintenance,Rubavu Logistics Hub,Chemical,High,7,1,0
95ac3210-fc9f-4a45-8530-7ab2ae5095dd,Unsafe operation of crusher in toilet (Room 142),The unsafe operation of crusher in toilet (room 142) was observed during routine inspection. This presents a potential risk to staff in the area.,2024-05-18 00:00:00,Laboratory,Huye Power Plant,Machinery,Medium,0,1,0
468c3a65-5740-4f23-8b88-ad607f71ff3f,Stagnant water near emergency stairs causing Bacterial contamination risk,The stagnant water near emergency stairs causing bacterial contamination risk was observed during routine inspection. This presents a potential risk to staff in the department.,2024-12-19 00:00:00,Security,Muhanga Agro-Processing,Biological,Medium,0,0,0
44a3fe5e-2f28-4d08-b4e0-ae19a73823de,Stagnant water near main corridor causing Insects found,Staff reported the stagnant water near main corridor causing insects found at approximately 4pm. Site inspection confirmed the hazard. No temporary measures taken.,2025-07-23 00:00:00,Administration,Rwanda Manufacturing Co,Biological,Low,1,0,0
470a7267-af5c-4e51-a500-15623324a335,Improper desk height for grinder in warehouse (Room 131),The improper desk height for grinder in warehouse (room 131) was observed during routine inspection. This presents a potential risk to staff in the building.,2023-05-04 00:00:00,Warehouse,Kigali Construction Ltd,Ergonomic,Medium,9,0,0
d43975ab-58dd-4d10-8a16-fa8a7d95c2e9,Accumulated flammable material near transformer (Room 188),"During a walkthrough, staff noticed the accumulated flammable material near transformer (room 188). No immediate incident occurred but the potential for injury is significant.",2025-12-15 00:00:00,Security,Rubavu Logistics Hub,Fire,Critical,0,0,1
835df4d7-3426-46ce-bd63-9d44fec82522,Loose carpet in canteen near west exit (Room 105),The loose carpet in canteen near west exit (room 105) was observed during routine inspection. This presents a potential risk to staff in the building.,2023-10-30 00:00:00,Workshop,Huye Power Plant,Slip/Trip/Fall,Medium,8,0,0
6d10e4c9-284e-4e52-a914-64f605a2ecd1,Improper storage of bleach in stairwell (Room 165),"During a walkthrough, staff noticed the improper storage of bleach in stairwell (room 165). No immediate incident occurred but the potential for damage is significant.",2025-01-08 00:00:00,Laboratory,Muhanga Agro-Processing,Chemical,Critical,6,0,1
9ab02a0b-76ce-46e7-9395-db290fff3207,Accumulated flammable material near welding machine (Room 109),Can someone look at this?,2023-07-03 00:00:00,Kitchen,Huye Power Plant,Fire,Critical,8,0,0
d47892d7-ec30-404c-b92c-4e834c911994,Fungal spread in corridor near emergency stairs (Room 175),The fungal spread in corridor near emergency stairs (room 175) was observed during routine inspection. This presents a potential risk to staff in the department.,2025-10-17 00:00:00,Storage Facility,Rubavu Logistics Hub,Biological,Low,1,0,0
edfd0efe-66fd-49ca-b891-30c6387e1f45,Awkward lifting position at main lobby in cafeteria (Room 186),I'm concerned about this.,2024-05-23 00:00:00,Maintenance,Rwanda Manufacturing Co,Ergonomic,Low,5,0,1
937173e9-0119-4178-bf74-ae7002e9cf4c,Strange noise from milling machine at basement (Room 119),Follow-up required on the smoke detector malfunctioning in stairwell (room 115). The danger is rated as high due to frequency of use.,2025-08-04 00:00:00,Administration,Nyagatare Cattle Ranch,Machinery,Medium,1,0,0
dcc417cc-5154-49d6-ad88-4753d78d67b9,Spilled lubricant around north entrance (Room 104),Staff reported the spilled lubricant around north entrance (room 104) at approximately 4pm. Site inspection confirmed the hazard. No temporary measures taken.,2023-11-28 00:00:00,Production,Rubavu Logistics Hub,Chemical,Critical,0,0,0
7c9ce43d-b517-4f5b-9d47-80bb22fd2c8e,Spilled liquid in break room near Station 3 (Room 136),Staff reported the spilled liquid in break room near station 3 (room 136) at approximately 2pm. Site inspection confirmed the hazard. Tape has been placed.,2024-01-04 00:00:00,Warehouse,Huye Power Plant,Slip/Trip/Fall,Low,3,0,1
9e2e8c44-8e8d-4f67-8761-ad4e304ad45d,Blocked fire exit at west exit near storage room (Zone 9),Report issued by safety rep. The blocked fire exit at west exit near storage room (zone 9) has been reported by multiple staff members. Recommend immediate repair.,2025-10-04 00:00:00,Quality Control,Nyagatare Cattle Ranch,Fire,Critical,14,1,1
bc02dcac-2f09-4386-824c-ed25ad2f426b,Loose carpet in car park near emergency stairs (Room 118),This needs fixing urgently.,2023-11-15 00:00:00,Kitchen,Bugesera Cement Works,Slip/Trip/Fall,High,6,0,0
ce378646-ca93-4972-b95e-82a9ad0160aa,Spilled industrial glue around perimeter fence (Room 105),The spilled industrial glue around perimeter fence (room 105) was observed during routine inspection. This presents a potential risk to staff in the area.,2024-11-07 00:00:00,Quality Control,Bugesera Cement Works,Chemical,Critical,4,0,0
cb7470af-e029-4dd3-b37c-15c69438a45e,Flickering lights in rear exit near boiler,The flickering lights in rear exit near boiler was observed during routine inspection. This presents a potential risk to staff in the area.,2027-10-04 00:00:00,Loading Bay,Huye Power Plant,Electrical,Critical,5,0,1
b1dad063-9f56-4f06-a42e-b88a9e80fd6c,Blocked fire exit at west exit near lobby (Room 147),This has been like this for weeks.,2024-07-24 00:00:00,Sanitation,Rubavu Logistics Hub,Fire,Critical,0,0,0
7b1118e8-b528-4b2d-83c5-eca2e389a07b,Fumes from epoxy near Station 20 (Room 182),Report issued by team lead. The fumes from epoxy near station 20 (room 182) has been reported by multiple staff members. Recommend immediate repair.,2025-12-21 00:00:00,Laboratory,Nyagatare Cattle Ranch,Chemical,High,4,1,1
89584d98-7f6a-4a91-a920-4f6f2673d85c,Unsafe operation of conveyor belt in loading dock (Room 116),Follow-up required on the unsafe operation of conveyor belt in loading dock (room 116). The severity is rated as high due to exposure levels.,2028-02-14 00:00:00,Production,Bugesera Cement Works,Machinery,High,0,0,0
6a8e726d-8644-4a5d-8416-e215273c739d,Unsafe operation of crane in loading dock (Room 138),"During a walkthrough, staff noticed the unsafe operation of crane in loading dock (room 138). No immediate incident occurred but the potential for injury is significant.",2025-11-28 00:00:00,Kitchen,Rubavu Logistics Hub,Machinery,Medium,4,0,0
b869a758-4a16-43d9-9381-b24efa334974,Unpleasant odor in cafeteria near west exit (Room 192),Staff reported the unpleasant odor in cafeteria near west exit (room 192) at approximately 4pm. Site inspection confirmed the hazard. Warning signs posted.,2023-07-23 00:00:00,Laboratory,Bugesera Cement Works,Biological,High,1,1,0
6aedda81-49bf-4392-ae91-f91cb87e5096,Spoiled materials found in workshop (Sector E) (similar to report #804),The spoiled materials found in workshop (sector e) (similar to report #804) was observed during routine inspection. This presents a potential risk to staff in the department.,2025-04-17 00:00:00,Office Complex,Musanze Mining Corp,Electrical,High,1,0,1
84cc885e-edf9-4459-9988-1ebc5bf1810e,Exposed bearing on conveyor belt at west exit (Room 108),Staff reported the exposed bearing on conveyor belt at west exit (room 108) at approximately 8am. Site inspection confirmed the hazard. No temporary measures taken.,2025-03-23 00:00:00,Laboratory,Nyagatare Cattle Ranch,Machinery,Critical,3,1,0
a4520e4b-3a04-49ad-b10c-105a8fbfecae,Improper storage of epoxy in production floor (Sector A),This needs fixing urgently.,2024-06-20 00:00:00,Storage Facility,Muhanga Agro-Processing,Chemical,Medium,7,0,0
0f804674-6f83-445a-bbbc-49fd0b078e78,Spoiled materials found in canteen (Room 165),Follow-up required on the spoiled materials found in canteen (room 165). The risk is rated as low due to frequency of use.,2025-05-15 00:00:00,Administration,Bugesera Cement Works,Biological,Low,5,0,0
54f99199-d1ea-4f89-a76b-5eba3ffce539,Poorly adjusted chair at Station 18 in workshop (Room 189),Staff reported the stagnant water near main corridor causing insects found at approximately 8am. Site inspection confirmed the hazard. Tape has been placed.,2024-04-06 00:00:00,Warehouse,Kigali Construction Ltd,Ergonomic,High,4,1,0
a63e4e78-b872-4e38-9b22-a4effcca9001,Loose carpet in cafeteria near service elevator (Room 125),Report issued by team lead. The loose carpet in cafeteria near service elevator (room 125) has been reported by multiple staff members. Recommend temporary closure.,2025-10-11 00:00:00,Laboratory,Muhanga Agro-Processing,Slip/Trip/Fall,Medium,2,1,1
427b23f6-6049-477d-b7a9-c67dd577251b,Safety concern reported,Follow-up required on the safety concern reported. The risk is rated as medium due to lack of protection.,2025-11-23 00:00:00,Loading Bay,Nyagatare Cattle Ranch,Chemical,Medium,6,1,1
2c609c02-c92c-486a-a1ad-6846ab448a44,Spoiled materials found in car park (Room 104),"During a walkthrough, staff noticed the spoiled materials found in car park (room 104). No immediate incident occurred but the potential for injury is significant.",2023-06-11 00:00:00,Office Complex,Musanze Mining Corp,Biological,Low,1,1,0
a1afe6ef-3259-4552-9833-46082cfba7e0,Spoiled materials found in production floor (Room 157),Follow-up required on the spoiled materials found in production floor (room 157). The danger is rated as low due to frequency of use.,2023-12-06 00:00:00,Sanitation,Muhanga Agro-Processing,Biological,Low,12,0,0
bc4f96b5-1a94-4af3-a6a2-c1b8ec158047,Awkward lifting position at north entrance in server room (Room 192),"During a walkthrough, staff noticed the awkward lifting position at north entrance in server room (room 192). No immediate incident occurred but the potential for harm is significant.",2023-10-02 00:00:00,Sanitation,Huye Power Plant,Ergonomic,Medium,1,0,0
db78b405-13bf-468e-af79-b063d2d38620,Broken motor on drill press in workshop (Room 196),Staff reported the broken motor on drill press in workshop (room 196) at approximately 10am. Site inspection confirmed the hazard. Tape has been placed.,2025-05-29 00:00:00,Sanitation,Muhanga Agro-Processing,Machinery,Critical,2,0,0
808d38b3-4ba2-420b-b124-98851820862c,Obstacle in walkway at receiving dock (Room 131),Staff reported the obstacle in walkway at receiving dock (room 131) at approximately 2pm. Site inspection confirmed the hazard. Warning signs posted.,2025-10-04 00:00:00,Assembly Line,Huye Power Plant,Slip/Trip/Fall,Low,8,1,1
66473ed2-84f6-4281-b40a-79a34e8f2297,Debris in toilet near Station 19 (Room 145),"During a walkthrough, staff noticed the loose carpet in corridor near receiving dock (room 176). No immediate incident occurred but the potential for injury is significant.",2026-05-19 00:00:00,Laboratory,Rwanda Manufacturing Co,Slip/Trip/Fall,Medium,1,0,1
ba347c61-4f90-4d07-9a2a-bff123accf7e,Exposed bearing on pump system at service elevator (Room 101),"During a walkthrough, staff noticed the exposed bearing on pump system at service elevator (room 101). No immediate incident occurred but the potential for damage is significant.",2025-11-21 00:00:00,Administration,Huye Power Plant,Machinery,High,8,0,0
e19a3b10-7540-49b8-a59b-31477d0e84a2,Spilled ammonia around perimeter fence (Room 183),Report issued by supervisor. The spilled ammonia around perimeter fence (room 183) has been reported by multiple staff members. Recommend further assessment.,2025-12-18 00:00:00,Loading Bay,Kigali Construction Ltd,Chemical,Medium,3,0,1
78059482-9653-4042-807e-ab8dec9a073a,Biological waste disposal issue in car park (Room 108),"During a walkthrough, staff noticed the biological waste disposal issue in car park (room 108). No immediate incident occurred but the potential for harm is significant.",2025-07-15 00:00:00,Packaging,Huye Power Plant,Biological,Medium,8,0,0
9a213233-08a5-4131-b61c-a9ea61544053,Improper desk height for server rack in maintenance bay (Room 117),"During a walkthrough, staff noticed the improper desk height for server rack in maintenance bay (room 117). No immediate incident occurred but the potential for harm is significant.",2025-06-08 00:00:00,Loading Bay,Gasabo Textile Factory,Ergonomic,Medium,1,1,0
b53a91a9-9a77-41be-a9fd-7744033ac60e,Strange noise from bandsaw at service elevator (Room 187),This needs fixing urgently.,2026-01-07 00:00:00,Workshop,Huye Power Plant,Machinery,Medium,5,0,0
bf71ad65-25a7-477c-bc04-2181d5bf9093,Awkward lifting position at front gate in chemical storage (Room 133),Report issued by safety rep. The awkward lifting position at front gate in chemical storage (room 133) has been reported by multiple staff members. Recommend immediate repair.,2025-05-07 00:00:00,Quality Control,Kigali Construction Ltd,Ergonomic,Low,1,0,0
01e20d31-ab38-4a53-8616-ad70fcb4c293,Improper desk height for hoist in loading dock (Room 115),Follow-up required on the improper desk height for hoist in loading dock (room 115). The risk is rated as high due to proximity to staff.,2024-05-11 00:00:00,Storage Facility,Muhanga Agro-Processing,Ergonomic,High,14,1,1
b7df6c11-523d-4d6c-aee5-737b478b4e0d,Awkward lifting position at north entrance in loading dock (Room 153),Report issued by safety rep. The awkward lifting position at north entrance in loading dock (room 153) has been reported by multiple staff members. Recommend temporary closure.,2025-03-30 00:00:00,Loading Bay,Huye Power Plant,Ergonomic,High,11,1,1
8282401a-1453-41ca-a9ef-778525e300b8,Broken bearing on milling machine in chemical storage (Room 132),Staff reported the broken bearing on milling machine in chemical storage (room 132) at approximately 10am. Site inspection confirmed the hazard. No temporary measures taken.,2023-11-20 00:00:00,Warehouse,Nyagatare Cattle Ranch,Machinery,Critical,8,0,0
8d5a6e3b-a05c-4849-8e27-d6fe4e2b871a,Leakage from coolant near break room (Room 187),Follow-up required on the leakage from coolant near break room (room 187). The danger is rated as critical due to frequency of use.,2024-04-04 00:00:00,Production,RSSB Head Office,Chemical,Critical,0,0,1
87b8e9e4-135d-4514-a32a-4e70f4edc802,Rodent sightings in stairwell near front gate (Room 143),Staff reported the rodent sightings in stairwell near front gate (room 143) at approximately 8am. Site inspection confirmed the hazard. Tape has been placed.,2025-08-22 00:00:00,Assembly Line,RSSB Head Office,Biological,Low,7,0,1
3c3bb0d6-aeed-46f0-bf18-d512c81f4406,Blocked emergency route in main lobby (Room 184),Follow-up required on the blocked emergency route in main lobby (room 184). The risk is rated as critical due to proximity to staff.,2024-06-09 00:00:00,Security,Rubavu Logistics Hub,Fire,Critical,0,1,0
965dcac1-835d-4c4a-bd1d-1d1bedd58410,Awkward lifting position at loading bay in break room (Room 169),Staff reported the awkward lifting position at loading bay in break room (room 169) at approximately 4pm. Site inspection confirmed the hazard. Tape has been placed.,2024-11-19 00:00:00,Assembly Line,Musanze Mining Corp,Ergonomic,High,6,0,1
b7408b5a-f9ae-4a09-9bd1-258a80003fd2,Flickering lights in loading bay near computer,Follow-up required on the flickering lights in loading bay near computer. The risk is rated as high due to lack of protection.,2024-09-15 00:00:00,Security,Muhanga Agro-Processing,Electrical,High,5,1,0
df90336f-ef04-4983-b221-1db5ea720d45,Insects found in loading dock near north entrance (Room 169),Follow-up required on the insects found in loading dock near north entrance (room 169). The severity is rated as high due to proximity to staff.,2024-11-06 00:00:00,Administration,Huye Power Plant,Biological,High,0,0,0
9a012e79-b37e-4f54-aa7e-7068663e59aa,Improper desk height for hand truck in storage room (Sector H),"During a walkthrough, staff noticed the improper desk height for hand truck in storage room (sector h). No immediate incident occurred but the potential for damage is significant.",2023-07-07 00:00:00,Administration,Rwanda Manufacturing Co,Ergonomic,High,5,0,0
18da8800-43b1-4ada-b4f7-1c296c5f5f37,Improperly stored solvents near corridor (Room 159),The improperly stored solvents near corridor (room 159) was observed during routine inspection. This presents a potential risk to staff in the building.,2024-12-30 00:00:00,Office Complex,Rwanda Manufacturing Co,Chemical,Medium,1,0,1
c755a8a9-7abb-472e-b78b-4eb8dd746213,Exposed guard on compressor at basement (Room 111),Follow-up required on the exposed guard on compressor at basement (room 111). The danger is rated as low due to exposure levels.,2023-07-04 00:00:00,Production,Huye Power Plant,Machinery,Low,0,0,0
0487d8af-7fff-426d-b578-5a7173f55206,Blocked emergency route in service elevator (Room 123),Staff reported the blocked emergency route in service elevator (room 123) at approximately 4pm. Site inspection confirmed the hazard. Warning signs posted.,2025-04-21 00:00:00,Transport,Bugesera Cement Works,Fire,Critical,15,0,1
c8d3f61d-9822-4c5c-9f3a-8c70c4ca6c51,Safety violation spotted,"During a walkthrough, staff noticed the safety violation spotted. No immediate incident occurred but the potential for harm is significant.",2023-02-04 00:00:00,Laboratory,Kigali Construction Ltd,Biological,High,1,1,1
6cff0afd-2fd8-47ff-885e-c6ce53f78981,Overloaded power outlet near Station 16 (Room 119),Report issued by safety rep. The overloaded power outlet near station 16 (room 119) has been reported by multiple staff members. Recommend further assessment.,2026-05-02 00:00:00,Security,Rubavu Logistics Hub,Electrical,Critical,1,1,0
c9b71ee4-4ab5-4115-bce6-568cdc3901ce,Obstacle in walkway at west exit (Sector E),"During a walkthrough, staff noticed the obstacle in walkway at west exit (sector e). No immediate incident occurred but the potential for injury is significant.",2023-02-09 00:00:00,Production,Huye Power Plant,Slip/Trip/Fall,High,2,0,0
34c78ed2-c2f9-4827-8cc6-a4c7aa4d9364,Improper desk height for boiler in production floor (Room 179),Report issued by safety rep. The improper desk height for boiler in production floor (room 179) has been reported by multiple staff members. Recommend further assessment.,2023-10-07 00:00:00,Packaging,Huye Power Plant,Ergonomic,Low,7,1,0
12eafabb-8e10-47ae-b43b-65d65797807c,Loose tiles in workshop near Station 14 (Room 103),Follow-up required on the overloaded power outlet near station 7 (zone 1). The danger is rated as medium due to proximity to staff.,2024-03-16 00:00:00,Storage Facility,Nyagatare Cattle Ranch,Slip/Trip/Fall,Low,4,1,0
44900a04-2549-4a9e-a4d8-2f6f73fcb0a1,Overloaded power outlet near assembly line (Room 103),The overloaded power outlet near assembly line (room 103) was observed during routine inspection. This presents a potential risk to staff in the building.,2025-12-05 00:00:00,Security,Huye Power Plant,Electrical,High,7,0,1
758ae10d-34a3-45ee-8500-08b7fe58547b,Faulty fire extinguisher in cafeteria (Room 191),The faulty fire extinguisher in cafeteria (room 191) was observed during routine inspection. This presents a potential risk to staff in the area.,2025-08-12 00:00:00,Kitchen,Kigali Construction Ltd,Fire,Critical,7,0,0
4dcdcab4-7c7d-44bb-b730-4ac00b94bf62,Obstacle in walkway at main lobby (Room 163),"During a walkthrough, staff noticed the obstacle in walkway at main lobby (room 163). No immediate incident occurred but the potential for damage is significant.",2023-10-21 00:00:00,Workshop,Huye Power Plant,Slip/Trip/Fall,Medium,0,1,0
dfc12f4e-964f-45bd-b139-498823822d6e,Faulty belt on CNC machine near assembly line,The faulty belt on cnc machine near assembly line was observed during routine inspection. This presents a potential risk to staff in the department.,2025-12-14 00:00:00,Kitchen,Gasabo Textile Factory,Machinery,High,3,1,1
a0193eda-75f8-4ec9-9389-3444c2f205e3,Blocked fire exit at west exit near storage room (Room 138),"During a walkthrough, staff noticed the blocked fire exit at west exit near storage room (room 138). No immediate incident occurred but the potential for injury is significant.",2023-10-17 00:00:00,Kitchen,Gasabo Textile Factory,Fire,High,3,0,1
f6184901-19ac-4517-8e5e-42f045a8148d,Cluttered floor space around transformer at south wing,Report issued by employee. The cluttered floor space around transformer at south wing has been reported by multiple staff members. Recommend immediate repair.,2025-04-07 00:00:00,Sanitation,Bugesera Cement Works,Slip/Trip/Fall,Medium,0,0,0
8bba03bf-e122-4356-a43f-1f164dcf4c55,Blocked fire exit at main corridor near stairwell (Room 180),Staff reported the blocked fire exit at main corridor near stairwell (room 180) at approximately 4pm. Site inspection confirmed the hazard. Warning signs posted.,2025-12-20 00:00:00,Sanitation,Gasabo Textile Factory,Fire,Critical,0,1,1
4ed02acd-199d-459f-ae64-e8971acb63e2,Blocked emergency route in south wing (Zone 4),"During a walkthrough, staff noticed the blocked emergency route in south wing (zone 4). No immediate incident occurred but the potential for injury is significant.",2023-07-29 00:00:00,Production,Kigali Construction Ltd,Fire,Critical,4,1,1
991578ca-8a1c-485a-9d5f-f2e1af105771,Repetitive strain risk operating boiler at inspection desk (similar to report #455),"During a walkthrough, staff noticed the repetitive strain risk operating boiler at inspection desk (similar to report #455). No immediate incident occurred but the potential for damage is significant.",2023-07-05 00:00:00,Packaging,Bugesera Cement Works,Chemical,Critical,0,0,0
581125e0-c32c-4bb5-ba33-6c395fa6c2dd,Flickering lights in front gate near welding machine,,2023-02-26 00:00:00,Assembly Line,Gasabo Textile Factory,Electrical,Medium,8,1,1
9e1082f2-e07c-44c9-b51d-f395a90c3e72,Uneven flooring in maintenance bay near Station 2 (Room 189),Follow-up required on the uneven flooring in maintenance bay near station 2 (room 189). The danger is rated as medium due to frequency of use.,2024-05-02 00:00:00,Production,Gasabo Textile Factory,Slip/Trip/Fall,Medium,2,0,0
fe908a76-246a-432e-bc27-74d73628ae9b,Blocked fire exit at north entrance near storage room (Sector F),Report issued by team lead. The blocked fire exit at north entrance near storage room (sector f) has been reported by multiple staff members. Recommend review by safety team.,2023-02-24 00:00:00,Loading Bay,RSSB Head Office,Fire,Critical,9,0,0
a406a9ac-86f7-4c19-9b4e-488b1ed32174,Fumes from coolant near Station 8 (Room 196),Staff reported the fumes from coolant near station 8 (room 196) at approximately 10am. Site inspection confirmed the hazard. No temporary measures taken.,2026-01-10 00:00:00,Warehouse,Bugesera Cement Works,Chemical,Critical,0,1,0
e49b021e-82bd-43cd-a01c-94178ab5b773,Repetitive strain risk operating server rack at dispatch area,"During a walkthrough, staff noticed the repetitive strain risk operating server rack at dispatch area. No immediate incident occurred but the potential for harm is significant.",2025-06-16 00:00:00,Workshop,Huye Power Plant,Ergonomic,Medium,0,0,1
87867539-8c39-49f3-aaec-d67d3e80cb12,Sparks observed from hoist in cafeteria (Zone 12),"During a walkthrough, staff noticed the sparks observed from hoist in cafeteria (zone 12). No immediate incident occurred but the potential for injury is significant.",2023-10-08 00:00:00,Production,Rubavu Logistics Hub,Electrical,Critical,1,1,1
eae79816-d32e-4cb6-a973-9ff3fa3c9396,Exposed panel on computer in office (Zone 10),"During a walkthrough, staff noticed the exposed panel on computer in office (zone 10). No immediate incident occurred but the potential for injury is significant.",2025-12-15 00:00:00,Packaging,Musanze Mining Corp,Electrical,Critical,4,0,0
b686b71c-b0d6-4791-837c-4d556576d1f1,Loose carpet in storage room near receiving dock (Room 105),Report issued by safety rep. The loose carpet in storage room near receiving dock (room 105) has been reported by multiple staff members. Recommend further assessment.,2024-03-07 00:00:00,Workshop,RSSB Head Office,Slip/Trip/Fall,Low,0,0,0
cbe2d83f-6557-416d-a4e3-715ea3e0042f,Biological waste disposal issue in chemical storage (Room 171),"During a walkthrough, staff noticed the biological waste disposal issue in chemical storage (room 171). No immediate incident occurred but the potential for harm is significant.",2026-01-23 00:00:00,Office Complex,Huye Power Plant,Biological,Low,0,0,0
fc47eac8-378d-4b35-8747-8fd4a6255042,Sparks observed from hand truck in warehouse (Zone 5),,2025-08-22 00:00:00,Security,Muhanga Agro-Processing,Electrical,High,6,0,0
75796011-a8cd-4ebb-8957-5ec4058c44b0,Spilled solvents around emergency stairs (Room 143),This needs fixing urgently.,2026-01-14 00:00:00,Workshop,Musanze Mining Corp,Chemical,High,4,0,0
d9a7dcd5-5a84-402c-a3a7-cf6d269c7b7e,Repetitive strain risk operating transformer at Station 1,Staff reported the repetitive strain risk operating transformer at station 1 at approximately 10am. Site inspection confirmed the hazard. Warning signs posted.,2025-05-15 00:00:00,Storage Facility,RSSB Head Office,Ergonomic,Medium,7,0,0
d10711a0-4a73-4301-938a-243cd243bd92,Broken display on exhaust fan in toilet (Room 164),The broken display on exhaust fan in toilet (room 164) was observed during routine inspection. This presents a potential risk to staff in the department.,2025-06-28 00:00:00,Security,Nyagatare Cattle Ranch,Machinery,High,1,1,0
35856b28-1bde-42d2-900c-bb955b17604a,Unsafe operation of crusher in corridor (Room 152),The unsafe operation of crusher in corridor (room 152) was observed during routine inspection. This presents a potential risk to staff in the area.,2025-11-29 00:00:00,Packaging,Huye Power Plant,Machinery,High,4,1,0
c51547e6-817b-4f2b-8f5d-f9242516bb54,Exposed casing on welding station at rooftop (Room 132),The exposed casing on welding station at rooftop (room 132) was observed during routine inspection. This presents a potential risk to staff in the building.,2026-04-25 00:00:00,Security,Bugesera Cement Works,Machinery,Critical,1,1,0
22a90258-d96e-47bf-ba41-4e3ab891f789,Broken valve on CNC machine in car park (Room 171),Staff reported the broken valve on cnc machine in car park (room 171) at approximately 4pm. Site inspection confirmed the hazard. Tape has been placed.,2025-01-29 00:00:00,Transport,Musanze Mining Corp,Machinery,Critical,2,0,0
29e4a394-9f3b-43c4-9857-f9b69fd8a9c9,Strange noise from motor at receiving dock (Room 195),Staff reported the strange noise from motor at receiving dock (room 195) at approximately 4pm. Site inspection confirmed the hazard. Tape has been placed.,2024-02-17 00:00:00,Storage Facility,Huye Power Plant,Machinery,Medium,1,1,0
3fd23baf-0686-4b3e-b576-45f9f0132cc0,Awkward lifting position at perimeter fence in toilet (Room 177),Staff reported the awkward lifting position at perimeter fence in toilet (room 177) at approximately 4pm. Site inspection confirmed the hazard. No temporary measures taken.,2026-05-07 00:00:00,Kitchen,Musanze Mining Corp,Ergonomic,Low,1,0,0
3438bb5e-28cd-4592-8cee-eb602ccbbc77,Bacterial contamination risk in maintenance bay near south wing (Room 177),,2023-11-22 00:00:00,Storage Facility,Bugesera Cement Works,Biological,High,10,0,1
3b46400d-fda0-4ecb-bd88-618fc6555222,Obstacle in walkway at south wing (Room 194) (similar to report #1990),Report issued by safety rep. The obstacle in walkway at south wing (room 194) (similar to report #1990) has been reported by multiple staff members. Recommend review by safety team.,2023-07-19 00:00:00,Sanitation,Kigali Construction Ltd,Slip/Trip/Fall,Low,5,0,1
5d6afa34-8a7e-4bc4-8109-8e5234658d1a,Odor from coolant near storage room (Room 194),Staff reported the odor from coolant near storage room (room 194) at approximately 2pm. Site inspection confirmed the hazard. No temporary measures taken.,2023-07-19 00:00:00,Packaging,Bugesera Cement Works,Chemical,Medium,3,0,0
4178630d-e762-498b-bff9-da5b80c12b60,Stagnant water near service elevator causing Pest infestation,Staff reported the stagnant water near service elevator causing pest infestation at approximately 4pm. Site inspection confirmed the hazard. Warning signs posted.,2023-09-17 00:00:00,Packaging,Kigali Construction Ltd,Biological,Medium,6,1,0
efba8ebd-a574-4081-b564-5dc87595cc5d,Awkward lifting position at south wing in warehouse (Room 180),,2024-10-02 00:00:00,Security,Gasabo Textile Factory,Ergonomic,Medium,1,0,0
adb78e65-ba12-4bef-bfa1-a85da5a6d141,Safety concern reported,Staff reported the safety concern reported at approximately 8am. Site inspection confirmed the hazard. Tape has been placed.,2024-01-02 00:00:00,Production,Muhanga Agro-Processing,Machinery,Medium,3,0,0
5ba8a739-5d69-4594-8c3a-f49b9ac630a0,Blocked emergency route in basement (Room 177),Report issued by supervisor. The blocked emergency route in basement (room 177) has been reported by multiple staff members. Recommend temporary closure.,2023-06-07 00:00:00,Workshop,Nyagatare Cattle Ranch,Fire,High,0,0,1
93ad336d-3e8b-4e6e-8567-e7bb2a693de3,Unlabeled acids container at emergency stairs (Room 132),"During a walkthrough, staff noticed the poorly adjusted chair at station 16 in corridor (sector d). No immediate incident occurred but the potential for injury is significant.",2024-03-29 00:00:00,Packaging,Nyagatare Cattle Ranch,Chemical,Medium,1,0,0
842d3891-0f31-4783-8694-3a22c4e0655e,Stagnant water near rooftop causing Insects found,Follow-up required on the stagnant water near rooftop causing insects found. The danger is rated as medium due to lack of protection.,2023-03-06 00:00:00,Office Complex,Huye Power Plant,Biological,Medium,1,0,0
e39bd18f-ee93-4f62-8d1c-fbf33d7bf2c1,Faulty plug on generator near Station 3,Can someone look at this?,2024-08-08 00:00:00,Loading Bay,Bugesera Cement Works,Machinery,Medium,3,0,0
91ea8904-18c2-43fc-97a7-a8fa42b2e41c,Blocked emergency route in south wing (Sector C),The blocked emergency route in south wing (sector c) was observed during routine inspection. This presents a potential risk to staff in the department.,2023-11-24 00:00:00,Maintenance,RSSB Head Office,Fire,Critical,10,0,1
3f6ea9fb-81b2-4d52-a0ee-edb163b2c5d2,Biological waste disposal issue in toilet (Room 152),"During a walkthrough, staff noticed the biological waste disposal issue in toilet (room 152). No immediate incident occurred but the potential for harm is significant.",2025-11-29 00:00:00,Assembly Line,Musanze Mining Corp,Biological,High,0,1,1
00dadcef-06a6-42af-b1c9-c9fd413d83eb,Awkward lifting position at receiving dock in warehouse (Room 125),The awkward lifting position at receiving dock in warehouse (room 125) was observed during routine inspection. This presents a potential risk to staff in the department.,2023-10-03 00:00:00,Kitchen,Bugesera Cement Works,Ergonomic,Low,2,0,0
8b69ec69-530e-44d8-80a7-8e8b19ef2184,Improper storage of paint thinner in loading dock (Room 138),The improper storage of paint thinner in loading dock (room 138) was observed during routine inspection. This presents a potential risk to staff in the area.,2026-04-05 00:00:00,Maintenance,Gasabo Textile Factory,Chemical,High,2,1,1
432b5c41-2a86-419e-a6b5-8877832d562e,Pest infestation in storage room near rear exit (Room 150),Follow-up required on the pest infestation in storage room near rear exit (room 150). The risk is rated as medium due to proximity to staff.,2023-09-26 00:00:00,Office Complex,Rubavu Logistics Hub,Biological,Medium,14,0,0
2741a568-f8aa-4a60-9af3-9cf36650d481,Tripping hazard in loading dock near Station 5 (Sector G),Report issued by team lead. The tripping hazard in loading dock near station 5 (sector g) has been reported by multiple staff members. Recommend review by safety team.,2025-11-24 00:00:00,Sanitation,Gasabo Textile Factory,Slip/Trip/Fall,High,0,0,0
a631fc80-5a2b-4028-9cd6-77ba374772ba,Overloaded power outlet near Station 9 (Room 179),"During a walkthrough, staff noticed the overloaded power outlet near station 9 (room 179). No immediate incident occurred but the potential for damage is significant.",2026-04-26 00:00:00,Assembly Line,Rwanda Manufacturing Co,Electrical,Low,8,1,1
6f4a2ceb-01c0-45e2-960c-2bec3f1665ce,Accumulated flammable material near transformer (Room 165),Staff reported the accumulated flammable material near transformer (room 165) at approximately 4pm. Site inspection confirmed the hazard. Warning signs posted.,2023-07-15 00:00:00,Laboratory,RSSB Head Office,Fire,Critical,4,1,1
3fc3c36e-28e1-4118-9977-549c8fa9a603,Mold growth in maintenance bay near loading bay (Room 142),The mold growth in maintenance bay near loading bay (room 142) was observed during routine inspection. This presents a potential risk to staff in the building.,2025-02-03 00:00:00,Laboratory,Huye Power Plant,Biological,Medium,1,0,0
a2ef0d9b-5cbf-478c-afd3-3515aaca0698,Exposed filter on CNC machine at emergency stairs (Room 198),"During a walkthrough, staff noticed the exposed filter on cnc machine at emergency stairs (room 198). No immediate incident occurred but the potential for damage is significant.",2024-03-17 00:00:00,Security,Rwanda Manufacturing Co,Machinery,Critical,6,1,1
14501e13-6bff-46b8-9453-d165d4cfc654,Unlabeled degreaser container at emergency stairs (Room 136),I'm concerned about this.,2023-08-15 00:00:00,Quality Control,Huye Power Plant,Chemical,Critical,13,0,1
e992d2f1-b0d4-416c-a933-68299cfc189e,Obstacle in walkway at basement (Room 105),Staff reported the flickering lights in east wing near grinder at approximately 2pm. Site inspection confirmed the hazard. Warning signs posted.,2024-07-22 00:00:00,Workshop,Rubavu Logistics Hub,Slip/Trip/Fall,Low,8,0,0
2f2dda6d-d802-4b2e-8811-2b92f0683da1,Improper storage of lubricant in loading dock (Room 106),Staff reported the improper storage of lubricant in loading dock (room 106) at approximately 8am. Site inspection confirmed the hazard. Warning signs posted.,2024-09-29 00:00:00,Office Complex,Gasabo Textile Factory,Chemical,Medium,4,1,0
210671a2-ce1b-4215-91e2-e8e43b791da4,Blocked emergency route in west exit (Room 103),Follow-up required on the blocked emergency route in west exit (room 103). The danger is rated as high due to lack of protection.,2026-02-11 00:00:00,Maintenance,Gasabo Textile Factory,Fire,High,0,0,1
3738ab89-3c6e-4763-8cf8-8fbf72700264,Poorly adjusted chair at packing station in office (Room 173),Staff reported the poorly adjusted chair at packing station in office (room 173) at approximately 8am. Site inspection confirmed the hazard. Warning signs posted.,2025-05-17 00:00:00,Production,Gasabo Textile Factory,Ergonomic,High,0,1,0
c274e38b-768a-403e-9486-4ee72ec29671,Oil spill in assembly area near dispatch area (Sector A),,2025-06-04 00:00:00,Production,Huye Power Plant,Slip/Trip/Fall,High,6,0,0
d95fc966-9365-4cb5-aa77-05e422ff7566,Exposed sensor on exhaust fan at emergency stairs (Room 156),Report issued by team lead. The exposed sensor on exhaust fan at emergency stairs (room 156) has been reported by multiple staff members. Recommend immediate repair.,2025-08-25 00:00:00,Security,Rubavu Logistics Hub,Machinery,Critical,0,0,1
21387b51-6893-4a65-85bf-359ca4d8ab22,Repetitive strain risk operating hoist at Station 4,"During a walkthrough, staff noticed the repetitive strain risk operating hoist at station 4. No immediate incident occurred but the potential for damage is significant.",2024-02-19 00:00:00,Quality Control,Bugesera Cement Works,Ergonomic,High,0,0,1
043fa632-291a-4bae-8f27-ca7d617adcd0,Flickering lights in rooftop near welding machine,"During a walkthrough, staff noticed the flickering lights in rooftop near welding machine. No immediate incident occurred but the potential for damage is significant.",2026-09-19 00:00:00,Laboratory,Huye Power Plant,Electrical,High,1,1,1
0d0b9405-26b8-4927-a8bf-27b647fd2763,Stagnant water near rooftop causing Mold growth,The stagnant water near rooftop causing mold growth was observed during routine inspection. This presents a potential risk to staff in the area.,2026-02-12 00:00:00,Assembly Line,Musanze Mining Corp,Biological,Medium,3,0,0
6a41a6e6-5486-4602-9a3f-2f38d707f4ea,Icy patch in workshop near dispatch area (Room 156),"During a walkthrough, staff noticed the icy patch in workshop near dispatch area (room 156). No immediate incident occurred but the potential for harm is significant.",2025-03-26 00:00:00,Production,Muhanga Agro-Processing,Slip/Trip/Fall,Critical,1,0,1
7f8ac991-f578-4e14-b204-e444837a06b3,Blocked fire exit at north entrance near production floor (Room 180),Staff reported the blocked fire exit at north entrance near production floor (room 180) at approximately 4pm. Site inspection confirmed the hazard. Tape has been placed.,2023-11-18 00:00:00,Transport,Muhanga Agro-Processing,Fire,Critical,7,1,1
bf91484f-9141-440d-9d18-9f60cddca803,Blocked fire exit at west exit near canteen (Room 178),The blocked fire exit at west exit near canteen (room 178) was observed during routine inspection. This presents a potential risk to staff in the building.,2027-09-07 00:00:00,Sanitation,RSSB Head Office,Fire,Critical,0,0,0
d4643979-cd9b-4f24-8e99-7557ff87ea60,Improper desk height for welding machine in canteen (Room 186),Staff reported the improper desk height for welding machine in canteen (room 186) at approximately 2pm. Site inspection confirmed the hazard. Warning signs posted.,2023-12-12 00:00:00,Storage Facility,Rwanda Manufacturing Co,Ergonomic,High,0,0,1
2fbc3cbc-ae40-479d-b843-da0c39a83436,Sparks observed from transformer in loading dock (Room 125),Follow-up required on the sparks observed from transformer in loading dock (room 125). The risk is rated as critical due to exposure levels.,2023-07-15 00:00:00,Production,Rubavu Logistics Hub,Electrical,Critical,1,1,1
fcfe3abf-2581-437f-9df2-c30024bbdf07,Cluttered floor space around air conditioner at rear exit,This has been like this for weeks.,2025-05-27 00:00:00,Maintenance,Muhanga Agro-Processing,Slip/Trip/Fall,Low,2,0,0
e96e1e25-23fa-4e3f-8844-44c4d84dd62a,Flickering lights in receiving dock near hoist,"During a walkthrough, staff noticed the flickering lights in receiving dock near hoist. No immediate incident occurred but the potential for injury is significant.",2023-03-11 00:00:00,Office Complex,Bugesera Cement Works,Electrical,Critical,11,1,1
114ca915-6611-4bba-b182-6a1693c64bbe,Repetitive strain risk operating ventilator at checkout counter,Staff reported the spilled ammonia around basement (room 130) at approximately 4pm. Site inspection confirmed the hazard. Warning signs posted.,2026-01-07 00:00:00,Security,RSSB Head Office,Ergonomic,Medium,8,0,0
7b7663f7-83cf-4e7f-a3b6-38a9447d22f8,Awkward lifting position at front gate in production floor (Room 125),,2025-03-27 00:00:00,Packaging,Kigali Construction Ltd,Ergonomic,High,0,0,0
4138608a-918a-4d32-8daf-90381383adb1,Faulty sensor on drill press near Station 18,Staff reported the faulty sensor on drill press near station 18 at approximately 4pm. Site inspection confirmed the hazard. Tape has been placed.,2027-02-24 00:00:00,Assembly Line,Nyagatare Cattle Ranch,Machinery,Critical,3,0,1
4724e498-d3f3-4d4e-840c-35ad8ba65d93,Overloaded power outlet near Station 7 (Room 146),The overloaded power outlet near station 7 (room 146) was observed during routine inspection. This presents a potential risk to staff in the building.,2025-08-25 00:00:00,Loading Bay,Muhanga Agro-Processing,Electrical,High,9,0,1
c456d1a2-dd5b-42b1-8da0-0b1cd848c9d8,Flickering lights in north entrance near shredder,Please investigate.,2024-09-15 00:00:00,Maintenance,Bugesera Cement Works,Electrical,Critical,2,1,1
84b350e6-c1c4-4077-a4ef-f123390d9044,Awkward lifting position at loading bay in warehouse (Sector G),"During a walkthrough, staff noticed the awkward lifting position at loading bay in warehouse (sector g). No immediate incident occurred but the potential for damage is significant.",2024-03-01 00:00:00,Maintenance,Muhanga Agro-Processing,Ergonomic,Medium,5,0,0
cf9a5709-8b7e-46cd-9575-f14f22e19f34,Exposed casing on shredder in stairwell (Room 129),Report issued by team lead. The exposed casing on shredder in stairwell (room 129) has been reported by multiple staff members. Recommend further assessment.,2026-01-29 00:00:00,Transport,Gasabo Textile Factory,Electrical,Critical,0,0,1
69a8c6da-c05e-4e57-8d77-c51536bb99fb,Cluttered floor space around hand truck at emergency stairs,Staff reported the biological waste disposal issue in toilet (room 142) (similar to report #458) at approximately 4pm. Site inspection confirmed the hazard. No temporary measures taken.,2025-12-31 00:00:00,Security,Kigali Construction Ltd,Slip/Trip/Fall,Medium,9,0,0
ef37f115-33a9-4ee0-b67d-e17cb1d94fc2,Faulty casing on conveyor belt near Station 9,"During a walkthrough, staff noticed the faulty casing on conveyor belt near station 9. No immediate incident occurred but the potential for damage is significant.",2023-07-03 00:00:00,Warehouse,RSSB Head Office,Machinery,Critical,7,0,0
6d9e2963-a8c2-409a-ae93-626b135b0dd6,Exposed gear on ventilator in corridor (Room 181),"During a walkthrough, staff noticed the exposed gear on ventilator in corridor (room 181). No immediate incident occurred but the potential for injury is significant.",2024-01-03 00:00:00,Security,Gasabo Textile Factory,Electrical,Critical,10,0,0
2f73d340-8dcf-43ca-9749-cb6300422a73,Accumulated flammable material near hoist (Room 178),"During a walkthrough, staff noticed the accumulated flammable material near hoist (room 178). No immediate incident occurred but the potential for harm is significant.",2023-06-03 00:00:00,Loading Bay,Bugesera Cement Works,Fire,Critical,6,1,0
972d1c4d-0ea2-43a4-8dbe-5546445a5918,Sparks observed from shredder in office (Room 140),Staff reported the sparks observed from shredder in office (room 140) at approximately 10am. Site inspection confirmed the hazard. Tape has been placed.,2024-04-01 00:00:00,Kitchen,Bugesera Cement Works,Electrical,Critical,12,0,0
9af8cdc0-064b-4d69-8814-54d33d26767c,Blocked emergency route in main lobby (Room 150),Report issued by supervisor. The blocked emergency route in main lobby (room 150) has been reported by multiple staff members. Recommend further assessment.,2024-04-02 00:00:00,Maintenance,Rwanda Manufacturing Co,Fire,Critical,0,0,0
363bb880-2669-4b9a-9203-d4352703dc13,Bacterial contamination risk in production floor near west exit (Room 160),Report issued by employee. The bacterial contamination risk in production floor near west exit (room 160) has been reported by multiple staff members. Recommend temporary closure.,2024-12-22 00:00:00,Security,RSSB Head Office,Biological,Medium,10,1,0
4e854063-ecec-49ae-ac1c-e1ead1778f81,Improper desk height for coffee maker in assembly area (Zone 4),Report issued by employee. The improper desk height for coffee maker in assembly area (zone 4) has been reported by multiple staff members. Recommend immediate repair.,2023-11-23 00:00:00,Workshop,Kigali Construction Ltd,Ergonomic,High,0,0,0
1ec3898a-d883-43ff-ab8b-474149f84956,Damaged power cord on microwave at emergency stairs (Room 124),The damaged power cord on microwave at emergency stairs (room 124) was observed during routine inspection. This presents a potential risk to staff in the area.,2026-03-26 00:00:00,Kitchen,Rubavu Logistics Hub,Electrical,High,6,0,1
b0636683-b776-4a46-a040-33a5b5a8506f,Exposed guard on microwave in lobby (Room 158),Staff reported the flickering lights in service elevator near air conditioner at approximately 4pm. Site inspection confirmed the hazard. Tape has been placed.,2024-06-20 00:00:00,Production,Musanze Mining Corp,Electrical,Critical,4,0,0
f1d5ea80-b9fa-4301-9e8d-c35d4afc8625,Broken display on pallet jack in stairwell (Sector F),Staff reported the broken display on pallet jack in stairwell (sector f) at approximately 2pm. Site inspection confirmed the hazard. Tape has been placed.,2025-11-16 00:00:00,Loading Bay,Musanze Mining Corp,Machinery,High,2,1,0
77c9cff2-b26f-431b-8bb1-b56e28a7e4f5,Spoiled materials found in loading dock (Room 166),The spoiled materials found in loading dock (room 166) was observed during routine inspection. This presents a potential risk to staff in the area.,2024-03-31 00:00:00,Kitchen,RSSB Head Office,Biological,Medium,12,1,0
b2da8f68-df80-4f31-be24-8124e77f9206,Fumes from industrial glue near Station 18 (Room 126),Report issued by safety rep. The fumes from industrial glue near station 18 (room 126) has been reported by multiple staff members. Recommend review by safety team.,2026-04-16 00:00:00,Assembly Line,Nyagatare Cattle Ranch,Chemical,Critical,0,0,1
16dfbb87-01eb-49cf-8649-6a2c8d6e5bed,Blocked emergency route in basement (Zone 5),,2026-04-29 00:00:00,Laboratory,Rwanda Manufacturing Co,Fire,Critical,3,0,1
a29beedd-9e1d-46b9-9a36-400664a4466c,Strange noise from packaging unit at main lobby (Room 170),"During a walkthrough, staff noticed the strange noise from packaging unit at main lobby (room 170). No immediate incident occurred but the potential for harm is significant.",2023-12-16 00:00:00,Administration,Rwanda Manufacturing Co,Machinery,High,6,1,0
975749b4-3a48-457e-ad20-fa098d4e2ccf,Biological waste disposal issue in break room (Room 149),Follow-up required on the biological waste disposal issue in break room (room 149). The danger is rated as high due to proximity to staff.,2023-01-31 00:00:00,Assembly Line,Bugesera Cement Works,Biological,High,0,0,0
45a8a5e4-1153-4be9-958f-69d6240ee99a,Cluttered floor space around coffee maker at west exit,Staff reported the cluttered floor space around coffee maker at west exit at approximately 2pm. Site inspection confirmed the hazard. Warning signs posted.,2024-04-13 00:00:00,Loading Bay,Muhanga Agro-Processing,Slip/Trip/Fall,Low,1,1,0
7afbdd80-c2e4-4e9c-99d2-324975d5c6cf,Loose carpet in workshop near north entrance (Room 193),Can someone look at this?,2025-09-30 00:00:00,Production,Gasabo Textile Factory,Slip/Trip/Fall,Low,15,0,1
e5aeb3dc-297e-4e93-8d08-46895e70c920,Odor from lubricant near cafeteria (Zone 11),Please investigate.,2025-12-03 00:00:00,Warehouse,Kigali Construction Ltd,Chemical,Critical,7,0,0
4ce21309-3e6d-4a35-8d42-7227dca2c97b,Biological waste disposal issue in office (Room 184),"During a walkthrough, staff noticed the fumes from chlorine near assembly line (room 122). No immediate incident occurred but the potential for harm is significant.",2023-09-30 00:00:00,Laboratory,Gasabo Textile Factory,Biological,High,6,1,1
ce9bb28f-c52c-41c1-9f0d-82a0946f8e9c,Overloaded power outlet near Station 9 (Room 163),Follow-up required on the overloaded power outlet near station 9 (room 163). The risk is rated as critical due to proximity to staff.,2025-01-08 00:00:00,Quality Control,RSSB Head Office,Electrical,Critical,2,0,1
34d53b98-33ab-44eb-9c32-38604cfb2998,Poorly adjusted chair at Station 4 in cafeteria (Room 162),Report issued by team lead. The hazard observed has been reported by multiple staff members. Recommend review by safety team.,2024-04-25 00:00:00,Warehouse,Gasabo Textile Factory,Ergonomic,High,3,0,0
453e67d5-d01c-4fa5-ae14-16f9925eb73a,Flickering lights in rear exit near shredder,Staff reported the flickering lights in rear exit near shredder at approximately 10am. Site inspection confirmed the hazard. Tape has been placed.,2027-01-01 00:00:00,Warehouse,RSSB Head Office,Electrical,High,8,0,1
f32a18b8-5e41-406c-8879-4918ef8c58cb,Improper desk height for printer in workshop (Zone 8),Staff reported the improper desk height for printer in workshop (zone 8) at approximately 8am. Site inspection confirmed the hazard. Tape has been placed.,2026-04-13 00:00:00,Kitchen,Muhanga Agro-Processing,Ergonomic,Medium,0,0,1
2c6797b6-c0f1-4644-8b0e-1805802df394,Broken belt on conveyor belt in storage room (Room 102),Follow-up required on the broken belt on conveyor belt in storage room (room 102). The severity is rated as medium due to exposure levels.,2023-10-12 00:00:00,Production,Bugesera Cement Works,Machinery,Medium,6,0,0
10678456-390e-4c47-9f9a-1745ca0e8435,Blocked fire exit at receiving dock near workshop (Room 163),Follow-up required on the obstacle in walkway at south wing (room 151). The risk is rated as low due to lack of protection.,2025-04-17 00:00:00,Administration,Musanze Mining Corp,Fire,Critical,2,0,1
7263f80e-5576-4079-98a2-fb04bab7f554,Blocked fire exit at perimeter fence near toilet (Room 174),,2024-07-19 00:00:00,Office Complex,Rubavu Logistics Hub,Fire,Critical,1,0,0
cc172c78-6781-4ad2-b4b3-734c301564f8,Safety concern reported,Staff reported the safety concern reported at approximately 4pm. Site inspection confirmed the hazard. Warning signs posted.,2024-08-12 00:00:00,Maintenance,Huye Power Plant,Electrical,Critical,8,0,0
d2bb78a1-dfb5-4325-9443-17006e684893,Unsafe operation of forklift in office (Room 167),Follow-up required on the unsafe operation of forklift in office (room 167). The danger is rated as high due to proximity to staff.,2023-03-04 00:00:00,Administration,Bugesera Cement Works,Machinery,High,0,1,0
1db69f2f-2b86-4c10-9c6c-1fc5e1460f86,Damaged power cord on hand truck at perimeter fence (Room 186),"During a walkthrough, staff noticed the damaged power cord on hand truck at perimeter fence (room 186). No immediate incident occurred but the potential for damage is significant.",2026-02-07 00:00:00,Quality Control,Musanze Mining Corp,Electrical,Critical,0,1,0
c6e33cbf-692c-48d7-9832-cb0d76e5cd48,Smoke detector malfunctioning in loading dock (Room 178),Follow-up required on the smoke detector malfunctioning in loading dock (room 178). The risk is rated as critical due to proximity to staff.,2024-04-02 00:00:00,Maintenance,Huye Power Plant,Fire,Critical,0,0,0
6765f423-2e8c-42fa-aef7-c67f9fcf2fc4,Awkward lifting position at west exit in car park (Room 126),Report issued by employee. The awkward lifting position at west exit in car park (room 126) has been reported by multiple staff members. Recommend immediate repair.,2025-11-25 00:00:00,Assembly Line,Gasabo Textile Factory,Ergonomic,Low,2,0,0
597c9011-b1f9-45fb-8553-9a5051d5e566,Stagnant water near east wing causing Rodent sightings,The stagnant water near east wing causing rodent sightings was observed during routine inspection. This presents a potential risk to staff in the department.,2023-11-01 00:00:00,Workshop,Nyagatare Cattle Ranch,Biological,Low,5,0,0
3eedda45-6b74-4e5f-bfe3-ed1af33091ea,Poorly adjusted chair at workbench in workshop (Zone 5),Follow-up required on the poorly adjusted chair at workbench in workshop (zone 5). The danger is rated as high due to exposure levels.,2024-11-09 00:00:00,Transport,Gasabo Textile Factory,Ergonomic,High,6,1,1
eed5ef04-5406-47ef-91c0-16a342f6f84f,Blocked fire exit at loading bay near canteen (Room 180),Follow-up required on the blocked fire exit at loading bay near canteen (room 180). The risk is rated as high due to lack of protection.,2024-10-31 00:00:00,Sanitation,Huye Power Plant,Fire,High,0,0,0
896835f9-7429-40ea-b291-2e9ece0fe224,Blocked fire exit at main lobby near car park (Room 115),,2024-07-11 00:00:00,Sanitation,Bugesera Cement Works,Fire,Critical,0,0,0
ef8a8871-b14a-4749-b9d5-b207942cee1c,Unsafe operation of welding station in production floor (Room 115),Follow-up required on the unsafe operation of welding station in production floor (room 115). The risk is rated as high due to exposure levels.,2024-07-10 00:00:00,Kitchen,Kigali Construction Ltd,Machinery,High,1,0,0
55d9af92-bb9b-4226-9929-31fa62c139e5,Blocked fire exit at emergency stairs near chemical storage (Room 122),Report issued by employee. The blocked fire exit at emergency stairs near chemical storage (room 122) has been reported by multiple staff members. Recommend further assessment.,2023-01-19 00:00:00,Laboratory,RSSB Head Office,Fire,High,0,0,0
8bd16a43-2979-42a7-bb7b-543b5e27f78c,Repetitive strain risk operating grinder at Station 20,Follow-up required on the repetitive strain risk operating grinder at station 20. The severity is rated as low due to proximity to staff.,2025-05-26 00:00:00,Loading Bay,Kigali Construction Ltd,Ergonomic,Low,0,0,0
298381fc-a005-41e2-a360-9124ff009d06,Improper storage of coolant in cafeteria (Room 147),The improper storage of coolant in cafeteria (room 147) was observed during routine inspection. This presents a potential risk to staff in the building.,2024-06-20 00:00:00,Administration,Kigali Construction Ltd,Chemical,High,2,0,0
6f1d9503-d83a-474c-8dc8-95837d6477cb,Faulty pipe on packaging unit near Station 18,Staff reported the faulty pipe on packaging unit near station 18 at approximately 10am. Site inspection confirmed the hazard. No temporary measures taken.,2026-05-31 00:00:00,Sanitation,Nyagatare Cattle Ranch,Machinery,High,0,1,0
7e7012f2-d7d5-498c-892a-779afdd3e6fc,Damaged power cord on welding machine at main corridor (Room 162),The damaged power cord on welding machine at main corridor (room 162) was observed during routine inspection. This presents a potential risk to staff in the area.,2024-12-19 00:00:00,Quality Control,Gasabo Textile Factory,Electrical,Critical,1,0,1
fe41ffc5-e494-490e-a04d-51a07fb50742,Sparks observed from grinder in corridor (Zone 1),Follow-up required on the sparks observed from grinder in corridor (zone 1). The risk is rated as critical due to frequency of use.,2026-04-23 00:00:00,Transport,Nyagatare Cattle Ranch,Electrical,Critical,8,0,0
be9f8a05-31df-4690-b4e6-6a86e08e1cb7,Repetitive strain risk operating boiler at Station 17,Report issued by employee. The sparks observed from computer in lobby (room 135) has been reported by multiple staff members. Recommend temporary closure.,2024-09-08 00:00:00,Maintenance,Nyagatare Cattle Ranch,Ergonomic,Medium,1,1,0
8de838c8-e999-46ad-bcac-6cfd128e968e,Exposed cables in break room near Station 20 (Room 137),Follow-up required on the exposed cables in break room near station 20 (room 137). The risk is rated as high due to lack of protection.,2026-05-30 00:00:00,Office Complex,Bugesera Cement Works,Slip/Trip/Fall,High,9,1,1
27cd427a-e06f-4f32-8b7c-6bf6488e8105,Unsafe operation of crane in canteen (Zone 3),Follow-up required on the unsafe operation of crane in canteen (zone 3). The risk is rated as critical due to frequency of use.,2023-08-14 00:00:00,Assembly Line,Musanze Mining Corp,Machinery,Critical,0,0,0
04c5ac85-8148-4fb0-98fb-226045ad91bf,Improper desk height for grinder in car park (Room 191),Report issued by safety rep. The improper desk height for grinder in car park (room 191) has been reported by multiple staff members. Recommend further assessment.,2023-05-02 00:00:00,Quality Control,RSSB Head Office,Ergonomic,Medium,0,0,0
a23b95e2-a359-4ff3-bb8d-ea9533eb6167,Blocked fire exit at south wing near stairwell (Room 176),"During a walkthrough, staff noticed the blocked fire exit at south wing near stairwell (room 176). No immediate incident occurred but the potential for damage is significant.",2024-03-15 00:00:00,Production,Rwanda Manufacturing Co,Fire,Low,4,0,1
9b773d97-8cc8-4f67-a644-d3d36657699b,Exposed belt on hoist in loading dock (Room 197),"During a walkthrough, staff noticed the exposed belt on hoist in loading dock (room 197). No immediate incident occurred but the potential for injury is significant.",2026-02-08 00:00:00,Loading Bay,RSSB Head Office,Electrical,Critical,2,1,0
117145e7-b2cb-453b-9ff9-a6fe2ce8d302,Unpleasant odor in chemical storage near north entrance (Room 182),Follow-up required on the unpleasant odor in chemical storage near north entrance (room 182). The severity is rated as medium due to frequency of use.,2025-06-18 00:00:00,Workshop,Bugesera Cement Works,Biological,Medium,4,0,0
5c809fe2-68e9-41b4-b134-576b651e9f8d,Loose carpet in workshop near west exit (Room 196),Follow-up required on the loose carpet in workshop near west exit (room 196). The severity is rated as low due to frequency of use.,2026-02-17 00:00:00,Packaging,Bugesera Cement Works,Slip/Trip/Fall,Low,15,0,1
a5dc6cd5-5320-4c52-8edf-fc56ff2505a0,Accumulated flammable material near power drill (Room 109) (similar to report #1698),"During a walkthrough, staff noticed the accumulated flammable material near power drill (room 109) (similar to report #1698). No immediate incident occurred but the potential for injury is significant.",2024-04-12 00:00:00,Assembly Line,Nyagatare Cattle Ranch,Ergonomic,Low,0,0,0
d27ab894-9ef4-4c24-9ae6-a9156b8e3911,Repetitive strain risk operating computer at Station 4,,2023-05-31 00:00:00,Warehouse,Gasabo Textile Factory,Ergonomic,High,3,0,0
6e58d47a-f0ea-421b-ad58-fbef3a0f831c,Spoiled materials found in server room (Room 160),Staff reported the spoiled materials found in server room (room 160) at approximately 4pm. Site inspection confirmed the hazard. Warning signs posted.,2023-04-02 00:00:00,Maintenance,Nyagatare Cattle Ranch,Biological,High,0,1,0
4356b040-04ec-4514-9982-d583867b0dbd,Accumulated flammable material near hand truck (Sector D),"During a walkthrough, staff noticed the accumulated flammable material near hand truck (sector d). No immediate incident occurred but the potential for harm is significant.",2024-10-01 00:00:00,Transport,Gasabo Textile Factory,Fire,Critical,2,0,1
3ba1de54-0459-47da-9014-f316a4d379f0,Awkward lifting position at basement in break room (Room 172),Report issued by team lead. The awkward lifting position at basement in break room (room 172) has been reported by multiple staff members. Recommend temporary closure.,2023-02-03 00:00:00,Quality Control,Rubavu Logistics Hub,Ergonomic,Medium,8,0,0
c06eaec2-419d-4ba4-b8b8-3c256fcd841a,Faulty motor on milling machine near Station 3,Staff reported the improper storage of coolant in car park (room 105) at approximately 2pm. Site inspection confirmed the hazard. Warning signs posted.,2023-08-29 00:00:00,Sanitation,Huye Power Plant,Machinery,Critical,4,0,1
7f27ff6f-0896-4f3f-94e7-3c3e6de87ff3,Cluttered floor space around boiler at north entrance,Staff reported the cluttered floor space around boiler at north entrance at approximately 4pm. Site inspection confirmed the hazard. No temporary measures taken.,2025-12-01 00:00:00,Administration,Huye Power Plant,Slip/Trip/Fall,High,4,0,1
8d438a41-e18c-4fd3-ba28-ffe065ae1357,Safety violation spotted,Follow-up required on the safety violation spotted. The risk is rated as low due to frequency of use.,2024-04-30 00:00:00,Transport,Rwanda Manufacturing Co,Biological,Low,4,0,1
fba5ee17-b0e6-4823-99e3-2a3aca4e8193,Broken hose on bandsaw in canteen (Zone 9),Staff reported the broken hose on bandsaw in canteen (zone 9) at approximately 4pm. Site inspection confirmed the hazard. Tape has been placed.,2026-02-20 00:00:00,Production,Nyagatare Cattle Ranch,Machinery,High,13,0,1
1b447dee-f613-46f7-8f12-a6d9fc9e0f21,Damaged power cord on shredder at north entrance (Room 186),"During a walkthrough, staff noticed the damaged power cord on shredder at north entrance (room 186). No immediate incident occurred but the potential for damage is significant.",2026-02-04 00:00:00,Packaging,Rwanda Manufacturing Co,Electrical,Critical,2,0,1
ed280475-29d5-4c56-a6ac-57f17da5e10a,Cluttered floor space around ventilator at loading bay,Staff reported the cluttered floor space around ventilator at loading bay at approximately 8am. Site inspection confirmed the hazard. No temporary measures taken.,2025-03-02 00:00:00,Loading Bay,RSSB Head Office,Slip/Trip/Fall,Medium,3,1,0
1e330aed-56c8-4077-9508-e7ab19626ff2,Accumulated flammable material near transformer (Room 168),Follow-up required on the spill of epoxy near chemical storage (zone 9). The severity is rated as medium due to lack of protection.,2026-01-22 00:00:00,Production,Rwanda Manufacturing Co,Fire,Critical,15,0,1
b37f6f1c-b20b-42fa-8a21-1b3f579d1ca6,Repetitive strain risk operating power drill at control panel,Report issued by safety rep. The repetitive strain risk operating power drill at control panel has been reported by multiple staff members. Recommend temporary closure.,2024-07-31 00:00:00,Warehouse,Musanze Mining Corp,Ergonomic,Low,6,0,0
fefae9c5-2ef6-4e2b-a6c0-37366ff12e8a,Repetitive strain risk operating computer at Station 15,Please investigate.,2026-01-23 00:00:00,Quality Control,Musanze Mining Corp,Ergonomic,High,1,0,0
69b32505-062a-45f5-87a2-0a6aefdd0f2f,Exposed casing on boiler in production floor (Room 186),Follow-up required on the repetitive strain risk operating grinder at dispatch area. The risk is rated as medium due to lack of protection.,2025-02-04 00:00:00,Security,Gasabo Textile Factory,Electrical,High,0,0,1
8c69d4d4-f22c-49fa-bf63-27ba33e9ef2f,Overloaded power outlet near assembly line (Room 105),This needs fixing urgently.,2026-03-17 00:00:00,Maintenance,Muhanga Agro-Processing,Electrical,High,6,0,1
7d647cfd-c29b-4d44-b805-841c6177e7a3,Awkward lifting position at rear exit in car park (Room 104),The awkward lifting position at rear exit in car park (room 104) was observed during routine inspection. This presents a potential risk to staff in the area.,2024-03-30 00:00:00,Warehouse,RSSB Head Office,Ergonomic,High,3,1,1
e87ae1b4-b570-4e74-936d-3fd7e42aa431,Broken motor on hydraulic press in car park (Room 120),Follow-up required on the broken motor on hydraulic press in car park (room 120). The risk is rated as critical due to exposure levels.,2023-04-16 00:00:00,Administration,Huye Power Plant,Machinery,Critical,1,1,0
3b6025d0-8451-4240-ac4e-581229278332,Faulty fire extinguisher in chemical storage (Room 133),Report issued by supervisor. The faulty fire extinguisher in chemical storage (room 133) has been reported by multiple staff members. Recommend immediate repair.,2026-04-20 00:00:00,Packaging,Rwanda Manufacturing Co,Fire,Critical,2,0,0
ba44e519-de28-41d9-aacb-6399e1fa66c0,Faulty belt on motor near inspection desk,The faulty belt on motor near inspection desk was observed during routine inspection. This presents a potential risk to staff in the department.,2025-03-05 00:00:00,Kitchen,Huye Power Plant,Machinery,Critical,6,0,1
4b936d85-7c23-4a47-a8fe-d6072fc09fd5,Improper storage of pesticides in corridor (Sector G),This needs fixing urgently.,2025-02-18 00:00:00,Loading Bay,Bugesera Cement Works,Chemical,Critical,4,0,1
24a74a26-0fe1-4975-a5fd-c7125c948e89,Stagnant water near perimeter fence causing Mold growth,Follow-up required on the awkward lifting position at west exit in canteen (room 154). The risk is rated as high due to exposure levels.,2025-07-19 00:00:00,Packaging,Rubavu Logistics Hub,Biological,Low,0,1,0
1cd2cdd2-55e3-4f1f-8561-3f2881fc956c,Improper desk height for power drill in server room (Sector E),Follow-up required on the improper desk height for power drill in server room (sector e). The severity is rated as medium due to lack of protection.,2023-04-14 00:00:00,Office Complex,Gasabo Textile Factory,Ergonomic,Medium,1,0,0
8c5ec609-503b-4377-8b26-92237dd7a9f9,Spilled industrial glue around rear exit (Room 116),Follow-up required on the spilled industrial glue around rear exit (room 116). The danger is rated as medium due to exposure levels.,2023-03-04 00:00:00,Kitchen,RSSB Head Office,Chemical,Medium,8,1,0
c2565996-1a0c-4085-88f4-70d886408ae2,Stagnant water near rooftop causing Mold growth,Follow-up required on the stagnant water near rooftop causing mold growth. The danger is rated as high due to lack of protection.,2024-04-07 00:00:00,Laboratory,Nyagatare Cattle Ranch,Biological,High,2,1,0
bfaa5081-269d-4c55-a244-148f562cace8,Accumulated flammable material near welding machine (Room 174),Report issued by supervisor. The accumulated flammable material near welding machine (room 174) has been reported by multiple staff members. Recommend temporary closure.,2025-01-31 00:00:00,Loading Bay,RSSB Head Office,Fire,High,3,0,1
431d591d-0114-4575-987d-38f50b0b9edb,Exposed display on welding machine in loading dock (Zone 14),Follow-up required on the exposed display on welding machine in loading dock (zone 14). The danger is rated as critical due to frequency of use.,2024-07-13 00:00:00,Maintenance,Musanze Mining Corp,Electrical,Critical,0,1,1
b7c66ca6-f904-4c1e-b12c-c88aea67590a,Improper storage of industrial glue in office (Room 159),Follow-up required on the improper storage of industrial glue in office (room 159). The severity is rated as medium due to proximity to staff.,2024-03-01 00:00:00,Assembly Line,Muhanga Agro-Processing,Chemical,Medium,1,0,1
d67c611d-e1ac-4139-9b57-c3111c2bcf7f,Damaged power cord on server rack at rear exit (Room 132),Report issued by supervisor. The damaged power cord on server rack at rear exit (room 132) has been reported by multiple staff members. Recommend immediate repair.,2025-10-01 00:00:00,Warehouse,Bugesera Cement Works,Electrical,High,1,0,0
122224f7-bf1c-40d4-a6c2-0a1676dfa258,Accumulated flammable material near boiler (Room 124),Follow-up required on the accumulated flammable material near boiler (room 124). The danger is rated as critical due to lack of protection.,2025-12-23 00:00:00,Warehouse,Nyagatare Cattle Ranch,Fire,Critical,6,0,1
0b761f01-69e5-4568-8070-65dae27d1d74,Stagnant water near loading bay causing Fungal spread,Follow-up required on the stagnant water near loading bay causing fungal spread. The danger is rated as high due to frequency of use.,2023-11-02 00:00:00,Office Complex,Muhanga Agro-Processing,Biological,High,1,0,1
890f2c84-93d4-4a4f-a225-c6e840fc29a0,Flickering lights in front gate near microwave,I'm concerned about this.,2024-10-17 00:00:00,Storage Facility,RSSB Head Office,Electrical,Critical,3,0,1
d21433ba-ec72-4f98-bef0-fd6a7b45b405,Stagnant water near emergency stairs causing Insects found,Please investigate.,2023-08-19 00:00:00,Assembly Line,Huye Power Plant,Biological,Low,2,1,0
441718b9-2e1a-49b4-9032-40006469f5bb,Strange noise from crusher at main corridor (Room 120),Follow-up required on the strange noise from crusher at main corridor (room 120). The danger is rated as high due to frequency of use.,2023-01-07 00:00:00,Assembly Line,Bugesera Cement Works,Machinery,High,3,1,1
4a6ead16-9b0c-4005-8b6c-c21b0a70506e,Biological waste disposal issue in lobby (Room 167),Follow-up required on the biological waste disposal issue in lobby (room 167). The severity is rated as low due to proximity to staff.,2024-05-16 00:00:00,Maintenance,Muhanga Agro-Processing,Biological,Low,0,0,0
9a0eb5c9-dabb-455d-ad31-ffb08a04218a,Routine check finding,Report issued by employee. The routine check finding has been reported by multiple staff members. Recommend immediate repair.,2024-05-09 00:00:00,Maintenance,Kigali Construction Ltd,Electrical,High,0,0,0
2a5d0276-76e9-4110-9c5c-2aa77bb06f0f,Accumulated flammable material near transformer (Room 172),"During a walkthrough, staff noticed the accumulated flammable material near transformer (room 172). No immediate incident occurred but the potential for damage is significant.",2025-02-14 00:00:00,Office Complex,Gasabo Textile Factory,Fire,High,13,0,0
37ae85a7-17c6-451f-8063-9d69c7085e8e,Improper storage of cleaning agent in chemical storage (Room 123),"During a walkthrough, staff noticed the improper storage of cleaning agent in chemical storage (room 123). No immediate incident occurred but the potential for harm is significant.",2024-02-28 00:00:00,Workshop,Kigali Construction Ltd,Chemical,Medium,1,0,0
0b28eed5-e0ba-430f-b343-b67c04330ec9,Strange noise from milling machine at south wing (Zone 2),Report issued by safety rep. The strange noise from milling machine at south wing (zone 2) has been reported by multiple staff members. Recommend review by safety team.,2026-03-20 00:00:00,Transport,Rwanda Manufacturing Co,Machinery,High,3,0,0
ebd0cc8a-420b-4483-a0d4-766771a70fc7,Smoke detector malfunctioning in canteen (Room 124),Report issued by supervisor. The smoke detector malfunctioning in canteen (room 124) has been reported by multiple staff members. Recommend review by safety team.,2026-03-14 00:00:00,Security,Kigali Construction Ltd,Fire,Critical,6,1,0
7d4074f6-8817-4598-84a4-956a515ca4ae,Blocked fire exit at loading bay near assembly area (Zone 9),"During a walkthrough, staff noticed the blocked fire exit at loading bay near assembly area (zone 9). No immediate incident occurred but the potential for harm is significant.",2023-04-19 00:00:00,Storage Facility,Nyagatare Cattle Ranch,Fire,Critical,2,0,0
617d146d-3ba9-4dfd-ac01-0012c884ceaf,Damaged power cord on microwave at receiving dock (Room 177),"During a walkthrough, staff noticed the damaged power cord on microwave at receiving dock (room 177). No immediate incident occurred but the potential for damage is significant.",2026-01-06 00:00:00,Loading Bay,Huye Power Plant,Electrical,High,7,0,1
6fdc3f15-849a-413e-b2d6-de6bdd489be6,Overloaded power outlet near Station 12 (Room 135),The overloaded power outlet near station 12 (room 135) was observed during routine inspection. This presents a potential risk to staff in the building.,2024-09-25 00:00:00,Sanitation,Musanze Mining Corp,Electrical,Critical,1,0,1
c4a358df-5f57-490b-88e3-7609c1ede232,Repetitive strain risk operating air conditioner at assembly line,Staff reported the repetitive strain risk operating air conditioner at assembly line at approximately 8am. Site inspection confirmed the hazard. Tape has been placed.,2026-09-07 00:00:00,Maintenance,Bugesera Cement Works,Ergonomic,Medium,0,0,0
6a259e81-f1c6-4880-a76f-95ccb0e9b699,Biological waste disposal issue in canteen (Room 194),,2024-12-22 00:00:00,Sanitation,RSSB Head Office,Biological,Medium,0,1,1
5543ac64-c5be-442e-a722-1c6fc7bb86c1,Broken display on pump system in server room (Room 134),Please investigate.,2023-09-01 00:00:00,Laboratory,Muhanga Agro-Processing,Machinery,High,4,0,1
81d7b831-7084-4c10-8edb-9f22dd73c1ec,Improper storage of resin in chemical storage (Room 144),"During a walkthrough, staff noticed the improper storage of resin in chemical storage (room 144). No immediate incident occurred but the potential for damage is significant.",2023-06-23 00:00:00,Assembly Line,Gasabo Textile Factory,Chemical,High,4,0,1
dbd1f61a-5b3c-41df-a50f-0b590e039571,Blocked fire exit at east wing near workshop (Room 141),The blocked fire exit at east wing near workshop (room 141) was observed during routine inspection. This presents a potential risk to staff in the department.,2026-04-04 00:00:00,Administration,Rwanda Manufacturing Co,Fire,High,3,1,1
ee7b1fdc-35e9-455b-b016-1727a01edd53,Unlabeled coolant container at receiving dock (Room 187),The unlabeled coolant container at receiving dock (room 187) was observed during routine inspection. This presents a potential risk to staff in the building.,2025-03-26 00:00:00,Production,Rubavu Logistics Hub,Chemical,Critical,11,0,0
93a10cde-b6c7-4324-9ba9-752a72d1596e,Strange noise from motor at south wing (Room 191),The strange noise from motor at south wing (room 191) was observed during routine inspection. This presents a potential risk to staff in the department.,2025-05-09 00:00:00,Quality Control,Rwanda Manufacturing Co,Machinery,Medium,5,0,0
2bd1b7ce-15fb-4bde-9781-cc1b33157af2,Stagnant water near service elevator causing Rodent sightings,Staff reported the stagnant water near service elevator causing rodent sightings at approximately 4pm. Site inspection confirmed the hazard. No temporary measures taken.,2023-05-18 00:00:00,Transport,Huye Power Plant,Biological,Low,4,0,0
c5a28b3c-625b-4900-a056-827a29a04630,Overloaded power outlet near Station 4 (Room 120),The overloaded power outlet near station 4 (room 120) was observed during routine inspection. This presents a potential risk to staff in the building.,2025-12-11 00:00:00,Transport,Bugesera Cement Works,Electrical,Low,1,0,0
c06d3874-212e-43bb-b8f3-d5cad0a201d1,Safety violation spotted,The safety violation spotted was observed during routine inspection. This presents a potential risk to staff in the area.,2023-10-05 00:00:00,Security,Nyagatare Cattle Ranch,Chemical,High,1,0,1
1eb520f4-e75a-4b99-8c8c-dab31e7e0178,Exposed pipe on air conditioner in lobby (Room 117),,2024-05-28 00:00:00,Laboratory,Huye Power Plant,Electrical,Critical,10,0,1
a4123df8-7e5b-46fc-a3d3-03d08f1cf2af,Loose carpet in workshop near perimeter fence (Room 146),"During a walkthrough, staff noticed the loose carpet in workshop near perimeter fence (room 146). No immediate incident occurred but the potential for harm is significant.",2024-01-14 00:00:00,Maintenance,Rubavu Logistics Hub,Slip/Trip/Fall,Low,1,1,0
df546dfd-7885-419a-ab2b-4df2a42305fd,Improper desk height for transformer in lobby (Room 179),"During a walkthrough, staff noticed the improper desk height for transformer in lobby (room 179). No immediate incident occurred but the potential for injury is significant.",2023-01-25 00:00:00,Packaging,Huye Power Plant,Ergonomic,High,4,0,0
f38085bd-97cf-4f2f-89c6-44ef3d80063c,Overloaded power outlet near workbench (Zone 11),Follow-up required on the overloaded power outlet near workbench (zone 11). The risk is rated as critical due to frequency of use.,2024-03-21 00:00:00,Sanitation,Kigali Construction Ltd,Electrical,Critical,7,0,1
43370a56-e97f-4f96-8ecb-82130bae43bf,Blocked emergency route in receiving dock (Room 101),"During a walkthrough, staff noticed the blocked emergency route in receiving dock (room 101). No immediate incident occurred but the potential for damage is significant.",2024-03-24 00:00:00,Laboratory,RSSB Head Office,Fire,Critical,0,1,0
e29f14b2-d7ea-4cbb-84a6-0d30dd268866,Damaged power cord on printer at service elevator (Room 149),"During a walkthrough, staff noticed the damaged power cord on printer at service elevator (room 149). No immediate incident occurred but the potential for injury is significant.",2023-01-06 00:00:00,Kitchen,Gasabo Textile Factory,Electrical,Critical,2,0,1
c6aa38be-7fdb-4e05-b6bc-e57383d9c462,Blocked emergency route in basement (Room 144),Report issued by employee. The blocked emergency route in basement (room 144) has been reported by multiple staff members. Recommend review by safety team.,2026-02-02 00:00:00,Kitchen,Huye Power Plant,Fire,Critical,0,0,1
63ff5b05-ca92-4033-a0a9-6508dcc684cd,Stagnant water near emergency stairs causing Bacterial contamination risk,Report issued by team lead. The stagnant water near emergency stairs causing bacterial contamination risk has been reported by multiple staff members. Recommend further assessment.,2023-07-30 00:00:00,Loading Bay,Rwanda Manufacturing Co,Biological,Medium,4,1,0
b5ce96d0-e2a7-4dfe-aeb0-2fe144de9e38,Cluttered floor space around microwave at emergency stairs (similar to report #1349),,2025-01-09 00:00:00,Administration,Gasabo Textile Factory,Electrical,Critical,0,0,1
04f9f27d-6325-4895-9098-b8b325a43ab6,Rodent sightings in toilet near receiving dock (Room 152),Report issued by team lead. The rodent sightings in toilet near receiving dock (room 152) has been reported by multiple staff members. Recommend temporary closure.,2025-10-17 00:00:00,Office Complex,Bugesera Cement Works,Biological,Low,0,0,0
05467c7d-f766-458b-8614-35db9d073cb0,Damaged power cord on boiler at basement (Room 143),This needs fixing urgently.,2025-12-23 00:00:00,Packaging,Bugesera Cement Works,Electrical,High,8,0,0
4b8b1ca0-b9fb-4d8b-99dd-f8ab166ff8de,Improper desk height for ventilator in lobby (Room 134),Follow-up required on the improper desk height for ventilator in lobby (room 134). The severity is rated as high due to exposure levels.,2023-06-20 00:00:00,Workshop,Huye Power Plant,Ergonomic,High,1,0,1
cee94b78-9ea1-4908-b7f4-ad84fbc519db,Poorly adjusted chair at Station 16 in lobby (Room 146),"During a walkthrough, staff noticed the poorly adjusted chair at station 16 in lobby (room 146). No immediate incident occurred but the potential for harm is significant.",2023-03-06 00:00:00,Laboratory,Kigali Construction Ltd,Ergonomic,Medium,4,0,1
87936101-8936-42c2-afd1-b98176736c05,Flickering lights in east wing near hand truck,Report issued by team lead. The flickering lights in east wing near hand truck has been reported by multiple staff members. Recommend temporary closure.,2024-06-28 00:00:00,Packaging,Huye Power Plant,Electrical,Critical,6,0,1
87ab6177-2cb5-4a79-ab3f-099146aa6077,Poorly adjusted chair at Station 8 in storage room (Zone 8),The poorly adjusted chair at station 8 in storage room (zone 8) was observed during routine inspection. This presents a potential risk to staff in the building.,2025-06-03 00:00:00,Warehouse,RSSB Head Office,Ergonomic,Medium,0,0,0
74731499-85b3-41b2-8b8b-ebe5ad2e7e35,Rodent sightings in stairwell near west exit (Room 108),"During a walkthrough, staff noticed the rodent sightings in stairwell near west exit (room 108). No immediate incident occurred but the potential for harm is significant.",2023-12-01 00:00:00,Kitchen,Bugesera Cement Works,Biological,Low,1,0,0
01ea9dce-6e8a-4a0f-83e7-126500338cb9,Strange noise from industrial mixer at front gate (Zone 13),Report issued by supervisor. The strange noise from industrial mixer at front gate (zone 13) has been reported by multiple staff members. Recommend immediate repair.,2025-10-10 00:00:00,Laboratory,Bugesera Cement Works,Machinery,Critical,1,0,1
008a6c69-d9eb-4569-a399-385914c7e8ee,Unpleasant odor in loading dock near south wing (Room 188),Follow-up required on the unpleasant odor in loading dock near south wing (room 188). The danger is rated as medium due to exposure levels.,2023-09-16 00:00:00,Workshop,Musanze Mining Corp,Biological,Medium,4,1,0
8d8b437b-e466-4bb0-b84e-e0d7c3553438,Faulty filter on exhaust fan near Station 20,The faulty filter on exhaust fan near station 20 was observed during routine inspection. This presents a potential risk to staff in the area.,2025-05-20 00:00:00,Laboratory,Muhanga Agro-Processing,Machinery,Medium,3,0,0
7c6092bd-c1f4-4032-9169-4ef925f3bdc6,Unlabeled lubricant container at south wing (Room 187),Report issued by safety rep. The unlabeled lubricant container at south wing (room 187) has been reported by multiple staff members. Recommend immediate repair.,2024-12-09 00:00:00,Packaging,RSSB Head Office,Chemical,Critical,3,0,1
48b7721a-6dcb-45d4-aeac-80101f1c31cc,Poorly adjusted chair at packing station in car park (Room 106),Follow-up required on the spoiled materials found in canteen (room 184). The severity is rated as low due to exposure levels.,2025-05-28 00:00:00,Storage Facility,Gasabo Textile Factory,Ergonomic,Medium,0,0,0
d6a34bce-7fd7-4516-b970-8e4910cf379b,Unsafe operation of hydraulic press in loading dock (Room 176),"During a walkthrough, staff noticed the unsafe operation of hydraulic press in loading dock (room 176). No immediate incident occurred but the potential for damage is significant.",2026-01-27 00:00:00,Kitchen,Nyagatare Cattle Ranch,Machinery,Critical,12,0,1
1668c4cf-ba61-4930-9f11-75e02a49aa9d,Awkward lifting position at basement in corridor (Zone 1),"During a walkthrough, staff noticed the awkward lifting position at basement in corridor (zone 1). No immediate incident occurred but the potential for injury is significant.",2025-06-24 00:00:00,Quality Control,Gasabo Textile Factory,Ergonomic,Medium,2,0,1
c348d0ee-86be-48e9-bfd0-da9b3528dc45,Smoke detector malfunctioning in warehouse (Room 174),Staff reported the smoke detector malfunctioning in warehouse (room 174) at approximately 10am. Site inspection confirmed the hazard. No temporary measures taken.,2025-04-06 00:00:00,Assembly Line,Nyagatare Cattle Ranch,Fire,High,13,1,1
2f6be6c8-ff4c-4cd7-a748-550620b99f7b,Faulty gear on industrial mixer near reception,"During a walkthrough, staff noticed the faulty gear on industrial mixer near reception. No immediate incident occurred but the potential for harm is significant.",2024-10-24 00:00:00,Maintenance,Musanze Mining Corp,Machinery,Medium,2,0,1
73048f53-4f0e-4e52-8590-1570ba030d6e,Blocked fire exit at main corridor near stairwell (Room 179),,2026-05-13 00:00:00,Kitchen,RSSB Head Office,Fire,Critical,0,0,0
228f52f6-53d6-446d-b675-820d12898f06,Debris in loading dock near Station 15 (Sector A) (similar to report #1415),Can someone look at this?,2023-03-25 00:00:00,Kitchen,Rwanda Manufacturing Co,Ergonomic,Low,3,1,0
9db3080e-f159-457d-ab0a-ff407cc22a68,Biological waste disposal issue in assembly area (Room 197),Follow-up required on the biological waste disposal issue in assembly area (room 197). The danger is rated as medium due to frequency of use.,2023-04-17 00:00:00,Storage Facility,Huye Power Plant,Biological,Medium,0,0,0
50ab052b-c658-4121-b0a2-b122faecd728,Pooling of epoxy near warehouse (Room 117),Staff reported the pooling of epoxy near warehouse (room 117) at approximately 2pm. Site inspection confirmed the hazard. No temporary measures taken.,2026-04-24 00:00:00,Warehouse,Bugesera Cement Works,Chemical,Critical,11,0,0
db1aea24-7257-4b04-876d-a6a7fc27b3ea,Accumulated flammable material near server rack (Room 137),Staff reported the accumulated flammable material near server rack (room 137) at approximately 10am. Site inspection confirmed the hazard. No temporary measures taken.,2023-06-16 00:00:00,Warehouse,Rubavu Logistics Hub,Fire,Critical,0,0,1
13f67526-4658-4007-a482-17aa4acf0ade,Leakage from bleach near workshop (Room 164),"During a walkthrough, staff noticed the leakage from bleach near workshop (room 164). No immediate incident occurred but the potential for damage is significant.",2025-07-08 00:00:00,Laboratory,RSSB Head Office,Chemical,Medium,3,0,0
260548c9-4ea5-421c-afa2-8d8dde1e094e,Poorly adjusted chair at Station 3 in cafeteria (Room 135),Follow-up required on the poorly adjusted chair at station 3 in cafeteria (room 135). The danger is rated as low due to frequency of use.,2023-02-02 00:00:00,Sanitation,Bugesera Cement Works,Ergonomic,Low,4,0,0
6d081387-a23a-4843-a4ef-ac7d49bcdbc2,Spoiled materials found in toilet (Zone 8),The spoiled materials found in toilet (zone 8) was observed during routine inspection. This presents a potential risk to staff in the department.,2024-03-29 00:00:00,Laboratory,Rwanda Manufacturing Co,Biological,High,0,0,0
31fe78f0-3e26-42ce-9d46-fc5d8f2c80a7,Fungal spread in production floor near main lobby (Room 107),The fungal spread in production floor near main lobby (room 107) was observed during routine inspection. This presents a potential risk to staff in the building.,2028-05-09 00:00:00,Assembly Line,Musanze Mining Corp,Biological,Medium,4,0,1
3aff6316-b218-4e84-8ce5-866584780007,Exposed panel on welding machine in chemical storage (Sector F),The exposed panel on welding machine in chemical storage (sector f) was observed during routine inspection. This presents a potential risk to staff in the building.,2024-11-11 00:00:00,Maintenance,Gasabo Textile Factory,Electrical,Critical,4,0,0
8b9319c7-2e13-474d-9727-6cbe65d3395f,Improper desk height for air conditioner in storage room (Room 120),"During a walkthrough, staff noticed the improper desk height for air conditioner in storage room (room 120). No immediate incident occurred but the potential for injury is significant.",2023-10-03 00:00:00,Sanitation,Kigali Construction Ltd,Ergonomic,Medium,5,0,1
6e6e521d-cca4-41b8-b825-2c8ca8fbca4b,Overloaded power outlet near Station 15 (Room 160),The overloaded power outlet near station 15 (room 160) was observed during routine inspection. This presents a potential risk to staff in the area.,2025-01-15 00:00:00,Security,Musanze Mining Corp,Electrical,Critical,7,0,1
e51f8258-fcd1-43ee-9c0d-f52aa0ffe449,Accumulated flammable material near hoist (Room 116),The accumulated flammable material near hoist (room 116) was observed during routine inspection. This presents a potential risk to staff in the building.,2023-08-28 00:00:00,Loading Bay,RSSB Head Office,Fire,Critical,3,0,1
ed31e000-f3ce-48a4-891d-ea4074da8d38,Broken casing on motor in break room (Room 118),Report issued by team lead. The broken casing on motor in break room (room 118) has been reported by multiple staff members. Recommend temporary closure.,2023-05-14 00:00:00,Maintenance,Rubavu Logistics Hub,Machinery,Critical,12,1,1
0193d0d0-18aa-4348-8501-0283fdb3d06c,Faulty belt on motor near assembly line,"During a walkthrough, staff noticed the faulty belt on motor near assembly line. No immediate incident occurred but the potential for damage is significant.",2026-01-24 00:00:00,Kitchen,RSSB Head Office,Machinery,Medium,9,1,0
997c6512-de5e-407d-bbcd-6be8d43f452d,Improper desk height for hoist in cafeteria (Zone 4),The improper desk height for hoist in cafeteria (zone 4) was observed during routine inspection. This presents a potential risk to staff in the building.,2026-08-26 00:00:00,Assembly Line,Rwanda Manufacturing Co,Ergonomic,Low,4,0,0
2d8dba86-15d1-41f1-8f50-a595aca87450,Hazard observed,Report issued by employee. The hazard observed has been reported by multiple staff members. Recommend immediate repair.,2026-03-14 00:00:00,Office Complex,Kigali Construction Ltd,Biological,Low,5,1,0
e7c3ccb8-16b2-427f-ac7c-da9cdb69dd9b,Broken switch on bandsaw in canteen (Room 169),"During a walkthrough, staff noticed the broken switch on bandsaw in canteen (room 169). No immediate incident occurred but the potential for injury is significant.",2023-08-29 00:00:00,Assembly Line,Gasabo Textile Factory,Machinery,Critical,9,0,1
15f2c8e4-3e15-4e22-80e9-407bd9842e91,Obstacle in walkway at north entrance (Room 180),"During a walkthrough, staff noticed the obstacle in walkway at north entrance (room 180). No immediate incident occurred but the potential for injury is significant.",2025-11-05 00:00:00,Quality Control,Huye Power Plant,Slip/Trip/Fall,Medium,0,0,0
8a2c71f4-ce01-4b66-871b-7f73e04371b9,Exposed guard on compressor at east wing (Room 156),The exposed guard on compressor at east wing (room 156) was observed during routine inspection. This presents a potential risk to staff in the area.,2023-09-20 00:00:00,Warehouse,RSSB Head Office,Machinery,Medium,0,0,0
a040f070-f916-4d78-901e-4e406b6a03d9,Obstacle in walkway at north entrance (Room 157),Staff reported the obstacle in walkway at north entrance (room 157) at approximately 4pm. Site inspection confirmed the hazard. Warning signs posted.,2024-01-23 00:00:00,Laboratory,Gasabo Textile Factory,Slip/Trip/Fall,Low,2,0,0
e421d5e2-02a0-42d6-9ed6-bd870a5e93c9,Cluttered floor space around air conditioner at rooftop,Follow-up required on the cluttered floor space around air conditioner at rooftop. The danger is rated as medium due to exposure levels.,2024-12-29 00:00:00,Workshop,Gasabo Textile Factory,Slip/Trip/Fall,Medium,3,1,1
dca85b7c-05ae-44cb-9f0e-fcc00f765eff,Sparks observed from power drill in break room (Room 147),"During a walkthrough, staff noticed the sparks observed from power drill in break room (room 147). No immediate incident occurred but the potential for injury is significant.",2027-01-08 00:00:00,Office Complex,Rubavu Logistics Hub,Electrical,High,5,0,1
9e199d53-4c91-41ed-985b-545d45e406aa,Flickering lights in loading bay near air conditioner,Please investigate.,2023-10-27 00:00:00,Administration,Huye Power Plant,Electrical,High,8,0,0
6b3016c4-10c4-411e-b77d-de8eb5dbd893,Wet floor in break room near Station 19 (Room 106),The wet floor in break room near station 19 (room 106) was observed during routine inspection. This presents a potential risk to staff in the department.,2024-09-27 00:00:00,Production,Kigali Construction Ltd,Slip/Trip/Fall,High,3,0,0
5edac1f2-9430-4d8b-8b43-b2522e115787,Cluttered floor space around printer at south wing,Please investigate.,2023-09-10 00:00:00,Transport,Rwanda Manufacturing Co,Slip/Trip/Fall,High,3,1,0
70712dd3-d395-4ceb-b027-75368b8a2092,Poorly adjusted chair at dispatch area in toilet (Room 133),The poorly adjusted chair at dispatch area in toilet (room 133) was observed during routine inspection. This presents a potential risk to staff in the building.,2023-04-19 00:00:00,Workshop,Huye Power Plant,Ergonomic,Medium,4,0,1
31dc10a2-8d48-4485-953f-42bda2d0784c,Loose carpet in stairwell near rooftop (Sector A),Follow-up required on the loose carpet in stairwell near rooftop (sector a). The risk is rated as high due to lack of protection.,2026-03-30 00:00:00,Warehouse,Bugesera Cement Works,Slip/Trip/Fall,High,1,0,1
9bb7ebc6-cddb-443b-a0a6-4d14ce860b83,Stagnant water near east wing causing Bacterial contamination risk,The stagnant water near east wing causing bacterial contamination risk was observed during routine inspection. This presents a potential risk to staff in the building.,2025-12-18 00:00:00,Assembly Line,Huye Power Plant,Biological,High,8,0,1
1bd86891-7635-43d5-a01a-0a8ff2843269,Fumes from epoxy near workbench (Room 126),"During a walkthrough, staff noticed the fumes from epoxy near workbench (room 126). No immediate incident occurred but the potential for harm is significant.",2024-02-29 00:00:00,Loading Bay,Kigali Construction Ltd,Chemical,Critical,3,0,0
01ca84c1-e67a-4622-baa3-19013ba0f218,Faulty fire extinguisher in toilet (Room 196),"During a walkthrough, staff noticed the faulty fire extinguisher in toilet (room 196). No immediate incident occurred but the potential for injury is significant.",2023-01-18 00:00:00,Packaging,Musanze Mining Corp,Fire,Critical,2,0,1
ffab4aff-8382-4f62-8f31-8e0afedce303,Spilled degreaser around west exit (Room 144),Staff reported the spilled degreaser around west exit (room 144) at approximately 10am. Site inspection confirmed the hazard. Warning signs posted.,2024-12-26 00:00:00,Assembly Line,Musanze Mining Corp,Chemical,Medium,2,0,1
96cfe1de-bff6-4554-a7e1-11d4186ae672,Exposed cables in loading dock near Station 19 (Room 125),Report issued by safety rep. The exposed cables in loading dock near station 19 (room 125) has been reported by multiple staff members. Recommend review by safety team.,2026-02-27 00:00:00,Storage Facility,Gasabo Textile Factory,Slip/Trip/Fall,Medium,0,0,0
95e49e2e-aace-480e-a162-7f08aeec0e96,Blocked emergency route in service elevator (Room 124),Follow-up required on the blocked emergency route in service elevator (room 124). The danger is rated as critical due to frequency of use.,2024-12-04 00:00:00,Transport,Musanze Mining Corp,Fire,Critical,0,0,0
2dc8cfce-e13e-41f0-9046-813e41f0d4cc,Loose carpet in workshop near east wing (Zone 14),"During a walkthrough, staff noticed the loose carpet in workshop near east wing (zone 14). No immediate incident occurred but the potential for injury is significant.",2023-11-03 00:00:00,Kitchen,Rwanda Manufacturing Co,Slip/Trip/Fall,Low,1,0,0
80455614-ac2c-4fa7-a09e-d919c2a5fa40,Obstacle in walkway at east wing (Room 129),The obstacle in walkway at east wing (room 129) was observed during routine inspection. This presents a potential risk to staff in the building.,2025-10-25 00:00:00,Warehouse,Rubavu Logistics Hub,Slip/Trip/Fall,Medium,1,1,1
67a21a27-358a-4dfd-b53a-85c2059c6140,Broken connector on industrial mixer in loading dock (Room 134),Staff reported the broken connector on industrial mixer in loading dock (room 134) at approximately 10am. Site inspection confirmed the hazard. No temporary measures taken.,2025-08-23 00:00:00,Storage Facility,Rwanda Manufacturing Co,Machinery,Medium,0,1,0
2ff1611e-2059-4908-8a5a-0d7aa3f2f8c2,Cluttered floor space around printer at east wing,,2024-03-02 00:00:00,Assembly Line,Huye Power Plant,Slip/Trip/Fall,Medium,3,1,0
d0c44a6a-160d-4909-8560-1911a6ecb85d,Improper desk height for transformer in break room (Room 120),"During a walkthrough, staff noticed the improper desk height for transformer in break room (room 120). No immediate incident occurred but the potential for injury is significant.",2025-05-31 00:00:00,Transport,Kigali Construction Ltd,Ergonomic,Low,1,1,1
ca772e70-5da1-444e-8362-36c00b6dfe49,Broken belt on hydraulic press in stairwell (Sector F),"During a walkthrough, staff noticed the broken belt on hydraulic press in stairwell (sector f). No immediate incident occurred but the potential for injury is significant.",2026-04-23 00:00:00,Maintenance,Huye Power Plant,Machinery,Medium,2,0,0
a896e987-cb87-4fa8-b07e-5cddf58b560a,Strange noise from CNC machine at receiving dock (Room 154),Staff reported the strange noise from cnc machine at receiving dock (room 154) at approximately 10am. Site inspection confirmed the hazard. No temporary measures taken.,2025-01-10 00:00:00,Maintenance,Kigali Construction Ltd,Machinery,Critical,5,0,1
e257a762-0cb1-4f83-a385-24b1c0549ba7,Cluttered floor space around microwave at basement,The cluttered floor space around microwave at basement was observed during routine inspection. This presents a potential risk to staff in the building.,2025-04-29 00:00:00,Transport,Muhanga Agro-Processing,Slip/Trip/Fall,High,0,0,1
43a99dd7-2cc5-4e34-ba12-0ca049946ec4,Improper storage of coolant in car park (Room 105),Staff reported the improper storage of coolant in car park (room 105) at approximately 2pm. Site inspection confirmed the hazard. Warning signs posted.,2024-11-23 00:00:00,Production,Nyagatare Cattle Ranch,Chemical,High,1,1,0
40fc5ddc-54c9-46e7-afa1-95e0ecb32d64,Broken guard on compressor in warehouse (Room 188),Staff reported the broken guard on compressor in warehouse (room 188) at approximately 2pm. Site inspection confirmed the hazard. Warning signs posted.,2024-08-18 00:00:00,Security,Muhanga Agro-Processing,Machinery,Medium,1,1,0
d8566c92-c82e-4f32-a660-72c234631186,Blocked fire exit at basement near maintenance bay (Zone 4),The blocked fire exit at basement near maintenance bay (zone 4) was observed during routine inspection. This presents a potential risk to staff in the building.,2023-01-21 00:00:00,Production,Nyagatare Cattle Ranch,Fire,Critical,3,1,1
eb0d8027-29fa-4fa4-9aa9-4c17a46891a2,Repetitive strain risk operating hand truck at dispatch area,The repetitive strain risk operating hand truck at dispatch area was observed during routine inspection. This presents a potential risk to staff in the building.,2023-09-14 00:00:00,Packaging,Nyagatare Cattle Ranch,Ergonomic,Critical,2,0,0
173b47c2-dcef-4451-949b-e532668a22e8,Faulty hose on HVAC unit near Station 4,Staff reported the faulty hose on hvac unit near station 4 at approximately 2pm. Site inspection confirmed the hazard. No temporary measures taken.,2023-09-12 00:00:00,Transport,Bugesera Cement Works,Machinery,High,3,0,0
c6aaff9c-9915-4ea0-a931-2ce7f4e28e72,Unsafe operation of industrial mixer in office (Room 187),Staff reported the unsafe operation of industrial mixer in office (room 187) at approximately 2pm. Site inspection confirmed the hazard. Tape has been placed.,2026-03-25 00:00:00,Workshop,Muhanga Agro-Processing,Machinery,Critical,6,0,1
8f52e000-8a72-4dab-8226-005cb2962fd9,Smoke detector malfunctioning in corridor (Room 111),"During a walkthrough, staff noticed the smoke detector malfunctioning in corridor (room 111). No immediate incident occurred but the potential for damage is significant.",2023-10-15 00:00:00,Office Complex,Musanze Mining Corp,Fire,Critical,0,1,1
86b05a29-9fe1-43bb-80a4-07025d2f5197,Faulty belt on pump system near Station 10,Staff reported the faulty belt on pump system near station 10 at approximately 4pm. Site inspection confirmed the hazard. Tape has been placed.,2025-09-01 00:00:00,Packaging,Kigali Construction Ltd,Machinery,Critical,2,0,0
40304d23-5e6f-437c-8812-e63a786ffebf,Fumes from acids near Station 14 (Room 166),Report issued by safety rep. The blocked fire exit at west exit near office (zone 8) has been reported by multiple staff members. Recommend immediate repair.,2025-11-17 00:00:00,Packaging,Kigali Construction Ltd,Chemical,High,1,0,0
07b4856b-c1da-4057-be14-51fb19ba19d5,Unsafe operation of CNC machine in storage room (Room 141),,2023-08-13 00:00:00,Loading Bay,Huye Power Plant,Machinery,Low,1,1,0
857ebf6c-b1e9-4d30-985e-806a31a7fb56,Unlabeled paint thinner container at basement (Room 115),"During a walkthrough, staff noticed the poorly adjusted chair at workbench in server room (room 168). No immediate incident occurred but the potential for injury is significant.",2025-06-11 00:00:00,Storage Facility,Rubavu Logistics Hub,Chemical,Medium,1,0,0
6f8e0240-c936-482b-bb0e-a5710883a0fc,Cluttered floor space around server rack at basement,Follow-up required on the cluttered floor space around server rack at basement. The danger is rated as low due to frequency of use.,2025-03-23 00:00:00,Quality Control,Muhanga Agro-Processing,Slip/Trip/Fall,Low,4,1,1
a5d00d9c-dcd9-4abf-987c-014d52f92037,Improper desk height for ventilator in chemical storage (Room 108),The damaged power cord on microwave at west exit (room 140) was observed during routine inspection. This presents a potential risk to staff in the department.,2025-07-25 00:00:00,Packaging,Huye Power Plant,Ergonomic,Medium,1,0,0
79fd3a5d-2372-4014-a170-330b40f43723,Flickering lights in south wing near coffee maker,"During a walkthrough, staff noticed the flickering lights in south wing near coffee maker. No immediate incident occurred but the potential for injury is significant.",2025-11-09 00:00:00,Laboratory,Rubavu Logistics Hub,Electrical,Critical,0,1,0
3427ec08-090e-443f-9e8a-8e08b33695eb,Accumulated flammable material near server rack (Room 105),The accumulated flammable material near server rack (room 105) was observed during routine inspection. This presents a potential risk to staff in the department.,2024-02-26 00:00:00,Laboratory,Rubavu Logistics Hub,Fire,Critical,1,0,0
3485847b-f942-43d6-a5ba-dc3dad61fee9,Exposed display on motor at perimeter fence (Room 103),Report issued by employee. The exposed display on motor at perimeter fence (room 103) has been reported by multiple staff members. Recommend review by safety team.,2024-01-20 00:00:00,Kitchen,Gasabo Textile Factory,Machinery,Critical,2,1,0
ae0ce77a-a60b-4c95-a7cc-8499aba32bf7,Improper desk height for hoist in toilet (Room 115),Report issued by supervisor. The improper desk height for hoist in toilet (room 115) has been reported by multiple staff members. Recommend immediate repair.,2025-01-27 00:00:00,Sanitation,Nyagatare Cattle Ranch,Ergonomic,Medium,0,0,0
c1f281c5-c8fb-4e3c-8308-910b6b59c557,Overloaded power outlet near Station 18 (Room 128),Report issued by safety rep. The overloaded power outlet near station 18 (room 128) has been reported by multiple staff members. Recommend further assessment.,2023-04-16 00:00:00,Quality Control,Rubavu Logistics Hub,Electrical,Critical,2,1,1
e5eeb0bd-ad22-4749-8f5b-5948c00b7213,Damaged power cord on server rack at rear exit (Room 178),Staff reported the damaged power cord on server rack at rear exit (room 178) at approximately 8am. Site inspection confirmed the hazard. Warning signs posted.,2024-06-07 00:00:00,Warehouse,Muhanga Agro-Processing,Electrical,Critical,2,0,0
83ee5660-0d0a-490f-beec-3a4bf09c6af3,Stagnant water near main lobby causing Rodent sightings (similar to report #1547),Report issued by safety rep. The stagnant water near main lobby causing rodent sightings (similar to report #1547) has been reported by multiple staff members. Recommend temporary closure.,2023-10-30 00:00:00,Maintenance,RSSB Head Office,Machinery,High,2,0,0
32830d30-851a-4470-b0cb-7e1d2dd157a8,Overloaded power outlet near Station 6 (Zone 11),Report issued by team lead. The overloaded power outlet near station 6 (zone 11) has been reported by multiple staff members. Recommend further assessment.,2025-12-23 00:00:00,Warehouse,Rubavu Logistics Hub,Electrical,Critical,4,0,1
e152645e-3b25-4677-929e-da78c3a44a9f,Awkward lifting position at main corridor in loading dock (Room 134),"During a walkthrough, staff noticed the awkward lifting position at main corridor in loading dock (room 134). No immediate incident occurred but the potential for damage is significant.",2023-10-28 00:00:00,Production,Rubavu Logistics Hub,Ergonomic,Medium,1,1,1
171a9f34-4772-456d-a875-6c8db6b4ef51,Poorly adjusted chair at reception in office (Room 173),"During a walkthrough, staff noticed the poorly adjusted chair at reception in office (room 173). No immediate incident occurred but the potential for harm is significant.",2025-03-06 00:00:00,Production,Bugesera Cement Works,Ergonomic,High,1,0,1
81a731e3-d37f-494f-8023-ccb53e033bf3,Broken guard on generator in loading dock (Room 188),The broken guard on generator in loading dock (room 188) was observed during routine inspection. This presents a potential risk to staff in the department.,2026-01-11 00:00:00,Storage Facility,Nyagatare Cattle Ranch,Machinery,Critical,3,1,0
df0367aa-eed2-40a3-8df9-6a4c7563b4af,Flickering lights in rear exit near welding machine,Follow-up required on the unpleasant odor in warehouse near receiving dock (room 140). The severity is rated as medium due to lack of protection.,2024-02-06 00:00:00,Quality Control,Rwanda Manufacturing Co,Electrical,High,1,0,0
89c070ce-5aac-4ce8-9696-7608191c4373,Improper storage of resin in canteen (Room 131),The improper storage of resin in canteen (room 131) was observed during routine inspection. This presents a potential risk to staff in the building.,2024-07-22 00:00:00,Laboratory,Musanze Mining Corp,Chemical,Critical,2,0,1
85fac444-bd6f-422f-a6e3-9d1c718af487,Blocked fire exit at emergency stairs near assembly area (Room 122),"During a walkthrough, staff noticed the blocked fire exit at emergency stairs near assembly area (room 122). No immediate incident occurred but the potential for damage is significant.",2025-04-07 00:00:00,Storage Facility,Rubavu Logistics Hub,Fire,High,2,0,1
197c8c09-ee1e-43a5-bd9f-a9c175e27179,Broken pipe on exhaust fan in toilet (Room 198),Follow-up required on the broken pipe on exhaust fan in toilet (room 198). The danger is rated as high due to lack of protection.,2023-05-13 00:00:00,Kitchen,Muhanga Agro-Processing,Machinery,High,2,1,1
3024379e-87ef-405d-a6be-dd8b1ddae7a7,Awkward lifting position at basement in canteen (Room 102),Report issued by team lead. The awkward lifting position at basement in canteen (room 102) has been reported by multiple staff members. Recommend further assessment.,2024-05-05 00:00:00,Storage Facility,Rubavu Logistics Hub,Ergonomic,Medium,1,1,0
863b8c85-0e82-4803-b09d-64d97426b954,Blocked emergency route in perimeter fence (Room 115),The blocked emergency route in perimeter fence (room 115) was observed during routine inspection. This presents a potential risk to staff in the building.,2026-03-21 00:00:00,Quality Control,Rubavu Logistics Hub,Fire,Critical,2,1,0
8bb36d50-1167-4f1e-a897-b46cddf8a538,Maintenance requested urgently,The maintenance requested urgently was observed during routine inspection. This presents a potential risk to staff in the building.,2025-11-15 00:00:00,Kitchen,Kigali Construction Ltd,Ergonomic,Medium,2,1,0
1805890a-d9c1-47a6-b952-a2c1bb545ff9,Cluttered floor space around welding machine at service elevator,Staff reported the cluttered floor space around welding machine at service elevator at approximately 4pm. Site inspection confirmed the hazard. Tape has been placed.,2023-01-07 00:00:00,Quality Control,Rubavu Logistics Hub,Slip/Trip/Fall,High,4,1,0
cd92657b-aab5-45d1-a21d-576ccbcf4ca6,Damaged power cord on hoist at emergency stairs (Zone 14),,2024-02-10 00:00:00,Storage Facility,Bugesera Cement Works,Electrical,Critical,2,1,0
040e5f6d-910a-418b-bb83-4a59b866213f,Unlabeled bleach container at south wing (Room 188),I'm concerned about this.,2025-10-05 00:00:00,Administration,RSSB Head Office,Chemical,Critical,1,1,0
06d9056c-20d5-4388-97af-b45436e19f41,Problem with equipment,Follow-up required on the blocked fire exit at rear exit near cafeteria (room 195). The risk is rated as low due to exposure levels.,2024-09-28 00:00:00,Warehouse,Huye Power Plant,Ergonomic,Low,1,1,0
fde8fe4d-87a4-40ee-a9a9-8ee20d7a8ed6,Obstacle in walkway at service elevator (Zone 8),Staff reported the obstacle in walkway at service elevator (zone 8) at approximately 2pm. Site inspection confirmed the hazard. Tape has been placed.,2026-01-03 00:00:00,Maintenance,Gasabo Textile Factory,Slip/Trip/Fall,Low,2,1,1
1ca8c648-b958-45f9-b0bd-7adb914d3eb3,Exposed casing on printer in office (Room 171),Staff reported the exposed casing on printer in office (room 171) at approximately 8am. Site inspection confirmed the hazard. No temporary measures taken.,2024-10-12 00:00:00,Quality Control,Nyagatare Cattle Ranch,Electrical,Critical,0,1,0
51484f36-0382-488b-880e-54389bfdc588,Spoiled materials found in canteen (Zone 13),The spoiled materials found in canteen (zone 13) was observed during routine inspection. This presents a potential risk to staff in the area.,2023-12-22 00:00:00,Warehouse,Muhanga Agro-Processing,Biological,High,2,0,1
7a829201-abc5-4831-a747-fa395be8defd,Improper desk height for ventilator in production floor (Room 188),Follow-up required on the improper desk height for ventilator in production floor (room 188). The danger is rated as medium due to frequency of use.,2023-01-20 00:00:00,Maintenance,RSSB Head Office,Ergonomic,Medium,5,0,0
44be937c-64ea-4ad1-b86a-d5304e68c9e1,Spoiled materials found in toilet (Zone 4),"During a walkthrough, staff noticed the spoiled materials found in toilet (zone 4). No immediate incident occurred but the potential for damage is significant.",2023-06-19 00:00:00,Packaging,Nyagatare Cattle Ranch,Biological,Medium,8,0,1
9a725e25-7c16-4fb3-978a-ea99a42c0931,Spilled epoxy around emergency stairs (Room 112),Please investigate.,2023-06-10 00:00:00,Warehouse,Gasabo Textile Factory,Chemical,High,10,1,1
87bb22f5-70b7-4868-a891-6b391e368717,Stagnant water near emergency stairs causing Mold growth,Report issued by safety rep. The stagnant water near emergency stairs causing mold growth has been reported by multiple staff members. Recommend immediate repair.,2026-02-24 00:00:00,Sanitation,Rwanda Manufacturing Co,Biological,Medium,2,0,0
c1f0890d-9072-4fc9-9d0e-daa9c6030fa6,Spilled chlorine around basement (Zone 14),"During a walkthrough, staff noticed the spilled chlorine around basement (zone 14). No immediate incident occurred but the potential for harm is significant.",2026-01-17 00:00:00,Maintenance,Rubavu Logistics Hub,Chemical,High,5,1,0
2ea33a82-ffcb-4518-bbd5-568596d69f4a,Poorly adjusted chair at Station 9 in cafeteria (Room 193),"During a walkthrough, staff noticed the cluttered floor space around hand truck at north entrance. No immediate incident occurred but the potential for harm is significant.",2024-04-03 00:00:00,Workshop,Kigali Construction Ltd,Ergonomic,Low,3,0,0
bd1ca284-6aee-41fe-858c-4ae4edeee1c0,Cluttered floor space around microwave at perimeter fence,Follow-up required on the cluttered floor space around microwave at perimeter fence. The risk is rated as high due to frequency of use.,2024-09-02 00:00:00,Kitchen,RSSB Head Office,Slip/Trip/Fall,High,3,0,1
2d8c06e7-6ebf-486f-acda-f3465310d813,Broken gear on HVAC unit in car park (Room 127),Can someone look at this?,2024-01-08 00:00:00,Kitchen,Gasabo Textile Factory,Machinery,Critical,3,0,0
b63bc608-6043-4c82-aa78-18aaf1e930ae,Damaged power cord on welding machine at rear exit (Room 105),I'm concerned about this.,2023-02-14 00:00:00,Maintenance,Musanze Mining Corp,Electrical,High,1,0,0
46613a97-65f2-4c22-8baf-8cc4813a789c,Debris in toilet near inspection desk (Sector E),Follow-up required on the debris in toilet near inspection desk (sector e). The danger is rated as medium due to exposure levels.,2026-01-08 00:00:00,Sanitation,Rwanda Manufacturing Co,Slip/Trip/Fall,Medium,4,0,0
7a3577c8-5d32-47bd-ace3-ad8496feba81,Sparks observed from transformer in cafeteria (Zone 12),The sparks observed from transformer in cafeteria (zone 12) was observed during routine inspection. This presents a potential risk to staff in the department.,2023-02-07 00:00:00,Workshop,Kigali Construction Ltd,Electrical,Critical,1,0,1
c0b056b8-33c2-499f-a4c2-89ebee3cbc97,Improper storage of lubricant in lobby (Room 105) (similar to report #2256),"During a walkthrough, staff noticed the improper storage of lubricant in lobby (room 105) (similar to report #2256). No immediate incident occurred but the potential for harm is significant.",2026-08-24 00:00:00,Assembly Line,Nyagatare Cattle Ranch,Fire,Critical,3,0,1
7f7c82c4-c5c4-414c-aa2b-5c8c9debe0f1,Loose carpet in lobby near receiving dock (Room 140),The loose carpet in lobby near receiving dock (room 140) was observed during routine inspection. This presents a potential risk to staff in the department.,2025-01-18 00:00:00,Laboratory,Kigali Construction Ltd,Slip/Trip/Fall,High,9,1,1
866c32cb-3b8e-470f-bd4a-a921dfb9229e,Faulty switch on HVAC unit near Station 4,Please investigate.,2025-08-25 00:00:00,Kitchen,Bugesera Cement Works,Machinery,High,0,0,0
223b7733-6693-499c-99e2-dbb8dd414ffe,Fumes from coolant near Station 20 (Sector D),Follow-up required on the fumes from coolant near station 20 (sector d). The severity is rated as high due to lack of protection.,2023-06-19 00:00:00,Administration,Rubavu Logistics Hub,Chemical,High,1,0,0
5849aa72-f53f-4f3a-9b29-2083d474888b,Pest infestation in office near service elevator (Room 180),I'm concerned about this.,2024-01-22 00:00:00,Transport,Musanze Mining Corp,Biological,Medium,3,0,0
6f1e2606-a1f8-47a8-acfc-9507bced9bb2,Cluttered floor space around transformer at basement,Staff reported the cluttered floor space around transformer at basement at approximately 10am. Site inspection confirmed the hazard. Tape has been placed.,2023-09-10 00:00:00,Storage Facility,Muhanga Agro-Processing,Slip/Trip/Fall,Low,2,1,1
25811f53-efea-4da8-b900-19fc88f83933,Unsafe operation of crusher in toilet (Room 140),Report issued by team lead. The unsafe operation of crusher in toilet (room 140) has been reported by multiple staff members. Recommend temporary closure.,2024-09-30 00:00:00,Loading Bay,Rwanda Manufacturing Co,Machinery,Medium,0,0,0
02d08026-d911-4ef9-a155-04306ef1f5ad,Spoiled materials found in loading dock (Room 161),Staff reported the spoiled materials found in loading dock (room 161) at approximately 4pm. Site inspection confirmed the hazard. Tape has been placed.,2026-03-15 00:00:00,Warehouse,Kigali Construction Ltd,Biological,High,6,1,1
873195e9-f1b2-4559-a7bf-30d7401b3642,Odor from pesticides near loading dock (Room 103),"During a walkthrough, staff noticed the odor from pesticides near loading dock (room 103). No immediate incident occurred but the potential for harm is significant.",2023-06-16 00:00:00,Security,Rubavu Logistics Hub,Chemical,Critical,1,0,0
2bcc5dcf-4473-42c2-8514-60febb0e1f56,Unlabeled epoxy container at service elevator (Room 141),,2023-01-21 00:00:00,Loading Bay,Musanze Mining Corp,Chemical,Critical,3,1,0
0851b023-3634-430b-8578-2fddf74de747,Loose carpet in workshop near south wing (Room 109),The loose carpet in workshop near south wing (room 109) was observed during routine inspection. This presents a potential risk to staff in the area.,2023-04-21 00:00:00,Production,Kigali Construction Ltd,Slip/Trip/Fall,High,7,0,1
e7b23c83-b80f-413a-a983-fc151f596196,Repetitive strain risk operating hand truck at Station 8,Can someone look at this?,2024-09-01 00:00:00,Assembly Line,Gasabo Textile Factory,Ergonomic,High,4,1,0
7a365d0c-168b-4ea9-a025-47a4e73e55ae,Spilled epoxy around service elevator (Room 192),,2025-09-06 00:00:00,Sanitation,Musanze Mining Corp,Chemical,High,0,1,0
207dd895-3616-4ce7-bc86-ecfc4303bbde,Fumes from acids near Station 2 (Room 167) (similar to report #1780),The fumes from acids near station 2 (room 167) (similar to report #1780) was observed during routine inspection. This presents a potential risk to staff in the building.,2023-09-04 00:00:00,Warehouse,Musanze Mining Corp,Machinery,Low,5,0,1
62f1016c-d605-4ac7-b7ee-d67c98eb9982,Faulty fire extinguisher in warehouse (Room 102),The faulty fire extinguisher in warehouse (room 102) was observed during routine inspection. This presents a potential risk to staff in the building.,2024-09-01 00:00:00,Assembly Line,Kigali Construction Ltd,Fire,Critical,1,1,1
29da188d-fd90-436a-aa10-3af3c7410276,Spilled industrial glue around receiving dock (Room 176),"During a walkthrough, staff noticed the spilled industrial glue around receiving dock (room 176). No immediate incident occurred but the potential for damage is significant.",2025-01-05 00:00:00,Packaging,Huye Power Plant,Chemical,Medium,0,1,0
7def830a-3197-4480-aa44-914bdf2b7d83,Flickering lights in rooftop near grinder,The flickering lights in rooftop near grinder was observed during routine inspection. This presents a potential risk to staff in the area.,2023-04-08 00:00:00,Assembly Line,Rubavu Logistics Hub,Electrical,Critical,0,1,1
51fa2fe3-79f4-407b-bc56-8a92fa8f8519,Maintenance requested urgently,This needs fixing urgently.,2025-12-30 00:00:00,Packaging,Bugesera Cement Works,Machinery,Medium,2,0,1
75ce3e5f-aaba-4d43-9cc5-1c74d84f219d,Repetitive strain risk operating computer at control panel,Report issued by team lead. The repetitive strain risk operating computer at control panel has been reported by multiple staff members. Recommend further assessment.,2024-08-03 00:00:00,Loading Bay,Kigali Construction Ltd,Ergonomic,Low,0,1,0
a08bccc9-ea08-4f03-9c0f-cc2811104fd4,Unlabeled lubricant container at front gate (Room 158),Follow-up required on the unlabeled lubricant container at front gate (room 158). The severity is rated as medium due to frequency of use.,2023-11-06 00:00:00,Assembly Line,Kigali Construction Ltd,Chemical,Medium,0,0,0
69977168-2a7c-4216-9138-3cae0921205d,Unpleasant odor in storage room near main lobby (Room 164),"During a walkthrough, staff noticed the unpleasant odor in storage room near main lobby (room 164). No immediate incident occurred but the potential for damage is significant.",2025-05-08 00:00:00,Packaging,Bugesera Cement Works,Biological,Low,5,0,0
6469ddfa-8cb2-4512-be87-8ed6eef576eb,Blocked emergency route in west exit (Zone 1),The blocked emergency route in west exit (zone 1) was observed during routine inspection. This presents a potential risk to staff in the building.,2025-09-15 00:00:00,Workshop,Huye Power Plant,Fire,High,13,0,1
64a54713-921b-4659-b941-7b19cb316c2d,Stagnant water near front gate causing Unpleasant odor,Can someone look at this?,2028-01-05 00:00:00,Kitchen,Musanze Mining Corp,Biological,Low,3,0,0
2a9c1585-3c05-4501-91f0-1de880637612,Biological waste disposal issue in break room (Zone 10),Report issued by employee. The biological waste disposal issue in break room (zone 10) has been reported by multiple staff members. Recommend review by safety team.,2024-08-12 00:00:00,Production,Huye Power Plant,Biological,Critical,14,0,1
7c563f23-ffdf-4fc8-9d60-8f7e46c959ce,Strange noise from milling machine at front gate (Room 117),,2023-09-25 00:00:00,Laboratory,Muhanga Agro-Processing,Machinery,Critical,2,0,0
bc12bc08-e699-4fcc-9054-76c4dd27765a,Biological waste disposal issue in maintenance bay (Zone 4),Staff reported the biological waste disposal issue in maintenance bay (zone 4) at approximately 8am. Site inspection confirmed the hazard. No temporary measures taken.,2023-12-08 00:00:00,Workshop,Kigali Construction Ltd,Biological,Medium,7,0,0
a689a375-adaf-4f6e-a729-d81bb298ea96,Unlabeled coolant container at perimeter fence (Room 158),,2025-01-23 00:00:00,Production,Huye Power Plant,Chemical,Critical,4,0,0
d030b006-e04e-491b-9be6-954d8df65045,Poorly adjusted chair at assembly line in cafeteria (Room 184),The poorly adjusted chair at assembly line in cafeteria (room 184) was observed during routine inspection. This presents a potential risk to staff in the area.,2023-11-25 00:00:00,Quality Control,Rubavu Logistics Hub,Ergonomic,Medium,2,1,0
b6839478-7698-4590-8511-b67e09f4651b,Awkward lifting position at west exit in assembly area (Room 138),The repetitive strain risk operating boiler at station 15 was observed during routine inspection. This presents a potential risk to staff in the department.,2024-10-13 00:00:00,Production,Rwanda Manufacturing Co,Ergonomic,Medium,2,1,0
b1c080ae-ec1a-4be7-988a-6ee99e715ea2,Poorly adjusted chair at assembly line in loading dock (Zone 7),Follow-up required on the poorly adjusted chair at assembly line in loading dock (zone 7). The danger is rated as high due to lack of protection.,2026-05-02 00:00:00,Sanitation,Nyagatare Cattle Ranch,Ergonomic,High,3,1,0
8354794e-de95-4468-836b-8f53f5a54192,Sparks observed from microwave in break room (Room 180),Follow-up required on the sparks observed from microwave in break room (room 180). The severity is rated as critical due to lack of protection.,2023-11-11 00:00:00,Production,Muhanga Agro-Processing,Electrical,Critical,13,1,1
b3374336-8b99-4ede-94cf-7a071a303e46,Mold growth in toilet near south wing (Room 139),Follow-up required on the blocked emergency route in south wing (room 121). The risk is rated as high due to proximity to staff.,2023-01-18 00:00:00,Storage Facility,Bugesera Cement Works,Biological,Low,1,0,0
579af59c-27b0-43c3-99a0-b44b0eb5ab80,Spilled resin around south wing (Room 166),Staff reported the spilled resin around south wing (room 166) at approximately 4pm. Site inspection confirmed the hazard. Warning signs posted.,2024-01-07 00:00:00,Loading Bay,RSSB Head Office,Chemical,Critical,1,1,0
d406eebf-e3e1-4b7a-a69e-aa0b8bc332a5,Insects found in server room near rooftop (Room 189),The exposed hose on forklift at loading bay (zone 10) was observed during routine inspection. This presents a potential risk to staff in the department.,2024-10-07 00:00:00,Security,Rwanda Manufacturing Co,Biological,Low,0,0,0
2b152b16-f157-468c-97d8-6a77cda75eec,Broken valve on generator in loading dock (Zone 8),Please investigate.,2023-04-23 00:00:00,Maintenance,Huye Power Plant,Machinery,Critical,1,1,0
08ddc4d1-be0c-469b-9403-7a5e7f308c0f,Obstacle in walkway at front gate (Room 169),Report issued by safety rep. The obstacle in walkway at front gate (room 169) has been reported by multiple staff members. Recommend review by safety team.,2025-06-04 00:00:00,Quality Control,RSSB Head Office,Slip/Trip/Fall,Low,2,0,0
902f44c5-4874-4598-ade1-742f10c2ff3c,Loose carpet in production floor near east wing (Room 103),Staff reported the loose carpet in production floor near east wing (room 103) at approximately 8am. Site inspection confirmed the hazard. Tape has been placed.,2024-03-05 00:00:00,Transport,Kigali Construction Ltd,Slip/Trip/Fall,High,1,0,1
b5b31635-994d-439d-83f3-60fd804f3c3e,Cluttered floor space around microwave at west exit (similar to report #558),"During a walkthrough, staff noticed the cluttered floor space around microwave at west exit (similar to report #558). No immediate incident occurred but the potential for damage is significant.",2024-06-21 00:00:00,Kitchen,Gasabo Textile Factory,Biological,High,3,0,0
75bbdc93-67cf-4e46-a259-4a96195e904a,Overloaded power outlet near Station 8 (Room 108),Staff reported the overloaded power outlet near station 8 (room 108) at approximately 10am. Site inspection confirmed the hazard. Tape has been placed.,2024-12-31 00:00:00,Assembly Line,Kigali Construction Ltd,Electrical,Critical,1,0,1
ddc371dd-ca26-47b5-9e3e-44067cf45700,Leakage from lubricant near cafeteria (Room 170),"During a walkthrough, staff noticed the leakage from lubricant near cafeteria (room 170). No immediate incident occurred but the potential for injury is significant.",2023-11-09 00:00:00,Transport,RSSB Head Office,Chemical,High,1,0,0
5a493d0f-100a-4041-89ad-4acea9701bdd,Spoiled materials found in loading dock (Room 134),Follow-up required on the spoiled materials found in loading dock (room 134). The risk is rated as high due to exposure levels.,2023-10-05 00:00:00,Storage Facility,Rubavu Logistics Hub,Biological,High,2,0,1
928c2c50-b8ca-4f25-ae08-685af71ce688,Awkward lifting position at basement in break room (Room 154),Staff reported the awkward lifting position at basement in break room (room 154) at approximately 2pm. Site inspection confirmed the hazard. No temporary measures taken.,2025-02-09 00:00:00,Packaging,Rubavu Logistics Hub,Ergonomic,Medium,0,1,0
0619d102-bd28-43a1-898b-a077ec7fa1ee,Smoke detector malfunctioning in toilet (Room 154),Report issued by supervisor. The smoke detector malfunctioning in toilet (room 154) has been reported by multiple staff members. Recommend further assessment.,2023-06-17 00:00:00,Administration,Rwanda Manufacturing Co,Fire,Critical,0,1,0
154a740c-3061-46ca-b264-c90d141ae588,Spilled chlorine around rooftop (Room 178),This has been like this for weeks.,2024-07-15 00:00:00,Security,Nyagatare Cattle Ranch,Chemical,High,12,0,0
efab9766-a694-4dce-8381-5fd41ac1d27d,Repetitive strain risk operating ventilator at assembly line,Staff reported the repetitive strain risk operating ventilator at assembly line at approximately 8am. Site inspection confirmed the hazard. No temporary measures taken.,2024-03-13 00:00:00,Packaging,Nyagatare Cattle Ranch,Ergonomic,Medium,5,0,1
0504398a-d84b-485b-8f57-0e2d122aac75,Spill of degreaser near office (Room 142),The spill of degreaser near office (room 142) was observed during routine inspection. This presents a potential risk to staff in the area.,2024-10-20 00:00:00,Packaging,Rubavu Logistics Hub,Chemical,Critical,0,1,1
5104de5a-bc08-4810-9496-ce2e9ea3a221,Unlabeled resin container at rear exit (Room 159),Staff reported the unlabeled resin container at rear exit (room 159) at approximately 2pm. Site inspection confirmed the hazard. Tape has been placed.,2024-06-10 00:00:00,Transport,Rubavu Logistics Hub,Chemical,High,1,0,0
2ffabaca-cca9-4035-bba0-23bd60749279,Exposed wire on generator at east wing (Room 141),Staff reported the exposed wire on generator at east wing (room 141) at approximately 4pm. Site inspection confirmed the hazard. No temporary measures taken.,2023-10-11 00:00:00,Production,Nyagatare Cattle Ranch,Machinery,High,14,0,1
73f442ee-9dba-4348-98fc-eed41ca6d419,Flickering lights in rooftop near computer,The flickering lights in rooftop near computer was observed during routine inspection. This presents a potential risk to staff in the area.,2025-03-15 00:00:00,Laboratory,Rwanda Manufacturing Co,Electrical,Critical,7,1,1
046b4585-249a-4c2c-993a-29a00761b7be,Sparks observed from shredder in chemical storage (Zone 5),"During a walkthrough, staff noticed the sparks observed from shredder in chemical storage (zone 5). No immediate incident occurred but the potential for damage is significant.",2025-05-30 00:00:00,Packaging,Kigali Construction Ltd,Electrical,High,13,0,0
eedc29e7-5359-4715-8c9e-6551cd411bdb,Stagnant water near rear exit causing Mold growth,Follow-up required on the stagnant water near rear exit causing mold growth. The danger is rated as low due to lack of protection.,2025-07-26 00:00:00,Transport,Gasabo Textile Factory,Biological,Low,3,1,0
26e74f20-4d6e-4c9d-b2d0-824ba86f71b9,Pest infestation in canteen near rooftop (Room 182),I'm concerned about this.,2023-11-01 00:00:00,Office Complex,Musanze Mining Corp,Biological,Medium,2,0,0
3b24a210-d6fe-485a-b7cf-fa83988cd915,Faulty fire extinguisher in maintenance bay (Room 141),"During a walkthrough, staff noticed the faulty fire extinguisher in maintenance bay (room 141). No immediate incident occurred but the potential for harm is significant.",2025-05-18 00:00:00,Laboratory,Rubavu Logistics Hub,Fire,Critical,4,1,0
8949ccdd-4a1c-49fb-987d-f57d1ecf9911,Improper desk height for welding machine in chemical storage (Room 148) (similar to report #1809),Report issued by supervisor. The improper desk height for welding machine in chemical storage (room 148) (similar to report #1809) has been reported by multiple staff members. Recommend review by safety team.,2024-10-28 00:00:00,Administration,Gasabo Textile Factory,Slip/Trip/Fall,High,0,0,0
312cd177-22e7-4029-948e-8dbaed560486,Overloaded power outlet near Station 18 (Room 122),"During a walkthrough, staff noticed the overloaded power outlet near station 18 (room 122). No immediate incident occurred but the potential for harm is significant.",2026-04-13 00:00:00,Kitchen,Nyagatare Cattle Ranch,Electrical,High,5,0,0
7d11b706-2596-46df-b58b-8099b7ffc8c8,Spilled solvents around receiving dock (Room 161),Follow-up required on the spilled solvents around receiving dock (room 161). The severity is rated as high due to proximity to staff.,2024-07-27 00:00:00,Kitchen,Musanze Mining Corp,Chemical,High,2,1,0
3c665798-7792-41da-9a7a-ade7203384d1,Sparks observed from boiler in loading dock (Zone 8),Follow-up required on the sparks observed from boiler in loading dock (zone 8). The risk is rated as critical due to exposure levels.,2025-02-01 00:00:00,Security,Huye Power Plant,Electrical,Critical,3,1,1
9667788f-b278-4930-aa62-0ea1b086a8ee,Broken pipe on exhaust fan in lobby (Sector H),"During a walkthrough, staff noticed the broken pipe on exhaust fan in lobby (sector h). No immediate incident occurred but the potential for injury is significant.",2025-12-19 00:00:00,Office Complex,Gasabo Textile Factory,Machinery,Medium,1,0,1
a4ec7604-2705-4d78-948d-a9d469dcc86a,Repetitive strain risk operating printer at checkout counter,Report issued by employee. The repetitive strain risk operating printer at checkout counter has been reported by multiple staff members. Recommend review by safety team.,2025-08-09 00:00:00,Maintenance,Rubavu Logistics Hub,Ergonomic,Medium,2,1,0
3f0c2145-0b07-4468-b0a1-19b200c3bebb,Fumes from coolant near Station 6 (Sector H),Report issued by employee. The fumes from coolant near station 6 (sector h) has been reported by multiple staff members. Recommend review by safety team.,2023-05-10 00:00:00,Security,Bugesera Cement Works,Chemical,Medium,7,0,1
5139d226-d27f-42cd-b29c-d1ceb5bdedc0,Sparks observed from welding machine in chemical storage (Room 176),"During a walkthrough, staff noticed the sparks observed from welding machine in chemical storage (room 176). No immediate incident occurred but the potential for injury is significant.",2026-03-18 00:00:00,Administration,Kigali Construction Ltd,Electrical,Critical,4,0,0
dab63fdb-5543-41d3-9656-4debf730bc60,Exposed wire on welding station at front gate (Room 174),The exposed wire on welding station at front gate (room 174) was observed during routine inspection. This presents a potential risk to staff in the building.,2023-06-07 00:00:00,Transport,Bugesera Cement Works,Machinery,Medium,1,0,1
9c55c346-ca48-4a8f-9d50-93df356e10b3,Loose carpet in chemical storage near west exit (Room 190),Staff reported the loose carpet in chemical storage near west exit (room 190) at approximately 4pm. Site inspection confirmed the hazard. Warning signs posted.,2023-09-24 00:00:00,Workshop,Muhanga Agro-Processing,Slip/Trip/Fall,Low,8,1,1
dd004a95-efec-467c-bb6c-688ce377e467,Tripping hazard in break room near Station 20 (Room 124),Staff reported the tripping hazard in break room near station 20 (room 124) at approximately 2pm. Site inspection confirmed the hazard. Tape has been placed.,2025-04-21 00:00:00,Warehouse,Huye Power Plant,Slip/Trip/Fall,High,1,0,0
e31c7ed5-c7cc-485b-871d-e174c6471f6c,Faulty fire extinguisher in workshop (Zone 12),This needs fixing urgently.,2024-10-17 00:00:00,Warehouse,Gasabo Textile Factory,Fire,Critical,6,0,1
8baa7092-1724-44f6-9b19-4d2534e9bdce,Fumes from ammonia near workbench (Zone 10),Report issued by employee. The fumes from ammonia near workbench (zone 10) has been reported by multiple staff members. Recommend further assessment.,2024-09-16 00:00:00,Storage Facility,Nyagatare Cattle Ranch,Chemical,Critical,6,0,1
74f8fbda-db1b-43a7-84ec-54bb47a22409,Smoke detector malfunctioning in car park (Room 181),"During a walkthrough, staff noticed the smoke detector malfunctioning in car park (room 181). No immediate incident occurred but the potential for damage is significant.",2026-03-15 00:00:00,Loading Bay,Nyagatare Cattle Ranch,Fire,Critical,1,1,0
16bc88db-0ec5-4226-9e07-7c92acaefe32,Awkward lifting position at main corridor in storage room (Room 187),"During a walkthrough, staff noticed the awkward lifting position at main corridor in storage room (room 187). No immediate incident occurred but the potential for injury is significant.",2024-02-11 00:00:00,Sanitation,Gasabo Textile Factory,Ergonomic,Low,1,1,0
c76302b8-88d9-4e09-9505-18b95cbb7f35,Broken plug on packaging unit in loading dock (Room 112),Staff reported the broken plug on packaging unit in loading dock (room 112) at approximately 2pm. Site inspection confirmed the hazard. Tape has been placed.,2026-05-29 00:00:00,Office Complex,Bugesera Cement Works,Machinery,Critical,3,0,1
fe18368a-6ea3-4904-888a-b62a5f5db6d6,Loose carpet in production floor near north entrance (Room 116),"During a walkthrough, staff noticed the loose carpet in production floor near north entrance (room 116). No immediate incident occurred but the potential for damage is significant.",2023-01-24 00:00:00,Security,Musanze Mining Corp,Slip/Trip/Fall,Medium,2,0,0
8d7aa003-a8c6-471a-ba08-75ab9feced95,Repetitive strain risk operating transformer at Station 13,,2023-08-17 00:00:00,Administration,Huye Power Plant,Ergonomic,High,4,0,0
191658cb-31c3-4c46-aca0-dd5f1011fb62,Obstacle in walkway at emergency stairs (Room 125),I'm concerned about this.,2024-03-14 00:00:00,Storage Facility,Kigali Construction Ltd,Slip/Trip/Fall,Medium,3,0,0
84deff86-492c-401f-b5ee-9cd515c3092f,Awkward lifting position at basement in canteen (Room 113),Follow-up required on the awkward lifting position at basement in canteen (room 113). The severity is rated as high due to proximity to staff.,2025-05-16 00:00:00,Sanitation,Rubavu Logistics Hub,Ergonomic,High,1,0,1
ece6a8e8-8345-4813-b5cc-8c71b2035aec,Broken motor on crane in canteen (Room 139) (similar to report #680),,2023-09-15 00:00:00,Kitchen,Gasabo Textile Factory,Electrical,High,1,0,0
0ffa4550-3b26-4ff1-b4b2-e7ef9b4615db,Biological waste disposal issue in corridor (Room 188) (similar to report #1714),The biological waste disposal issue in corridor (room 188) (similar to report #1714) was observed during routine inspection. This presents a potential risk to staff in the department.,2025-08-08 00:00:00,Loading Bay,Huye Power Plant,Machinery,Medium,6,0,0
5b84da9b-d837-49f8-9d6d-e23b89836584,Spill of bleach near assembly area (Room 160),Follow-up required on the spill of bleach near assembly area (room 160). The danger is rated as medium due to lack of protection.,2025-12-13 00:00:00,Packaging,Huye Power Plant,Chemical,Medium,8,1,1
45bf53c4-d1ba-4e23-8307-46a9ac8eb607,Traces of industrial glue near server room (Room 192),"During a walkthrough, staff noticed the traces of industrial glue near server room (room 192). No immediate incident occurred but the potential for harm is significant.",2023-10-26 00:00:00,Security,Gasabo Textile Factory,Chemical,High,5,0,1
3f09e7e2-fee3-4945-9e94-b2b43b9c5aae,Cluttered floor space around power drill at service elevator,"During a walkthrough, staff noticed the cluttered floor space around power drill at service elevator. No immediate incident occurred but the potential for damage is significant.",2023-08-24 00:00:00,Kitchen,Bugesera Cement Works,Slip/Trip/Fall,Medium,3,0,0
09b5fd32-ab22-4edd-8b8e-4089ed5126e5,Spill of bleach near warehouse (Room 198),The spill of bleach near warehouse (room 198) was observed during routine inspection. This presents a potential risk to staff in the department.,2023-06-27 00:00:00,Transport,Huye Power Plant,Chemical,Medium,10,0,1
444a8659-b4b3-4b67-8863-e102a99132bf,Exposed sensor on microwave in office (Sector B),Report issued by team lead. The exposed sensor on microwave in office (sector b) has been reported by multiple staff members. Recommend review by safety team.,2023-03-07 00:00:00,Transport,Rubavu Logistics Hub,Electrical,Critical,0,0,1
c3eb84bd-f1db-4f56-940c-184b861596b2,Unpleasant odor in maintenance bay near perimeter fence (Sector C),Report issued by supervisor. The unpleasant odor in maintenance bay near perimeter fence (sector c) has been reported by multiple staff members. Recommend immediate repair.,2023-02-10 00:00:00,Workshop,Muhanga Agro-Processing,Biological,High,3,0,0
44a8d0e8-1e25-43dc-9a18-df384067dfa0,Flickering lights in south wing near microwave,This has been like this for weeks.,2023-10-30 00:00:00,Workshop,Rwanda Manufacturing Co,Electrical,Critical,6,0,0
52e8e7e2-c32f-4bfd-8fd1-bbbb61352b64,Spill of chlorine near workshop (Room 145),Report issued by employee. The spill of chlorine near workshop (room 145) has been reported by multiple staff members. Recommend temporary closure.,2024-06-13 00:00:00,Security,Kigali Construction Ltd,Chemical,Medium,3,0,0
d32397a6-81cd-4807-b710-753eaed986e7,Improper desk height for ventilator in break room (Room 153),Report issued by employee. The improper desk height for ventilator in break room (room 153) has been reported by multiple staff members. Recommend review by safety team.,2026-03-10 00:00:00,Security,Bugesera Cement Works,Ergonomic,High,0,0,1
20e23472-006b-43b9-b352-eef5783d6787,Fumes from bleach near dispatch area (Zone 11),Please investigate.,2023-08-16 00:00:00,Quality Control,Rubavu Logistics Hub,Chemical,Medium,8,0,1
7df7dd5b-2b77-4d70-96ca-41cd6120f6ee,Exposed guard on transformer in storage room (Room 183),"During a walkthrough, staff noticed the exposed guard on transformer in storage room (room 183). No immediate incident occurred but the potential for damage is significant.",2024-03-06 00:00:00,Kitchen,Nyagatare Cattle Ranch,Electrical,Critical,10,0,1
3cf03f12-bf25-40f5-9f3d-ab1b7801c661,Problem with equipment,,2026-12-27 00:00:00,Maintenance,Muhanga Agro-Processing,Chemical,Critical,13,1,1
6e360e57-f9e7-49d1-9e6b-1dc46f748781,Spilled chlorine around west exit (Room 109),"During a walkthrough, staff noticed the spilled chlorine around west exit (room 109). No immediate incident occurred but the potential for damage is significant.",2024-05-21 00:00:00,Security,Huye Power Plant,Chemical,Critical,7,0,1
0f899e70-ceb9-4b5e-aad8-f9f00b23c968,Spoiled materials found in assembly area (Room 118),The spoiled materials found in assembly area (room 118) was observed during routine inspection. This presents a potential risk to staff in the department.,2024-01-06 00:00:00,Transport,Musanze Mining Corp,Biological,Low,15,1,0
9eb3f8ab-198d-4d88-9260-fbfc1a82d036,Improper desk height for printer in cafeteria (Room 158),Staff reported the improper desk height for printer in cafeteria (room 158) at approximately 8am. Site inspection confirmed the hazard. No temporary measures taken.,2023-06-14 00:00:00,Maintenance,Rwanda Manufacturing Co,Ergonomic,Medium,8,0,1
5515755a-01f1-437f-af31-b0db84c1c789,Uneven flooring in corridor near Station 16 (Room 104),Staff reported the uneven flooring in corridor near station 16 (room 104) at approximately 10am. Site inspection confirmed the hazard. Tape has been placed.,2026-02-05 00:00:00,Maintenance,Rubavu Logistics Hub,Slip/Trip/Fall,Low,3,0,0
912edb44-ded1-4f53-a47c-edd1cb21849c,Unlabeled pesticides container at basement (Zone 13),Report issued by supervisor. The unlabeled pesticides container at basement (zone 13) has been reported by multiple staff members. Recommend temporary closure.,2024-10-08 00:00:00,Packaging,Gasabo Textile Factory,Chemical,High,3,0,0
d272d1fb-ff6c-4e7d-9788-d5af0ca5a7a5,Routine check finding,Report issued by supervisor. The routine check finding has been reported by multiple staff members. Recommend review by safety team.,2024-01-27 00:00:00,Kitchen,Nyagatare Cattle Ranch,Biological,High,1,1,0
dfc49fa2-48b0-46d3-995f-b3d30b7045fb,Insects found in corridor near front gate (Room 160),Report issued by supervisor. The insects found in corridor near front gate (room 160) has been reported by multiple staff members. Recommend further assessment.,2025-11-23 00:00:00,Warehouse,Kigali Construction Ltd,Biological,Medium,2,1,1
9f87b250-87d1-4d0f-bf1a-5b49d1698c45,Awkward lifting position at basement in storage room (Zone 11),,2025-05-25 00:00:00,Loading Bay,RSSB Head Office,Ergonomic,High,4,1,0
2e996850-7344-448a-8246-edc205df4071,Poorly adjusted chair at Station 8 in assembly area (Room 107),"During a walkthrough, staff noticed the poorly adjusted chair at station 8 in assembly area (room 107). No immediate incident occurred but the potential for harm is significant.",2024-07-19 00:00:00,Maintenance,Muhanga Agro-Processing,Ergonomic,Medium,7,0,1
730adea8-4387-4d24-a432-5388d40149a4,Accumulated flammable material near hoist (Room 186),Staff reported the obstacle in walkway at rooftop (room 156) at approximately 8am. Site inspection confirmed the hazard. Warning signs posted.,2023-02-06 00:00:00,Laboratory,Huye Power Plant,Fire,High,1,0,1
dfbe9c3a-cd8f-4a37-99e2-40bd14e24e7f,Faulty switch on CNC machine near Station 4,Report issued by employee. The faulty switch on cnc machine near station 4 has been reported by multiple staff members. Recommend immediate repair.,2023-10-09 00:00:00,Office Complex,Rwanda Manufacturing Co,Machinery,High,0,0,1
c54fcbd3-2165-4bd8-83fc-aa8e0bd798cc,Broken valve on pump system in warehouse (Room 153),Staff reported the broken valve on pump system in warehouse (room 153) at approximately 8am. Site inspection confirmed the hazard. No temporary measures taken.,2023-02-20 00:00:00,Sanitation,Kigali Construction Ltd,Machinery,Medium,2,0,0
1b146698-b22f-494f-a57a-6be75331a649,Unsafe operation of hydraulic press in maintenance bay (Room 120),"During a walkthrough, staff noticed the unsafe operation of hydraulic press in maintenance bay (room 120). No immediate incident occurred but the potential for damage is significant.",2024-10-09 00:00:00,Administration,Nyagatare Cattle Ranch,Machinery,High,3,0,0
3a3f0b32-7106-447f-a23a-31481de4f9ca,Obstacle in walkway at west exit (Room 142),Staff reported the obstacle in walkway at west exit (room 142) at approximately 10am. Site inspection confirmed the hazard. Tape has been placed.,2026-04-14 00:00:00,Storage Facility,Kigali Construction Ltd,Slip/Trip/Fall,High,0,0,0
0fedee7f-2ea9-40a9-b54f-b723e2b1e1e3,Exposed sensor on transformer in canteen (Room 136),The exposed sensor on transformer in canteen (room 136) was observed during routine inspection. This presents a potential risk to staff in the area.,2025-12-22 00:00:00,Workshop,Gasabo Textile Factory,Electrical,Critical,4,0,1
18705592-3328-4d63-919b-fe630b50e53f,Blocked fire exit at service elevator near corridor (Room 131),Report issued by team lead. The blocked fire exit at service elevator near corridor (room 131) has been reported by multiple staff members. Recommend review by safety team.,2023-03-10 00:00:00,Workshop,Bugesera Cement Works,Fire,Critical,0,0,1
31c92054-eb4e-47cb-89c0-bcb4d88412cf,Faulty fire extinguisher in stairwell (Room 192),Staff reported the faulty fire extinguisher in stairwell (room 192) at approximately 4pm. Site inspection confirmed the hazard. No temporary measures taken.,2023-07-30 00:00:00,Storage Facility,Rubavu Logistics Hub,Fire,Critical,1,1,0
cf8737df-08a1-4829-8bde-d4d8c2f73693,Spoiled materials found in assembly area (Room 176),Staff reported the spoiled materials found in assembly area (room 176) at approximately 8am. Site inspection confirmed the hazard. Tape has been placed.,2025-05-08 00:00:00,Storage Facility,Nyagatare Cattle Ranch,Biological,Low,1,0,0
0dd2a814-2e08-4749-b4df-55765b5bde05,Improper desk height for microwave in lobby (Room 192),"During a walkthrough, staff noticed the improper desk height for microwave in lobby (room 192). No immediate incident occurred but the potential for damage is significant.",2028-05-23 00:00:00,Laboratory,Musanze Mining Corp,Ergonomic,Medium,0,0,1
4ecf0f5f-a02e-479f-9aa4-f4201d177854,Unpleasant odor in storage room near north entrance (Room 198),"During a walkthrough, staff noticed the unpleasant odor in storage room near north entrance (room 198). No immediate incident occurred but the potential for damage is significant.",2024-04-13 00:00:00,Administration,Huye Power Plant,Biological,Low,0,1,0
2695d5f6-06dc-475d-bb7f-baff6241d701,Exposed gear on hoist in loading dock (Room 196),The exposed gear on hoist in loading dock (room 196) was observed during routine inspection. This presents a potential risk to staff in the building.,2023-04-07 00:00:00,Warehouse,Rwanda Manufacturing Co,Electrical,Critical,7,0,1
f877fdcb-52ed-4004-9f9b-d82913e44f3c,Maintenance requested urgently,Staff reported the maintenance requested urgently at approximately 10am. Site inspection confirmed the hazard. Warning signs posted.,2024-02-11 00:00:00,Transport,Muhanga Agro-Processing,Biological,Medium,10,1,0
dd49ebee-d05e-484d-bbd5-4ee07f3d5f7b,Unlabeled acids container at west exit (Room 172),Follow-up required on the unlabeled acids container at west exit (room 172). The risk is rated as high due to lack of protection.,2024-02-16 00:00:00,Office Complex,RSSB Head Office,Chemical,High,8,0,0
ecb0310d-1dae-4808-8369-5255daf22d59,Spoiled materials found in server room (Room 102),Follow-up required on the spoiled materials found in server room (room 102). The danger is rated as medium due to frequency of use.,2024-06-26 00:00:00,Loading Bay,Kigali Construction Ltd,Biological,Medium,1,0,0
03e9dc37-eaaa-478c-af13-0c99a3b09607,Obstacle in walkway at perimeter fence (Room 165),Report issued by safety rep. The obstacle in walkway at perimeter fence (room 165) has been reported by multiple staff members. Recommend temporary closure.,2025-08-07 00:00:00,Assembly Line,Rwanda Manufacturing Co,Slip/Trip/Fall,High,0,0,0
804a13df-d708-4151-9d47-a9e27d6b8463,Accumulated flammable material near ventilator (Room 128),The accumulated flammable material near ventilator (room 128) was observed during routine inspection. This presents a potential risk to staff in the building.,2023-06-14 00:00:00,Production,Rubavu Logistics Hub,Fire,Critical,1,0,0
78815260-4245-458d-95de-5ade99ed983e,Poorly adjusted chair at Station 20 in office (Zone 5),Report issued by team lead. The poorly adjusted chair at station 20 in office (zone 5) has been reported by multiple staff members. Recommend temporary closure.,2025-07-05 00:00:00,Quality Control,RSSB Head Office,Ergonomic,High,1,1,0
0d96c22e-bbdb-43a7-88c6-a7861b227058,Spoiled materials found in corridor (Room 122),Follow-up required on the spoiled materials found in corridor (room 122). The risk is rated as high due to frequency of use.,2025-05-24 00:00:00,Quality Control,Musanze Mining Corp,Biological,High,6,1,1
81953b88-3a33-4dd2-9912-c2d577ec7937,Check required,The check required was observed during routine inspection. This presents a potential risk to staff in the building.,2023-03-18 00:00:00,Loading Bay,Rubavu Logistics Hub,Ergonomic,Low,1,1,0
cb483ce3-61fc-44f7-94ed-643bd7f90647,Obstacle in walkway at main corridor (Room 168),Staff reported the obstacle in walkway at main corridor (room 168) at approximately 8am. Site inspection confirmed the hazard. Warning signs posted.,2024-09-26 00:00:00,Security,Huye Power Plant,Slip/Trip/Fall,Low,5,0,0
e5b18d72-13f7-49c5-b156-f782ca3bf928,Poorly adjusted chair at Station 12 in chemical storage (Room 121),Follow-up required on the poorly adjusted chair at station 12 in chemical storage (room 121). The risk is rated as low due to lack of protection.,2023-01-12 00:00:00,Transport,Huye Power Plant,Ergonomic,Low,7,0,0
18781360-6139-43ff-9e4b-222423b75e0e,Sparks observed from boiler in chemical storage (Zone 12),The sparks observed from boiler in chemical storage (zone 12) was observed during routine inspection. This presents a potential risk to staff in the area.,2023-02-11 00:00:00,Workshop,Muhanga Agro-Processing,Electrical,Critical,1,1,1
b5b56a09-cad9-4cf4-acab-2d3325f5f115,Strange noise from packaging unit at emergency stairs (Room 135),The strange noise from packaging unit at emergency stairs (room 135) was observed during routine inspection. This presents a potential risk to staff in the building.,2024-10-28 00:00:00,Transport,Rwanda Manufacturing Co,Machinery,Medium,8,0,1
008037ad-31e6-4baf-8189-05ccf669f727,Biological waste disposal issue in workshop (Room 104),The biological waste disposal issue in workshop (room 104) was observed during routine inspection. This presents a potential risk to staff in the department.,2025-01-13 00:00:00,Loading Bay,Bugesera Cement Works,Biological,High,1,0,1
3c185fe7-8b0f-42e4-98fe-9f584da9bb42,Obstacle in walkway at receiving dock (Room 123),Report issued by supervisor. The obstacle in walkway at receiving dock (room 123) has been reported by multiple staff members. Recommend further assessment.,2024-06-04 00:00:00,Assembly Line,Nyagatare Cattle Ranch,Slip/Trip/Fall,Medium,8,0,0
28124869-9891-4a26-8942-8b38d3d554bb,Poorly adjusted chair at Station 4 in cafeteria (Room 181),Report issued by supervisor. The poorly adjusted chair at station 4 in cafeteria (room 181) has been reported by multiple staff members. Recommend further assessment.,2025-05-05 00:00:00,Maintenance,Rwanda Manufacturing Co,Ergonomic,Low,3,0,0
953dbf0c-93fc-47da-a0ef-872a544749ab,Overloaded power outlet near Station 3 (Room 135),Please investigate.,2024-06-28 00:00:00,Sanitation,Rubavu Logistics Hub,Electrical,Critical,0,0,0
d88c974c-427b-49a6-926f-b3975c88c0f1,Stagnant water near rear exit causing Unpleasant odor,Staff reported the stagnant water near rear exit causing unpleasant odor at approximately 4pm. Site inspection confirmed the hazard. No temporary measures taken.,2023-11-14 00:00:00,Maintenance,RSSB Head Office,Biological,High,1,0,1
7e197e46-4252-4f20-9e2c-78e6ee83d580,Unsafe operation of compressor in loading dock (Room 141),"During a walkthrough, staff noticed the unsafe operation of compressor in loading dock (room 141). No immediate incident occurred but the potential for harm is significant.",2024-08-31 00:00:00,Quality Control,Rubavu Logistics Hub,Machinery,High,0,1,0
bf1fe8e7-103a-42cd-9841-be50f54e34f7,Loose carpet in cafeteria near north entrance (Zone 2),"During a walkthrough, staff noticed the loose carpet in cafeteria near north entrance (zone 2). No immediate incident occurred but the potential for damage is significant.",2024-08-22 00:00:00,Production,Bugesera Cement Works,Slip/Trip/Fall,Low,15,0,0
97b47751-f2a0-4c48-8405-a47a7ea884fd,Blocked emergency route in perimeter fence (Room 174),Staff reported the blocked emergency route in perimeter fence (room 174) at approximately 10am. Site inspection confirmed the hazard. Warning signs posted.,2026-02-09 00:00:00,Loading Bay,Muhanga Agro-Processing,Fire,Critical,1,0,1
3c23fcae-7834-4e0e-8b71-5a003f1a32b7,Check required,Report issued by employee. The check required has been reported by multiple staff members. Recommend temporary closure.,2024-12-21 00:00:00,Kitchen,Rubavu Logistics Hub,Machinery,High,1,1,0
2293fa47-30f5-4d50-9aa5-e60e91b2fd42,Damaged power cord on printer at loading bay (Sector A),The damaged power cord on printer at loading bay (sector a) was observed during routine inspection. This presents a potential risk to staff in the building.,2024-02-24 00:00:00,Quality Control,RSSB Head Office,Electrical,High,0,1,1
03e87947-70ec-422d-92a5-fe4bc753f927,Broken belt on crusher in loading dock (Room 160),The broken belt on crusher in loading dock (room 160) was observed during routine inspection. This presents a potential risk to staff in the area.,2024-03-06 00:00:00,Administration,Bugesera Cement Works,Machinery,Critical,3,0,1
43f9d8d7-5453-43e6-8d83-402eaebc2758,Unpleasant odor in cafeteria near west exit (Room 187),,2025-03-02 00:00:00,Administration,Musanze Mining Corp,Biological,Low,8,1,0
b09d172d-3642-44b7-87d6-35f470f2ce31,Broken connector on bandsaw in chemical storage (Room 179),"During a walkthrough, staff noticed the broken connector on bandsaw in chemical storage (room 179). No immediate incident occurred but the potential for injury is significant.",2025-05-17 00:00:00,Administration,Musanze Mining Corp,Machinery,Medium,7,1,1
44b32eea-cf0e-45c7-825a-2219f6e1f2ce,Exposed guard on welding station at rear exit (Room 135),The exposed guard on welding station at rear exit (room 135) was observed during routine inspection. This presents a potential risk to staff in the building.,2025-04-17 00:00:00,Warehouse,Musanze Mining Corp,Machinery,High,3,0,1
9372106f-5ddc-4288-80a5-46a03efe8139,Exposed gear on hand truck in cafeteria (Room 102),The exposed gear on hand truck in cafeteria (room 102) was observed during routine inspection. This presents a potential risk to staff in the building.,2025-10-06 00:00:00,Production,Musanze Mining Corp,Electrical,Critical,7,0,1
e9c86eac-58be-486f-849a-30bb440ab04b,Damaged power cord on power drill at perimeter fence (Room 124),The damaged power cord on power drill at perimeter fence (room 124) was observed during routine inspection. This presents a potential risk to staff in the department.,2023-05-14 00:00:00,Administration,RSSB Head Office,Electrical,High,2,1,1
4b258902-cd85-4ec5-9c83-80f7b0967c35,Cluttered floor space around hand truck at west exit,Follow-up required on the unsafe operation of bandsaw in lobby (room 127). The danger is rated as critical due to frequency of use.,2024-06-30 00:00:00,Kitchen,Rubavu Logistics Hub,Slip/Trip/Fall,High,7,1,1
9ebeb4c5-8e1a-469c-9366-ca23c9e07e30,Maintenance requested urgently,Can someone look at this?,2025-11-02 00:00:00,Quality Control,Rubavu Logistics Hub,Fire,Critical,1,1,1
748178ca-8c02-4b89-9f3e-1912cc311261,Unlabeled resin container at rooftop (Room 125),Report issued by safety rep. The unlabeled resin container at rooftop (room 125) has been reported by multiple staff members. Recommend immediate repair.,2025-04-30 00:00:00,Storage Facility,Nyagatare Cattle Ranch,Chemical,High,1,0,1
e50f48f3-350d-4a0e-8abe-a4be008cd916,Blocked emergency route in basement (Room 148),"During a walkthrough, staff noticed the blocked emergency route in basement (room 148). No immediate incident occurred but the potential for injury is significant.",2025-08-29 00:00:00,Warehouse,Nyagatare Cattle Ranch,Fire,Critical,0,0,1
9bb3e38c-8afa-4c22-b85b-7178eac27b41,Damaged power cord on computer at west exit (Room 121) (similar to report #2084),Follow-up required on the damaged power cord on computer at west exit (room 121) (similar to report #2084). The risk is rated as high due to exposure levels.,2025-04-18 00:00:00,Kitchen,Rubavu Logistics Hub,Ergonomic,High,1,0,0
09afad6f-0031-428b-addd-50d0658831c7,Accumulated flammable material near hoist (Room 103),"During a walkthrough, staff noticed the accumulated flammable material near hoist (room 103). No immediate incident occurred but the potential for damage is significant.",2025-03-10 00:00:00,Transport,Kigali Construction Ltd,Fire,High,7,0,0
4605f648-ba57-4022-8694-04c3c4968355,Stagnant water near south wing causing Rodent sightings,,2025-09-02 00:00:00,Assembly Line,Nyagatare Cattle Ranch,Biological,Low,1,0,0
4dca5bf9-bfa2-41bd-813c-432081df1700,Faulty fire extinguisher in chemical storage (Room 126),Follow-up required on the faulty fire extinguisher in chemical storage (room 126). The severity is rated as critical due to proximity to staff.,2026-02-04 00:00:00,Production,Rubavu Logistics Hub,Fire,Critical,2,0,0
271acbe1-f3b4-48e0-ba95-97d74451f701,Overloaded power outlet near Station 15 (Room 160) (similar to report #953),The overloaded power outlet near station 15 (room 160) (similar to report #953) was observed during routine inspection. This presents a potential risk to staff in the department.,2025-05-12 00:00:00,Quality Control,Muhanga Agro-Processing,Biological,Critical,7,0,1
0f510c8a-0118-4115-bad0-5ceb4a087ee2,Cluttered floor space around coffee maker at loading bay (similar to report #2477),Report issued by safety rep. The cluttered floor space around coffee maker at loading bay (similar to report #2477) has been reported by multiple staff members. Recommend immediate repair.,2024-02-13 00:00:00,Transport,RSSB Head Office,Electrical,Critical,4,0,0
f9e55517-c665-4b67-8529-59a2f42091bc,Blocked emergency route in rooftop (Room 148),I'm concerned about this.,2024-01-02 00:00:00,Warehouse,Nyagatare Cattle Ranch,Fire,Critical,1,0,1
52a3eb91-58f9-498b-9684-d0e8f7e86ce0,Smoke detector malfunctioning in chemical storage (Room 144),Report issued by safety rep. The smoke detector malfunctioning in chemical storage (room 144) has been reported by multiple staff members. Recommend temporary closure.,2023-04-21 00:00:00,Laboratory,Kigali Construction Ltd,Fire,Critical,8,0,0
80761426-4882-4fac-ad01-b29092738c95,Strange noise from lathe at east wing (Room 174),Follow-up required on the strange noise from lathe at east wing (room 174). The severity is rated as medium due to lack of protection.,2024-02-11 00:00:00,Storage Facility,Huye Power Plant,Machinery,Medium,5,1,0
e43e4f46-5542-44cd-88fd-27b5deb92605,Improper storage of bleach in canteen (Room 129),I'm concerned about this.,2024-07-24 00:00:00,Production,Muhanga Agro-Processing,Chemical,Medium,9,0,1
3c247d08-d055-4858-8641-d024db88b13c,Debris in loading dock near Station 15 (Sector A),Report issued by safety rep. The debris in loading dock near station 15 (sector a) has been reported by multiple staff members. Recommend further assessment.,2025-10-08 00:00:00,Transport,Muhanga Agro-Processing,Slip/Trip/Fall,High,2,0,1
46677f4c-ebdd-449e-8307-cab39b684f5d,Exposed filter on hydraulic press at loading bay (Room 182),The exposed filter on hydraulic press at loading bay (room 182) was observed during routine inspection. This presents a potential risk to staff in the building.,2025-03-17 00:00:00,Administration,Rwanda Manufacturing Co,Machinery,Critical,1,0,1
62424753-a8a2-4a35-94e8-fb32517814ce,Exposed bearing on pump system at north entrance (Room 141),Follow-up required on the cluttered floor space around boiler at front gate. The severity is rated as high due to exposure levels.,2025-04-15 00:00:00,Production,RSSB Head Office,Machinery,Critical,4,0,0
e0f46605-e089-4a66-aec8-39906b3c2af7,Biological waste disposal issue in car park (Room 121),Staff reported the biological waste disposal issue in car park (room 121) at approximately 2pm. Site inspection confirmed the hazard. Tape has been placed.,2024-01-31 00:00:00,Production,Kigali Construction Ltd,Biological,Low,7,0,0
6d67b328-25bd-4b16-aa9e-8ae4c3ee9a8c,Improper desk height for welding machine in lobby (Room 129),The improper desk height for welding machine in lobby (room 129) was observed during routine inspection. This presents a potential risk to staff in the building.,2025-08-23 00:00:00,Maintenance,Gasabo Textile Factory,Ergonomic,Low,2,1,1
30872a65-a3a2-48f2-8c1b-2d6650792fd3,Obstacle in walkway at main lobby (Zone 14),"During a walkthrough, staff noticed the obstacle in walkway at main lobby (zone 14). No immediate incident occurred but the potential for harm is significant.",2024-05-16 00:00:00,Transport,Muhanga Agro-Processing,Slip/Trip/Fall,High,0,0,1
c173f330-6989-46ea-b981-906bb6cd1717,Hazard observed,The hazard observed was observed during routine inspection. This presents a potential risk to staff in the department.,2025-05-09 00:00:00,Office Complex,RSSB Head Office,Machinery,High,3,0,0
7f4d55a6-50d2-49a9-8f5a-15a7d2b6da97,Obstacle in walkway at basement (Room 172),This needs fixing urgently.,2024-07-28 00:00:00,Sanitation,Muhanga Agro-Processing,Slip/Trip/Fall,Low,6,1,0
90550b42-a643-4c71-8848-fc98b3fa26cd,Obstacle in walkway at rooftop (Room 156),Staff reported the obstacle in walkway at rooftop (room 156) at approximately 8am. Site inspection confirmed the hazard. Warning signs posted.,2025-11-25 00:00:00,Laboratory,Gasabo Textile Factory,Slip/Trip/Fall,Low,11,0,1
95009339-ecdb-40e7-be07-7db29eb17541,Blocked emergency route in main lobby (Sector E),Follow-up required on the blocked emergency route in main lobby (sector e). The danger is rated as high due to exposure levels.,2023-03-02 00:00:00,Quality Control,Rubavu Logistics Hub,Fire,High,7,0,1
1438904c-8cd3-456f-ac8c-93bd31c05666,Fumes from coolant near Station 9 (Room 168),The fumes from coolant near station 9 (room 168) was observed during routine inspection. This presents a potential risk to staff in the area.,2024-12-28 00:00:00,Administration,RSSB Head Office,Chemical,Critical,0,1,1
6e1fe71a-ac16-44cb-9b7f-9cc28d883759,Exposed plug on conveyor belt at receiving dock (Room 133),Follow-up required on the exposed plug on conveyor belt at receiving dock (room 133). The risk is rated as high due to lack of protection.,2023-11-06 00:00:00,Loading Bay,Rwanda Manufacturing Co,Machinery,High,0,0,1
5fb7fb99-050c-40d7-b720-ef39473d5d5f,Poorly adjusted chair at assembly line in office (Room 182),The poorly adjusted chair at assembly line in office (room 182) was observed during routine inspection. This presents a potential risk to staff in the area.,2024-03-26 00:00:00,Production,Musanze Mining Corp,Ergonomic,High,1,0,0
37263146-2efb-4b42-a8c9-a06474dc20d7,Faulty hose on CNC machine near Station 15,The faulty hose on cnc machine near station 15 was observed during routine inspection. This presents a potential risk to staff in the department.,2023-05-07 00:00:00,Storage Facility,Bugesera Cement Works,Machinery,High,14,1,0
fc720cd2-7c9c-4c59-bde3-9417a3f4f8a5,Broken connector on milling machine in lobby (Room 198),"During a walkthrough, staff noticed the broken connector on milling machine in lobby (room 198). No immediate incident occurred but the potential for injury is significant.",2025-11-08 00:00:00,Security,Bugesera Cement Works,Machinery,Medium,2,1,1
4ab467ee-33d6-4ebc-8c1b-0cc48b91ae9d,Exposed bearing on hoist in workshop (Room 161),"During a walkthrough, staff noticed the exposed bearing on hoist in workshop (room 161). No immediate incident occurred but the potential for injury is significant.",2025-07-15 00:00:00,Sanitation,Huye Power Plant,Electrical,Critical,1,0,1
261f036c-0fc5-4bd4-8d25-e51d64a73fb0,Stagnant water near basement causing Insects found,,2024-01-18 00:00:00,Office Complex,Kigali Construction Ltd,Biological,High,1,0,0
b5a977d9-5294-401b-9e5b-147c60cc5456,Spilled industrial glue around loading bay (Room 165),Staff reported the spilled industrial glue around loading bay (room 165) at approximately 4pm. Site inspection confirmed the hazard. Tape has been placed.,2025-10-29 00:00:00,Loading Bay,Gasabo Textile Factory,Chemical,High,8,0,0
e269c5ac-3e6d-4047-805f-db5a3588b758,Spoiled materials found in stairwell (Room 157),Report issued by employee. The spoiled materials found in stairwell (room 157) has been reported by multiple staff members. Recommend review by safety team.,2026-04-19 00:00:00,Security,Kigali Construction Ltd,Biological,Low,4,1,0
725f865f-9912-4c26-8a4d-66859ad7d591,Routine check finding,Staff reported the routine check finding at approximately 4pm. Site inspection confirmed the hazard. Warning signs posted.,2026-05-22 00:00:00,Security,RSSB Head Office,Machinery,Medium,8,0,1
f7117a40-a375-4aac-b987-56b2a98b9dec,Cluttered floor space around hoist at rooftop,Report issued by employee. The cluttered floor space around hoist at rooftop has been reported by multiple staff members. Recommend review by safety team.,2025-04-26 00:00:00,Warehouse,Kigali Construction Ltd,Slip/Trip/Fall,Low,3,1,0
2c38f9ee-33d7-4f56-857d-141c5ec0a5f5,Poorly adjusted chair at inspection desk in cafeteria (Room 146),Report issued by safety rep. The poorly adjusted chair at inspection desk in cafeteria (room 146) has been reported by multiple staff members. Recommend immediate repair.,2026-07-30 00:00:00,Kitchen,Huye Power Plant,Ergonomic,Low,12,0,0
2a48cc28-7521-4468-8ceb-32fb26092e26,Flickering lights in service elevator near ventilator,The flickering lights in service elevator near ventilator was observed during routine inspection. This presents a potential risk to staff in the area.,2025-05-04 00:00:00,Warehouse,Nyagatare Cattle Ranch,Electrical,Low,13,1,1
51f1d755-6ded-4aa6-a423-969b49e16037,Accumulated flammable material near coffee maker (Room 165),I'm concerned about this.,2026-01-29 00:00:00,Packaging,Kigali Construction Ltd,Fire,Critical,6,0,1
6b26b7b1-4c63-49f9-a5e3-6feb9382f326,Broken filter on bandsaw in corridor (Room 198),,2025-12-18 00:00:00,Loading Bay,Bugesera Cement Works,Machinery,Medium,4,0,1
43cb022f-67f3-427d-8b94-bf909653212a,Oil spill in storage room near Station 14 (Room 182),Report issued by team lead. The oil spill in storage room near station 14 (room 182) has been reported by multiple staff members. Recommend temporary closure.,2025-05-30 00:00:00,Sanitation,Bugesera Cement Works,Slip/Trip/Fall,Low,3,0,0
8631c32c-e5d0-4e7f-9361-09876da987cd,Exposed gear on hand truck in storage room (Room 148),Staff reported the exposed gear on hand truck in storage room (room 148) at approximately 10am. Site inspection confirmed the hazard. No temporary measures taken.,2025-03-13 00:00:00,Laboratory,Rwanda Manufacturing Co,Electrical,Critical,6,0,1
d389ecf6-e53c-418c-b5c6-1cc1fdbacf87,Flickering lights in rear exit near hoist,Report issued by employee. The flickering lights in rear exit near hoist has been reported by multiple staff members. Recommend further assessment.,2023-01-02 00:00:00,Sanitation,RSSB Head Office,Electrical,High,0,0,0
b3ffa486-8dfd-4eb4-915e-a11b9e848038,Spilled acids around front gate (Room 152),Follow-up required on the spilled acids around front gate (room 152). The severity is rated as medium due to lack of protection.,2025-01-10 00:00:00,Administration,Rwanda Manufacturing Co,Chemical,Medium,0,0,0
7ce02451-5313-48f0-9cb7-175beb030bc9,Exposed connector on shredder in warehouse (Room 141),Report issued by team lead. The exposed connector on shredder in warehouse (room 141) has been reported by multiple staff members. Recommend immediate repair.,2024-08-04 00:00:00,Packaging,Nyagatare Cattle Ranch,Electrical,High,1,1,1
e050a45e-cc5b-46a7-963b-baac241a8461,Strange noise from compressor at perimeter fence (Room 109),"During a walkthrough, staff noticed the strange noise from compressor at perimeter fence (room 109). No immediate incident occurred but the potential for damage is significant.",2024-08-24 00:00:00,Assembly Line,Kigali Construction Ltd,Machinery,Critical,8,1,0
cfcaabcf-d23e-4c6f-a0ad-e3138dce31b7,Faulty casing on drill press near packing station,The faulty casing on drill press near packing station was observed during routine inspection. This presents a potential risk to staff in the area.,2023-01-11 00:00:00,Kitchen,Huye Power Plant,Machinery,High,5,0,0
5caa9bf0-121e-4528-ad11-f369b93bc8c4,Unlabeled industrial glue container at perimeter fence (Room 182),"During a walkthrough, staff noticed the unlabeled industrial glue container at perimeter fence (room 182). No immediate incident occurred but the potential for damage is significant.",2024-12-30 00:00:00,Laboratory,Rwanda Manufacturing Co,Chemical,High,1,0,1
0f240283-beb7-45b6-b39d-554b8276ea6f,Unlabeled cleaning agent container at basement (Room 127),Report issued by team lead. The unlabeled cleaning agent container at basement (room 127) has been reported by multiple staff members. Recommend further assessment.,2024-05-20 00:00:00,Production,Rwanda Manufacturing Co,Chemical,Critical,0,0,0
4256073e-b078-4645-87af-da7b4a10fdc7,Sparks observed from computer in lobby (Room 135),Report issued by employee. The sparks observed from computer in lobby (room 135) has been reported by multiple staff members. Recommend temporary closure.,2026-03-14 00:00:00,Administration,Bugesera Cement Works,Electrical,Critical,15,1,1
ff92d666-03cc-4c42-b3fd-7db94a66a218,Damaged power cord on power drill at front gate (Sector C),Staff reported the damaged power cord on power drill at front gate (sector c) at approximately 2pm. Site inspection confirmed the hazard. Warning signs posted.,2023-12-03 00:00:00,Office Complex,Huye Power Plant,Electrical,High,2,1,0
a3f51dd2-84d8-49bd-99d0-19f5b5857122,Sparks observed from hand truck in workshop (Room 113),,2024-09-27 00:00:00,Administration,RSSB Head Office,Electrical,Critical,1,0,0
3f7e7fde-878c-43d4-9054-b5615f4b07e0,Unlabeled solvents container at basement (Room 111),"During a walkthrough, staff noticed the unlabeled solvents container at basement (room 111). No immediate incident occurred but the potential for harm is significant.",2023-08-29 00:00:00,Security,Musanze Mining Corp,Chemical,Medium,0,0,0
4e8de683-1ee4-4389-9d0e-bd7c07fbb101,Overloaded power outlet near Station 8 (Room 161),Please investigate.,2026-01-31 00:00:00,Workshop,Gasabo Textile Factory,Electrical,High,6,1,0
e0c9a50e-6e06-42dc-97e7-ff870ae0e32b,Damaged power cord on power drill at south wing (Room 183),Follow-up required on the damaged power cord on power drill at south wing (room 183). The risk is rated as high due to proximity to staff.,2026-03-09 00:00:00,Security,Nyagatare Cattle Ranch,Electrical,High,3,0,0
ab672add-6c89-4dbf-b4df-dc415d131d1d,Biological waste disposal issue in production floor (Room 123),The biological waste disposal issue in production floor (room 123) was observed during routine inspection. This presents a potential risk to staff in the building.,2024-10-21 00:00:00,Loading Bay,Nyagatare Cattle Ranch,Biological,Low,4,0,0
904beb1b-fad1-44a2-8356-55a770a8eea5,Smoke detector malfunctioning in car park (Room 125),Report issued by safety rep. The smoke detector malfunctioning in car park (room 125) has been reported by multiple staff members. Recommend review by safety team.,2025-06-07 00:00:00,Assembly Line,Nyagatare Cattle Ranch,Fire,Critical,14,1,1
64a6b581-62b4-4564-b2a4-195dd6c87470,Unsafe operation of compressor in corridor (Room 159),"During a walkthrough, staff noticed the unsafe operation of compressor in corridor (room 159). No immediate incident occurred but the potential for damage is significant.",2024-01-02 00:00:00,Production,Kigali Construction Ltd,Machinery,High,3,0,0
6ccdb91c-fe08-48f7-9a7f-1493b57cd052,Stagnant water near receiving dock causing Bacterial contamination risk,"During a walkthrough, staff noticed the stagnant water near receiving dock causing bacterial contamination risk. No immediate incident occurred but the potential for injury is significant.",2025-09-10 00:00:00,Sanitation,Kigali Construction Ltd,Biological,Medium,4,0,0
d96190d8-5b3f-4986-a912-943991abbbb5,Loose carpet in car park near south wing (Room 157),"During a walkthrough, staff noticed the loose carpet in car park near south wing (room 157). No immediate incident occurred but the potential for harm is significant.",2026-02-05 00:00:00,Sanitation,Rwanda Manufacturing Co,Slip/Trip/Fall,Low,1,0,1
6e47434b-6850-48ae-9f40-5c912d75d4d6,Unlabeled epoxy container at north entrance (Room 146),Staff reported the flickering lights in south wing near boiler at approximately 2pm. Site inspection confirmed the hazard. Tape has been placed.,2024-02-27 00:00:00,Administration,Kigali Construction Ltd,Chemical,Medium,4,0,0
41d5bb7e-a329-4841-932b-172f3333c0f1,Cluttered floor space around coffee maker at basement,Please investigate.,2026-02-13 00:00:00,Office Complex,Huye Power Plant,Slip/Trip/Fall,High,0,0,0
6ecddb2b-004e-452c-810a-20f0b031e5b0,Smoke detector malfunctioning in maintenance bay (Room 143),I'm concerned about this.,2025-12-25 00:00:00,Maintenance,Bugesera Cement Works,Fire,Critical,4,0,0
13c2a5f2-431d-4a55-8644-e8fcef878381,Exposed bearing on forklift at east wing (Room 124),Report issued by supervisor. The exposed bearing on forklift at east wing (room 124) has been reported by multiple staff members. Recommend temporary closure.,2023-09-28 00:00:00,Workshop,Kigali Construction Ltd,Machinery,Medium,4,0,1
a3728c6c-c25f-4933-87a5-0b8147db19f4,Smoke detector malfunctioning in stairwell (Room 181),Staff reported the smoke detector malfunctioning in stairwell (room 181) at approximately 4pm. Site inspection confirmed the hazard. No temporary measures taken.,2023-04-29 00:00:00,Office Complex,Rwanda Manufacturing Co,Fire,Critical,7,1,1
827b6aba-5c9d-4ec5-b8b0-5fd090909798,Poorly adjusted chair at workbench in storage room (Room 161),,2023-06-22 00:00:00,Maintenance,Muhanga Agro-Processing,Ergonomic,High,3,0,1
39ec6df2-92d1-46e2-b79c-5cba6e901900,Loose carpet in assembly area near rear exit (Room 195),The loose carpet in assembly area near rear exit (room 195) was observed during routine inspection. This presents a potential risk to staff in the building.,2024-11-15 00:00:00,Security,RSSB Head Office,Slip/Trip/Fall,Medium,1,0,0
87b91ee9-5338-4fb1-9992-e85814e42a2b,Cluttered floor space around hoist at south wing,The cluttered floor space around hoist at south wing was observed during routine inspection. This presents a potential risk to staff in the building.,2025-10-11 00:00:00,Packaging,Gasabo Textile Factory,Slip/Trip/Fall,Low,2,1,0
a24189bd-61fe-4aaa-9ff2-10538971a7b8,Cluttered floor space around server rack at west exit,Follow-up required on the cluttered floor space around server rack at west exit. The danger is rated as high due to frequency of use.,2023-06-11 00:00:00,Laboratory,Huye Power Plant,Slip/Trip/Fall,High,4,1,0
74b444f3-5923-4ad9-be44-5c7bd66f833e,Faulty fire extinguisher in maintenance bay (Room 125),Report issued by employee. The faulty fire extinguisher in maintenance bay (room 125) has been reported by multiple staff members. Recommend temporary closure.,2024-02-05 00:00:00,Administration,Kigali Construction Ltd,Fire,Critical,8,0,1
4bff3fd2-a1af-434f-9dee-f23e46a4e7a2,Accumulated flammable material near shredder (Zone 12),Report issued by safety rep. The accumulated flammable material near shredder (zone 12) has been reported by multiple staff members. Recommend immediate repair.,2023-12-18 00:00:00,Laboratory,Rwanda Manufacturing Co,Fire,Critical,0,0,1
b0c1c91e-c8a9-45f0-b5e0-c659c97100ee,Fumes from cleaning agent near checkout counter (Room 177),"During a walkthrough, staff noticed the fumes from cleaning agent near checkout counter (room 177). No immediate incident occurred but the potential for damage is significant.",2023-09-22 00:00:00,Production,Muhanga Agro-Processing,Chemical,Medium,2,0,0
793bcee8-1139-479f-89d4-72b4e6bc9f2b,Spoiled materials found in warehouse (Sector C),Follow-up required on the spoiled materials found in warehouse (sector c). The severity is rated as medium due to exposure levels.,2024-03-11 00:00:00,Loading Bay,Nyagatare Cattle Ranch,Biological,Medium,2,0,0
b79b440b-ceec-4882-95c1-4ffcfb382243,Awkward lifting position at rear exit in corridor (Room 135),"During a walkthrough, staff noticed the awkward lifting position at rear exit in corridor (room 135). No immediate incident occurred but the potential for injury is significant.",2023-09-05 00:00:00,Storage Facility,Kigali Construction Ltd,Ergonomic,Low,2,0,0
98b407da-0d80-4ea0-95ac-32fd70d8cb31,Poorly adjusted chair at Station 11 in corridor (Room 156),Staff reported the poorly adjusted chair at station 11 in corridor (room 156) at approximately 2pm. Site inspection confirmed the hazard. No temporary measures taken.,2024-02-01 00:00:00,Storage Facility,Kigali Construction Ltd,Ergonomic,High,1,0,0
b15037f7-2f65-47b6-ab11-979ce43dfdaa,Sparks observed from hand truck in server room (Room 193),Follow-up required on the sparks observed from hand truck in server room (room 193). The danger is rated as critical due to lack of protection.,2023-08-08 00:00:00,Warehouse,RSSB Head Office,Electrical,Critical,0,0,1
dfb0ea10-e21a-4c84-a7c9-7a72a359736f,Biological waste disposal issue in office (Zone 8),The biological waste disposal issue in office (zone 8) was observed during routine inspection. This presents a potential risk to staff in the building.,2026-02-22 00:00:00,Storage Facility,Muhanga Agro-Processing,Biological,High,8,1,1
bfa2488e-12a5-4937-92b6-26f09ce69ed3,Blocked fire exit at north entrance near workshop (Room 120),The blocked fire exit at north entrance near workshop (room 120) was observed during routine inspection. This presents a potential risk to staff in the area.,2024-11-22 00:00:00,Maintenance,Huye Power Plant,Fire,Critical,0,0,0
c08434bf-24b8-4699-a2d5-210d8153c9d9,Awkward lifting position at front gate in maintenance bay (Room 127),The awkward lifting position at front gate in maintenance bay (room 127) was observed during routine inspection. This presents a potential risk to staff in the department.,2023-07-29 00:00:00,Security,Rwanda Manufacturing Co,Ergonomic,Medium,2,1,1
8ec68eda-19bd-4d29-b05a-a5e364784a4a,Smoke detector malfunctioning in production floor (Room 107),Report issued by employee. The smoke detector malfunctioning in production floor (room 107) has been reported by multiple staff members. Recommend immediate repair.,2024-11-04 00:00:00,Workshop,Kigali Construction Ltd,Fire,High,0,0,0
8f8e0c88-9ca3-43db-bbe7-c4b01c4e81c1,Faulty panel on compressor near Station 1,"During a walkthrough, staff noticed the faulty panel on compressor near station 1. No immediate incident occurred but the potential for harm is significant.",2027-02-02 00:00:00,Assembly Line,Bugesera Cement Works,Machinery,High,4,0,0
34d2784e-fa89-4a78-a5b2-71b93caa97a9,Cluttered floor space around microwave at rear exit,Staff reported the cluttered floor space around microwave at rear exit at approximately 10am. Site inspection confirmed the hazard. Warning signs posted.,2025-08-31 00:00:00,Loading Bay,Nyagatare Cattle Ranch,Slip/Trip/Fall,Medium,6,1,0
1cfec09a-5ea7-4b3d-b9f5-242affeb4527,Oil spill in warehouse near Station 8 (Room 133),Follow-up required on the oil spill in warehouse near station 8 (room 133). The danger is rated as high due to proximity to staff.,2025-11-18 00:00:00,Assembly Line,Bugesera Cement Works,Slip/Trip/Fall,High,2,0,1
ae3710aa-b9a4-4552-9939-0a7a6acebea2,Stagnant water near perimeter fence causing Fungal spread,"During a walkthrough, staff noticed the stagnant water near perimeter fence causing fungal spread. No immediate incident occurred but the potential for harm is significant.",2024-11-18 00:00:00,Transport,Gasabo Textile Factory,Biological,Low,4,0,0
a64526b2-9504-4ff6-9518-efad1c57fb41,Biological waste disposal issue in canteen (Room 187),This has been like this for weeks.,2024-10-24 00:00:00,Administration,Rubavu Logistics Hub,Biological,Low,0,0,0
4c435fdc-005c-4bd0-9430-a43f21372b65,Blocked emergency route in front gate (Room 119),Follow-up required on the blocked emergency route in front gate (room 119). The severity is rated as critical due to proximity to staff.,2025-05-25 00:00:00,Sanitation,Bugesera Cement Works,Fire,Critical,2,1,1
6ad61a36-b59c-4dcc-afce-f9033ccd1165,Unsafe operation of forklift in production floor (Room 155),Follow-up required on the unsafe operation of forklift in production floor (room 155). The severity is rated as high due to lack of protection.,2026-05-21 00:00:00,Assembly Line,Gasabo Textile Factory,Machinery,High,8,0,0
4101ba5c-4e34-4f54-9b02-a7b06110423c,Fumes from industrial glue near Station 1 (Room 123),Report issued by supervisor. The fumes from industrial glue near station 1 (room 123) has been reported by multiple staff members. Recommend temporary closure.,2023-01-16 00:00:00,Production,Bugesera Cement Works,Chemical,Medium,0,0,1
56c71ed6-12cb-4f01-8406-eac8f82e3995,Awkward lifting position at east wing in toilet (Room 151),Staff reported the awkward lifting position at east wing in toilet (room 151) at approximately 10am. Site inspection confirmed the hazard. No temporary measures taken.,2023-07-03 00:00:00,Warehouse,Muhanga Agro-Processing,Ergonomic,Low,0,0,0
a2e64976-1ccb-42fb-b824-e0c110d187c6,Exposed panel on crusher at receiving dock (Zone 5),Report issued by employee. The exposed panel on crusher at receiving dock (zone 5) has been reported by multiple staff members. Recommend immediate repair.,2024-02-28 00:00:00,Security,Bugesera Cement Works,Machinery,High,2,0,0
3b270397-14a9-4c3e-8b1a-ec347575e41c,Faulty casing on welding station near control panel,"During a walkthrough, staff noticed the faulty casing on welding station near control panel. No immediate incident occurred but the potential for injury is significant.",2025-02-12 00:00:00,Packaging,Rwanda Manufacturing Co,Machinery,High,0,0,0
2d48c8dc-aace-4e75-bfed-5f2a1d73af3c,Spilled epoxy around service elevator (Room 160),This needs fixing urgently.,2025-05-20 00:00:00,Loading Bay,Rwanda Manufacturing Co,Chemical,Critical,4,0,1
68883bba-74c2-4593-81c2-1841c2ecd00b,Loose carpet in server room near north entrance (Room 105),I'm concerned about this.,2026-04-24 00:00:00,Production,Kigali Construction Ltd,Slip/Trip/Fall,Low,0,0,0
d2f4105c-2c75-462e-92fd-9669c4b8d5c8,Broken valve on forklift in assembly area (Room 129),The broken valve on forklift in assembly area (room 129) was observed during routine inspection. This presents a potential risk to staff in the building.,2024-06-05 00:00:00,Office Complex,Rubavu Logistics Hub,Machinery,Critical,7,0,1
e1e5fbd1-980e-4164-a490-5a2a92f22c86,Improper storage of acids in production floor (Room 196),The improper storage of acids in production floor (room 196) was observed during routine inspection. This presents a potential risk to staff in the department.,2024-06-10 00:00:00,Transport,Muhanga Agro-Processing,Chemical,High,1,0,0
2a264fa8-a1db-40c7-b24c-13caa9bcc948,Cluttered floor space around boiler at west exit,Staff reported the cluttered floor space around boiler at west exit at approximately 4pm. Site inspection confirmed the hazard. Tape has been placed.,2023-09-05 00:00:00,Maintenance,Nyagatare Cattle Ranch,Slip/Trip/Fall,High,0,0,1
74ebe6ec-eab1-4c04-9c4b-16ac153ada54,Faulty fire extinguisher in storage room (Room 133),Follow-up required on the faulty fire extinguisher in storage room (room 133). The severity is rated as critical due to exposure levels.,2023-01-31 00:00:00,Administration,Muhanga Agro-Processing,Fire,Critical,2,0,0
f1097b08-5591-42f5-bdf7-63d491439c23,Blocked fire exit at emergency stairs near loading dock (Room 181),"During a walkthrough, staff noticed the blocked fire exit at emergency stairs near loading dock (room 181). No immediate incident occurred but the potential for injury is significant.",2023-02-23 00:00:00,Transport,Musanze Mining Corp,Fire,Critical,4,0,1
6e548b04-6fbe-4156-a7a0-8b72681a0e4a,Tripping hazard in warehouse near Station 1 (Room 161),"During a walkthrough, staff noticed the tripping hazard in warehouse near station 1 (room 161). No immediate incident occurred but the potential for injury is significant.",2025-07-16 00:00:00,Production,Nyagatare Cattle Ranch,Slip/Trip/Fall,Low,2,0,0
86902f9d-d709-46e7-8333-172f3d79ce56,Strange noise from pump system at perimeter fence (Room 137),,2027-01-05 00:00:00,Office Complex,Gasabo Textile Factory,Machinery,Critical,8,0,1
c50f3cd2-0fbc-43f4-86d3-bb617b7d73c0,Strange noise from compressor at main lobby (Room 127),The strange noise from compressor at main lobby (room 127) was observed during routine inspection. This presents a potential risk to staff in the department.,2026-05-21 00:00:00,Quality Control,Rubavu Logistics Hub,Machinery,High,0,0,0
aa4b255b-cc76-4623-aa9a-07301f4052d0,Obstacle in walkway at north entrance (Room 129),Report issued by supervisor. The obstacle in walkway at north entrance (room 129) has been reported by multiple staff members. Recommend further assessment.,2026-05-19 00:00:00,Kitchen,RSSB Head Office,Slip/Trip/Fall,Medium,2,0,1
2650f1f0-df44-4b42-b4a6-d98e1b741d58,Awkward lifting position at loading bay in maintenance bay (Room 125),Report issued by team lead. The awkward lifting position at loading bay in maintenance bay (room 125) has been reported by multiple staff members. Recommend further assessment.,2025-09-20 00:00:00,Quality Control,Bugesera Cement Works,Ergonomic,High,5,1,0
2076bad1-6d99-426f-9b00-a35a6e78aec6,Obstacle in walkway at main corridor (Room 175),The obstacle in walkway at main corridor (room 175) was observed during routine inspection. This presents a potential risk to staff in the department.,2026-01-09 00:00:00,Storage Facility,Nyagatare Cattle Ranch,Slip/Trip/Fall,High,0,0,1
3e1687cc-1385-47cb-9da2-73df8c7b0b76,Stagnant water near rooftop causing Mold growth,Please investigate.,2023-12-01 00:00:00,Warehouse,Muhanga Agro-Processing,Biological,Low,0,0,0
ec8633b7-52d7-4607-b83c-cc30dd069e23,Blocked emergency route in east wing (Zone 5),Report issued by supervisor. The blocked emergency route in east wing (zone 5) has been reported by multiple staff members. Recommend further assessment.,2023-11-09 00:00:00,Office Complex,Rubavu Logistics Hub,Fire,Critical,4,0,1
02b6e973-4a96-45be-bb51-ae19b1f9f0a4,Broken panel on crusher in loading dock (Room 113),"During a walkthrough, staff noticed the broken panel on crusher in loading dock (room 113). No immediate incident occurred but the potential for injury is significant.",2023-02-24 00:00:00,Production,Rwanda Manufacturing Co,Machinery,High,4,0,1
736bf2a3-2f2d-42e3-93ce-f37e99e84536,Faulty plug on crusher near Station 10,This needs fixing urgently.,2024-04-01 00:00:00,Warehouse,Huye Power Plant,Machinery,Critical,6,0,0
6218e036-a1e0-4cb5-aa1b-c6e3b3c08545,Loose carpet in corridor near west exit (Room 146),,2024-07-16 00:00:00,Warehouse,Nyagatare Cattle Ranch,Slip/Trip/Fall,Medium,8,0,0
42469bf3-fcb8-4e37-b5c7-23b5c5ebfd6b,Biological waste disposal issue in corridor (Room 198),Report issued by safety rep. The biological waste disposal issue in corridor (room 198) has been reported by multiple staff members. Recommend immediate repair.,2023-03-01 00:00:00,Kitchen,Kigali Construction Ltd,Biological,Low,1,0,0
7922c194-17b1-4fed-983b-45b22f669f95,Exposed belt on coffee maker in corridor (Room 168),,2024-06-17 00:00:00,Loading Bay,Kigali Construction Ltd,Electrical,Critical,8,0,1
4daa5fe4-c5c9-47f7-8993-f5a0d9ae0fab,Unsafe operation of generator in toilet (Room 183),This needs fixing urgently.,2025-11-12 00:00:00,Assembly Line,Gasabo Textile Factory,Machinery,Critical,0,0,0
52ce02c5-2451-4332-90cf-76bb48214ec7,Unpleasant odor in canteen near south wing (Room 125),Staff reported the unpleasant odor in canteen near south wing (room 125) at approximately 2pm. Site inspection confirmed the hazard. No temporary measures taken.,2027-12-20 00:00:00,Transport,Muhanga Agro-Processing,Biological,High,7,0,1
6636772d-e035-44bb-8fb0-75c3e74edfd3,Fumes from epoxy near Station 9 (Room 130),Follow-up required on the fumes from epoxy near station 9 (room 130). The risk is rated as medium due to frequency of use.,2023-03-01 00:00:00,Workshop,Muhanga Agro-Processing,Chemical,Medium,2,0,1
31a3813f-c063-43d7-a147-151603e7c345,Improper desk height for server rack in corridor (Room 153),Staff reported the improper desk height for server rack in corridor (room 153) at approximately 4pm. Site inspection confirmed the hazard. Tape has been placed.,2025-03-31 00:00:00,Quality Control,RSSB Head Office,Ergonomic,Medium,1,0,0
5198df11-eefa-4959-a5a6-a38b64d7ae54,Exposed plug on hydraulic press at east wing (Sector G),The exposed plug on hydraulic press at east wing (sector g) was observed during routine inspection. This presents a potential risk to staff in the building.,2023-05-21 00:00:00,Transport,Musanze Mining Corp,Machinery,Medium,0,1,0
f995a233-2714-4847-9603-a3cbcb3c038b,Rodent sightings in toilet near rear exit (Room 126),The rodent sightings in toilet near rear exit (room 126) was observed during routine inspection. This presents a potential risk to staff in the area.,2023-10-06 00:00:00,Maintenance,Kigali Construction Ltd,Biological,High,9,0,1
b4eb8346-9f80-497f-8e27-d27f8ff7a474,Obstacle in walkway at east wing (Room 135),"During a walkthrough, staff noticed the fumes from lubricant near station 19 (sector h). No immediate incident occurred but the potential for harm is significant.",2026-03-23 00:00:00,Transport,Bugesera Cement Works,Slip/Trip/Fall,Critical,4,0,0
8dfea7e8-3963-4fab-b9da-e59f756bf7a1,Flickering lights in basement near computer,Staff reported the flickering lights in basement near computer at approximately 8am. Site inspection confirmed the hazard. Tape has been placed.,2023-07-14 00:00:00,Transport,Musanze Mining Corp,Electrical,High,11,0,0
43e73a1a-b3f8-42e7-952c-c4676be16926,Unlabeled industrial glue container at loading bay (Room 194),Report issued by team lead. The unlabeled industrial glue container at loading bay (room 194) has been reported by multiple staff members. Recommend temporary closure.,2023-06-20 00:00:00,Office Complex,Musanze Mining Corp,Chemical,High,2,0,1
76d5cb69-472a-4b9b-a36d-50cb9ff61414,Traces of solvents near assembly area (Room 105),Report issued by safety rep. The traces of solvents near assembly area (room 105) has been reported by multiple staff members. Recommend further assessment.,2025-12-10 00:00:00,Quality Control,Bugesera Cement Works,Chemical,High,1,0,0
ac9ead64-1751-4edc-a09a-3e834a745219,Improper desk height for shredder in cafeteria (Room 146),Staff reported the improper desk height for shredder in cafeteria (room 146) at approximately 10am. Site inspection confirmed the hazard. Warning signs posted.,2023-08-23 00:00:00,Packaging,Rubavu Logistics Hub,Ergonomic,Medium,1,0,0
8f063306-b8db-49af-8b54-8570cdc30500,Spoiled materials found in storage room (Room 146),"During a walkthrough, staff noticed the spoiled materials found in storage room (room 146). No immediate incident occurred but the potential for damage is significant.",2025-03-14 00:00:00,Laboratory,Rubavu Logistics Hub,Biological,Low,1,0,0
72d49d14-e2aa-4a80-9687-8013ed89b73b,Strange noise from pump system at west exit (Room 143),Staff reported the strange noise from pump system at west exit (room 143) at approximately 4pm. Site inspection confirmed the hazard. No temporary measures taken.,2025-11-20 00:00:00,Assembly Line,Nyagatare Cattle Ranch,Machinery,High,3,0,1
12b987f9-102d-461e-9b08-3989c1dde792,Unsafe operation of pallet jack in production floor (Room 115),Staff reported the unsafe operation of pallet jack in production floor (room 115) at approximately 8am. Site inspection confirmed the hazard. Tape has been placed.,2023-10-15 00:00:00,Warehouse,Bugesera Cement Works,Machinery,Critical,1,1,0
ba934df8-c0e8-40d0-983f-04493906640f,Loose carpet in office near emergency stairs (Room 133),"During a walkthrough, staff noticed the loose carpet in office near emergency stairs (room 133). No immediate incident occurred but the potential for harm is significant.",2024-06-05 00:00:00,Sanitation,Huye Power Plant,Slip/Trip/Fall,Low,6,0,0
8e106563-e312-4b83-b2b1-261cb82d8bee,Broken hose on CNC machine in break room (Room 119),Report issued by safety rep. The broken hose on cnc machine in break room (room 119) has been reported by multiple staff members. Recommend further assessment.,2025-08-23 00:00:00,Production,Kigali Construction Ltd,Machinery,High,0,1,1
faf97bbb-d04f-41cd-b6b3-a23d53b7d3f5,Sparks observed from ventilator in warehouse (Room 132),The sparks observed from ventilator in warehouse (room 132) was observed during routine inspection. This presents a potential risk to staff in the department.,2025-07-09 00:00:00,Workshop,Nyagatare Cattle Ranch,Electrical,Critical,5,0,1
624cbfff-391c-400d-b61f-70e0cd3762de,Faulty plug on forklift near Station 12,Follow-up required on the faulty plug on forklift near station 12. The severity is rated as medium due to lack of protection.,2023-07-15 00:00:00,Transport,Rubavu Logistics Hub,Machinery,Medium,0,1,0
af06e9aa-af7c-4a99-b6c4-561e0049eb0c,Flickering lights in main lobby near power drill,The flickering lights in main lobby near power drill was observed during routine inspection. This presents a potential risk to staff in the department.,2025-07-05 00:00:00,Laboratory,Gasabo Textile Factory,Electrical,High,3,1,0
bb6144a9-8c66-4afd-8e63-8ecba1cf20ee,Faulty panel on hydraulic press near packing station,Report issued by employee. The faulty panel on hydraulic press near packing station has been reported by multiple staff members. Recommend review by safety team.,2023-10-02 00:00:00,Laboratory,Muhanga Agro-Processing,Machinery,Critical,3,0,0
654e3a51-3290-4c5b-859e-e9282fc75b30,Blocked emergency route in north entrance (Room 165),Staff reported the blocked emergency route in north entrance (room 165) at approximately 4pm. Site inspection confirmed the hazard. Tape has been placed.,2026-05-15 00:00:00,Storage Facility,Gasabo Textile Factory,Fire,Medium,0,0,1
d08e065e-e6bb-43fb-9278-015599f9fc17,Broken panel on motor in toilet (Room 139),"During a walkthrough, staff noticed the broken panel on motor in toilet (room 139). No immediate incident occurred but the potential for damage is significant.",2024-02-07 00:00:00,Storage Facility,Bugesera Cement Works,Machinery,High,2,0,0
30673b2c-6110-448b-9693-e75efdade5a3,Repetitive strain risk operating welding machine at Station 16,Report issued by employee. The repetitive strain risk operating welding machine at station 16 has been reported by multiple staff members. Recommend temporary closure.,2025-02-26 00:00:00,Packaging,Kigali Construction Ltd,Ergonomic,High,0,0,0
8e3dc87a-fef1-4128-83ce-7e376e554cc0,Fumes from lubricant near workbench (Zone 9),Staff reported the fumes from lubricant near workbench (zone 9) at approximately 4pm. Site inspection confirmed the hazard. No temporary measures taken.,2023-01-07 00:00:00,Quality Control,Muhanga Agro-Processing,Chemical,Medium,4,1,0
0ccb39b8-29df-428d-ac0d-cd3039076e92,Sparks observed from air conditioner in production floor (Room 112),"During a walkthrough, staff noticed the sparks observed from air conditioner in production floor (room 112). No immediate incident occurred but the potential for injury is significant.",2024-03-12 00:00:00,Warehouse,Musanze Mining Corp,Electrical,Critical,2,0,1
9010f1bf-38c4-4e8e-a22c-308fca7765af,Flickering lights in rear exit near welding machine,Follow-up required on the flickering lights in rear exit near welding machine. The danger is rated as critical due to exposure levels.,2023-08-26 00:00:00,Quality Control,Huye Power Plant,Electrical,Critical,4,1,0
3046ad2e-e7c6-4abc-819c-8cf54e7601a9,Flickering lights in perimeter fence near coffee maker,Follow-up required on the flickering lights in perimeter fence near coffee maker. The danger is rated as high due to proximity to staff.,2023-02-01 00:00:00,Workshop,Rubavu Logistics Hub,Electrical,High,0,0,0
2392fe73-c385-402e-bc3d-1be4f795da98,Exposed motor on generator at front gate (Room 172),The exposed motor on generator at front gate (room 172) was observed during routine inspection. This presents a potential risk to staff in the area.,2023-04-22 00:00:00,Production,Bugesera Cement Works,Machinery,High,4,1,1
8f8ee0d5-332d-4499-b89d-0e8374c2c51e,Exposed valve on HVAC unit at front gate (Room 145),,2025-11-23 00:00:00,Administration,Musanze Mining Corp,Machinery,High,1,1,1
36b207e8-16ff-4a69-a274-388707d57c09,Exposed pipe on milling machine at front gate (Zone 5),"During a walkthrough, staff noticed the exposed pipe on milling machine at front gate (zone 5). No immediate incident occurred but the potential for damage is significant.",2023-11-01 00:00:00,Office Complex,Huye Power Plant,Machinery,Critical,1,0,0
e8044ece-b9b5-4b23-bf42-f2bcfea05a80,Broken wire on crane in lobby (Room 163),The broken wire on crane in lobby (room 163) was observed during routine inspection. This presents a potential risk to staff in the building.,2026-03-19 00:00:00,Packaging,Musanze Mining Corp,Machinery,Critical,5,0,1
c6d9cd0f-a3e4-40f5-a59e-9dc9453f61e7,Faulty fire extinguisher in office (Room 175),Please investigate.,2023-05-20 00:00:00,Warehouse,Huye Power Plant,Fire,Critical,0,1,0
02b51c35-1acb-49ef-b29f-89440ade4624,Improper desk height for server rack in canteen (Room 190),The improper desk height for server rack in canteen (room 190) was observed during routine inspection. This presents a potential risk to staff in the department.,2025-05-05 00:00:00,Production,Rwanda Manufacturing Co,Ergonomic,High,0,0,1
718eb222-e227-42e3-a85a-341c3f2512c2,Stagnant water near north entrance causing Fungal spread,"During a walkthrough, staff noticed the stagnant water near north entrance causing fungal spread. No immediate incident occurred but the potential for harm is significant.",2024-08-04 00:00:00,Transport,Rwanda Manufacturing Co,Biological,High,0,1,1
9f3211f6-6922-403b-9521-f433af7ad249,Fumes from epoxy near Station 2 (Room 153),,2025-11-05 00:00:00,Production,Nyagatare Cattle Ranch,Chemical,Medium,4,0,0
ebaea987-c884-492d-b471-e85d221b648c,Problem with equipment,Follow-up required on the problem with equipment. The risk is rated as high due to proximity to staff.,2026-01-30 00:00:00,Packaging,Nyagatare Cattle Ranch,Machinery,High,8,0,1
2393d965-9e3b-411f-8a7b-2439f719c342,Blocked fire exit at perimeter fence near maintenance bay (Room 142),Follow-up required on the blocked fire exit at perimeter fence near maintenance bay (room 142). The danger is rated as medium due to lack of protection.,2024-03-05 00:00:00,Transport,Huye Power Plant,Fire,Medium,3,0,0
fea9aa93-9bf0-4b9e-8a02-5480998bd60a,Blocked fire exit at basement near break room (Room 179),Staff reported the blocked fire exit at basement near break room (room 179) at approximately 2pm. Site inspection confirmed the hazard. No temporary measures taken.,2023-10-14 00:00:00,Sanitation,Gasabo Textile Factory,Fire,Critical,1,1,1
a1090928-89d6-43ea-b82e-f74781e1e78f,Problem with equipment,Staff reported the problem with equipment at approximately 10am. Site inspection confirmed the hazard. Warning signs posted.,2025-02-10 00:00:00,Packaging,Rubavu Logistics Hub,Electrical,Critical,8,0,1
5fcefddd-af62-4468-ad4b-99dae914ce2f,Smoke detector malfunctioning in loading dock (Room 166),,2026-02-22 00:00:00,Quality Control,Rwanda Manufacturing Co,Fire,Critical,4,1,1
358b6721-9288-4c9f-bf69-e6e820dfb720,Improper storage of cleaning agent in office (Room 127),Report issued by team lead. The poorly adjusted chair at checkout counter in warehouse (room 167) has been reported by multiple staff members. Recommend review by safety team.,2023-08-02 00:00:00,Storage Facility,Bugesera Cement Works,Chemical,Medium,4,0,1
bed1da86-3841-4063-9504-d72cb8f03e91,Accumulated flammable material near computer (Room 183),Follow-up required on the accumulated flammable material near computer (room 183). The severity is rated as critical due to lack of protection.,2023-08-03 00:00:00,Quality Control,Gasabo Textile Factory,Fire,Critical,1,0,0
29817360-118f-4ea2-835f-d839f99c1bff,Blocked fire exit at receiving dock near storage room (Room 135),Report issued by employee. The blocked fire exit at receiving dock near storage room (room 135) has been reported by multiple staff members. Recommend temporary closure.,2023-02-15 00:00:00,Kitchen,RSSB Head Office,Fire,High,8,0,1
05a61393-43bf-447f-931f-89982e29ea9d,Wet floor in toilet near dispatch area (Room 164),Follow-up required on the wet floor in toilet near dispatch area (room 164). The danger is rated as high due to frequency of use.,2023-04-11 00:00:00,Assembly Line,Gasabo Textile Factory,Slip/Trip/Fall,High,0,0,0
e50f71ea-c9da-4415-a48a-a8929fcec162,Uneven flooring in server room near Station 20 (Zone 4),Follow-up required on the uneven flooring in server room near station 20 (zone 4). The severity is rated as medium due to frequency of use.,2024-09-03 00:00:00,Maintenance,Musanze Mining Corp,Slip/Trip/Fall,Medium,3,0,0
eda97ed0-487c-437d-83da-b997338da046,Smoke detector malfunctioning in loading dock (Room 159),"During a walkthrough, staff noticed the smoke detector malfunctioning in loading dock (room 159). No immediate incident occurred but the potential for harm is significant.",2024-06-25 00:00:00,Warehouse,Nyagatare Cattle Ranch,Fire,High,0,0,0
6ad5ce70-f7be-48f7-91c0-f25b83dd016b,Faulty display on milling machine near Station 20,Follow-up required on the faulty display on milling machine near station 20. The risk is rated as medium due to frequency of use.,2026-03-24 00:00:00,Laboratory,RSSB Head Office,Machinery,Medium,0,0,1
cfee0395-1504-4974-9f20-b3e0c22befa9,Spilled resin around perimeter fence (Room 194),The faulty fire extinguisher in corridor (room 118) was observed during routine inspection. This presents a potential risk to staff in the building.,2025-05-05 00:00:00,Maintenance,Nyagatare Cattle Ranch,Chemical,High,3,0,0
bbe4fc99-3401-4012-84dc-5a4d9e9e55e2,Spoiled materials found in warehouse (Sector B),Report issued by employee. The spoiled materials found in warehouse (sector b) has been reported by multiple staff members. Recommend immediate repair.,2023-08-06 00:00:00,Sanitation,Muhanga Agro-Processing,Biological,Medium,6,1,1
d91bf9ef-5d8f-4272-b91f-8aa505685d84,Loose carpet in office near south wing (Room 132),"During a walkthrough, staff noticed the loose carpet in office near south wing (room 132). No immediate incident occurred but the potential for damage is significant.",2025-02-16 00:00:00,Administration,Rubavu Logistics Hub,Slip/Trip/Fall,High,6,1,0
dc582edd-47fc-4dc8-84c6-a8b1baaff922,Unlabeled bleach container at west exit (Zone 12),Follow-up required on the unlabeled bleach container at west exit (zone 12). The danger is rated as medium due to exposure levels.,2025-06-28 00:00:00,Security,Musanze Mining Corp,Chemical,Medium,5,1,0
7b2110d6-f9d0-4e2c-8308-bcb34a5ee193,Unpleasant odor in warehouse near receiving dock (Room 140),Follow-up required on the unpleasant odor in warehouse near receiving dock (room 140). The severity is rated as medium due to lack of protection.,2025-10-13 00:00:00,Workshop,Kigali Construction Ltd,Biological,Medium,9,0,0
9ca3b982-158e-4a2f-a146-864bfa343a76,Faulty fire extinguisher in lobby (Room 136),Follow-up required on the faulty fire extinguisher in lobby (room 136). The danger is rated as critical due to proximity to staff.,2027-04-27 00:00:00,Administration,RSSB Head Office,Fire,Critical,6,0,1
f7948b43-5ab7-4136-b378-12024fa42439,Flickering lights in basement near microwave,The flickering lights in basement near microwave was observed during routine inspection. This presents a potential risk to staff in the area.,2026-01-13 00:00:00,Loading Bay,Kigali Construction Ltd,Electrical,High,1,0,0
b7ff438a-0706-4463-8a54-dd13c3d8fa91,Spoiled materials found in workshop (Sector E),"During a walkthrough, staff noticed the spoiled materials found in workshop (sector e). No immediate incident occurred but the potential for injury is significant.",2023-09-27 00:00:00,Laboratory,Rwanda Manufacturing Co,Biological,Medium,0,0,0
fd86e2c8-faf9-4869-85a1-3d5440bcb485,Blocked fire exit at front gate near lobby (Room 176),,2025-11-03 00:00:00,Sanitation,RSSB Head Office,Fire,Critical,1,0,1
c3d1a871-76e1-4287-ba14-0b2a325788cd,Spoiled materials found in car park (Room 112),Follow-up required on the spoiled materials found in car park (room 112). The severity is rated as medium due to proximity to staff.,2025-04-11 00:00:00,Workshop,Gasabo Textile Factory,Biological,Medium,1,0,0
4e43e846-9109-4ba6-b396-5243fd4d9b88,Pest infestation in production floor near rooftop (Room 198),Report issued by safety rep. The pest infestation in production floor near rooftop (room 198) has been reported by multiple staff members. Recommend review by safety team.,2024-01-01 00:00:00,Kitchen,Rubavu Logistics Hub,Biological,Medium,0,0,0
bb2d44e0-f6cc-4c96-a862-62162687ce6e,Loose carpet in canteen near north entrance (Room 195),Staff reported the loose carpet in canteen near north entrance (room 195) at approximately 8am. Site inspection confirmed the hazard. No temporary measures taken.,2023-03-06 00:00:00,Storage Facility,Kigali Construction Ltd,Slip/Trip/Fall,High,8,0,0
63b15240-74b4-406a-8061-2b6c7635b08d,Stagnant water near loading bay causing Insects found,I'm concerned about this.,2025-04-27 00:00:00,Workshop,Rwanda Manufacturing Co,Biological,Low,11,1,0
6c49cd70-cb1f-4e13-b3f3-eaaf0ed418ea,Obstacle in walkway at south wing (Room 151),Follow-up required on the obstacle in walkway at south wing (room 151). The risk is rated as low due to lack of protection.,2023-04-20 00:00:00,Loading Bay,Bugesera Cement Works,Slip/Trip/Fall,Low,13,0,0
d2dd48b2-e716-41c7-b4b8-4feb1175127c,Overloaded power outlet near inspection desk (Room 145),Staff reported the overloaded power outlet near inspection desk (room 145) at approximately 4pm. Site inspection confirmed the hazard. Tape has been placed.,2023-05-20 00:00:00,Production,Nyagatare Cattle Ranch,Electrical,Critical,5,1,1
6c4b7fb9-6613-47b8-bf7b-dfd3512d066e,Smoke detector malfunctioning in assembly area (Room 174),The smoke detector malfunctioning in assembly area (room 174) was observed during routine inspection. This presents a potential risk to staff in the building.,2026-03-30 00:00:00,Loading Bay,Musanze Mining Corp,Fire,High,0,0,0
3be61a02-c38a-4a32-871a-6170cf9687c5,Sparks observed from coffee maker in server room (Room 176),The sparks observed from coffee maker in server room (room 176) was observed during routine inspection. This presents a potential risk to staff in the department.,2023-05-08 00:00:00,Production,Musanze Mining Corp,Electrical,Critical,1,0,0
3f1e0264-a8b0-4af1-aab6-ba1b8b7deadf,Loose carpet in stairwell near rooftop (Room 123),The loose carpet in stairwell near rooftop (room 123) was observed during routine inspection. This presents a potential risk to staff in the area.,2023-04-21 00:00:00,Kitchen,Nyagatare Cattle Ranch,Slip/Trip/Fall,Low,1,0,0
8981d8f3-f26d-4e38-a887-269474b59dd2,Repetitive strain risk operating power drill at Station 20,"During a walkthrough, staff noticed the repetitive strain risk operating power drill at station 20. No immediate incident occurred but the potential for damage is significant.",2027-01-01 00:00:00,Security,Muhanga Agro-Processing,Ergonomic,Medium,6,0,0
392b74e0-6b2e-41ee-a0da-1ffd1feada9f,Awkward lifting position at emergency stairs in lobby (Room 193),Follow-up required on the awkward lifting position at emergency stairs in lobby (room 193). The severity is rated as high due to proximity to staff.,2024-03-27 00:00:00,Administration,Huye Power Plant,Ergonomic,High,3,0,1
99c22a49-a40b-4ffc-951a-f8d541976662,Accumulated flammable material near power drill (Room 109),Follow-up required on the accumulated flammable material near power drill (room 109). The danger is rated as critical due to exposure levels.,2023-04-23 00:00:00,Maintenance,Gasabo Textile Factory,Fire,Critical,6,1,0
719a3956-2055-4a47-a348-9d76c24d5f69,Strange noise from conveyor belt at main lobby (Room 138),Staff reported the strange noise from conveyor belt at main lobby (room 138) at approximately 8am. Site inspection confirmed the hazard. Tape has been placed.,2026-04-25 00:00:00,Kitchen,Muhanga Agro-Processing,Machinery,Medium,0,1,0
9901c1bb-e8d9-47ad-93e5-7d7471620727,Exposed wire on hydraulic press at loading bay (Room 120),Staff reported the exposed wire on hydraulic press at loading bay (room 120) at approximately 4pm. Site inspection confirmed the hazard. Warning signs posted.,2025-09-01 00:00:00,Storage Facility,Rwanda Manufacturing Co,Machinery,Medium,7,0,0
4771671f-c0d1-4290-a77f-b478c456e4d3,Fumes from acids near Station 20 (Zone 6),Staff reported the fumes from acids near station 20 (zone 6) at approximately 8am. Site inspection confirmed the hazard. Tape has been placed.,2024-11-03 00:00:00,Packaging,Muhanga Agro-Processing,Chemical,Critical,15,1,1
9950803b-5b8a-4e1e-91ea-8e22a5dfe45e,Unsafe operation of drill press in corridor (Room 162),Follow-up required on the unsafe operation of drill press in corridor (room 162). The severity is rated as medium due to frequency of use.,2025-01-02 00:00:00,Laboratory,Gasabo Textile Factory,Machinery,Medium,1,0,0
3c4c8eb9-0404-4b1d-b6bc-8f67f2617746,Maintenance requested urgently,Staff reported the maintenance requested urgently at approximately 10am. Site inspection confirmed the hazard. No temporary measures taken.,2023-03-01 00:00:00,Storage Facility,Rubavu Logistics Hub,Ergonomic,Low,13,0,0
d688f831-5965-4432-b2c1-addbb811b601,Poorly adjusted chair at checkout counter in loading dock (Room 192) (similar to report #1151),Follow-up required on the poorly adjusted chair at checkout counter in loading dock (room 192) (similar to report #1151). The risk is rated as critical due to proximity to staff.,2023-02-16 00:00:00,Kitchen,Kigali Construction Ltd,Chemical,Critical,0,0,0
0bf5a14b-19c7-4aa2-8d83-3217c210898e,Overloaded power outlet near workbench (Room 166),"During a walkthrough, staff noticed the overloaded power outlet near workbench (room 166). No immediate incident occurred but the potential for harm is significant.",2023-04-27 00:00:00,Sanitation,Kigali Construction Ltd,Electrical,High,1,0,1
61d35fdd-7340-4328-9f33-097adff16c55,Faulty fire extinguisher in lobby (Room 180),Follow-up required on the faulty fire extinguisher in lobby (room 180). The risk is rated as critical due to lack of protection.,2025-01-10 00:00:00,Transport,Muhanga Agro-Processing,Fire,Critical,2,0,0
8bce3dd1-e624-40bb-8c7e-e09c904292c6,Improper storage of solvents in production floor (Room 188),Report issued by employee. The improper storage of solvents in production floor (room 188) has been reported by multiple staff members. Recommend temporary closure.,2026-03-10 00:00:00,Production,Bugesera Cement Works,Chemical,Critical,0,0,0
db9c47ce-af48-4ed8-ad38-deecc1be1a3e,Blocked fire exit at north entrance near car park (Room 167),The blocked fire exit at north entrance near car park (room 167) was observed during routine inspection. This presents a potential risk to staff in the department.,2025-03-03 00:00:00,Maintenance,Nyagatare Cattle Ranch,Fire,Critical,8,0,0
340a5afd-8559-4c66-b62c-d3d06c5021e7,Loose carpet in toilet near main corridor (Room 133),The loose carpet in toilet near main corridor (room 133) was observed during routine inspection. This presents a potential risk to staff in the area.,2024-09-08 00:00:00,Loading Bay,Musanze Mining Corp,Slip/Trip/Fall,Low,1,1,0
d153e6c3-4335-4820-a024-cbd31cfbf26c,Improperly stored coolant near chemical storage (Sector C),Report issued by team lead. The improperly stored coolant near chemical storage (sector c) has been reported by multiple staff members. Recommend temporary closure.,2024-10-10 00:00:00,Production,Rubavu Logistics Hub,Chemical,High,1,0,0
75446bd9-4549-46fc-8bf3-7558ea163be8,Spilled ammonia around front gate (Room 123),Report issued by team lead. The spilled ammonia around front gate (room 123) has been reported by multiple staff members. Recommend immediate repair.,2026-03-06 00:00:00,Maintenance,RSSB Head Office,Chemical,Medium,7,0,1
2453a150-0e6e-400e-8066-1ca0656df4d2,Sparks observed from coffee maker in maintenance bay (Room 142),I'm concerned about this.,2023-08-19 00:00:00,Maintenance,Rwanda Manufacturing Co,Electrical,Critical,6,1,1
6da50994-024f-4b51-9d16-ef11dcae0836,Blocked fire exit at front gate near loading dock (Room 163),The blocked fire exit at front gate near loading dock (room 163) was observed during routine inspection. This presents a potential risk to staff in the department.,2025-11-29 00:00:00,Workshop,Gasabo Textile Factory,Fire,Critical,9,1,1
38e8d8d6-bfb2-49f3-a299-d3e70fb2805e,Spoiled materials found in car park (Room 130),"During a walkthrough, staff noticed the spoiled materials found in car park (room 130). No immediate incident occurred but the potential for damage is significant.",2024-11-02 00:00:00,Quality Control,Huye Power Plant,Biological,High,0,1,0
9b56b3d4-0e61-43f3-97a2-052f21021820,Blocked fire exit at front gate near storage room (Room 147),Report issued by employee. The blocked fire exit at front gate near storage room (room 147) has been reported by multiple staff members. Recommend temporary closure.,2024-08-12 00:00:00,Workshop,Kigali Construction Ltd,Fire,Critical,3,0,1
14aa2c5d-15f2-4790-b656-4cbddf7a6a32,Blocked emergency route in loading bay (Room 175),"During a walkthrough, staff noticed the blocked emergency route in loading bay (room 175). No immediate incident occurred but the potential for injury is significant.",2023-07-25 00:00:00,Laboratory,Rubavu Logistics Hub,Fire,High,12,0,0
708e8942-062d-476d-901f-3142daeedbe2,Accumulated flammable material near computer (Sector A),Report issued by employee. The accumulated flammable material near computer (sector a) has been reported by multiple staff members. Recommend further assessment.,2025-06-13 00:00:00,Storage Facility,Musanze Mining Corp,Fire,Critical,6,0,0
3d9156bc-56a9-40b1-b01b-badc347a6c41,Uneven flooring in assembly area near Station 18 (Room 176),"During a walkthrough, staff noticed the uneven flooring in assembly area near station 18 (room 176). No immediate incident occurred but the potential for harm is significant.",2025-03-17 00:00:00,Transport,Huye Power Plant,Slip/Trip/Fall,Low,12,0,0
75d3bfa9-4789-4459-9176-05a6c917c45d,Unpleasant odor in canteen near rooftop (Room 163),"During a walkthrough, staff noticed the unpleasant odor in canteen near rooftop (room 163). No immediate incident occurred but the potential for harm is significant.",2025-02-07 00:00:00,Warehouse,Kigali Construction Ltd,Biological,Medium,1,0,0
c8e770ef-3b2c-4c13-9aba-4f96dc069e9d,Obstacle in walkway at rear exit (Zone 10),This needs fixing urgently.,2024-02-12 00:00:00,Loading Bay,Rubavu Logistics Hub,Slip/Trip/Fall,Low,3,0,0
db3eed4b-406e-446b-9d4c-554d4bd73e6b,Repetitive strain risk operating boiler at inspection desk,Follow-up required on the repetitive strain risk operating boiler at inspection desk. The severity is rated as low due to frequency of use.,2024-11-22 00:00:00,Storage Facility,Musanze Mining Corp,Ergonomic,Low,3,0,0
14acff05-0047-415f-afe9-179485263301,Exposed wire on generator at main lobby (Room 151),The exposed wire on generator at main lobby (room 151) was observed during routine inspection. This presents a potential risk to staff in the department.,2023-10-21 00:00:00,Production,Musanze Mining Corp,Machinery,Medium,2,1,0
f73e60b1-e12d-40ac-98c3-014931070014,Improper storage of solvents in assembly area (Room 108),Report issued by safety rep. The smoke detector malfunctioning in chemical storage (room 144) has been reported by multiple staff members. Recommend temporary closure.,2026-03-28 00:00:00,Workshop,Bugesera Cement Works,Chemical,Critical,2,1,1
1dcc9254-6923-47f0-aa25-02420b080e86,Repetitive strain risk operating boiler at Station 15,The repetitive strain risk operating boiler at station 15 was observed during routine inspection. This presents a potential risk to staff in the department.,2025-01-02 00:00:00,Administration,Rwanda Manufacturing Co,Ergonomic,Low,1,0,0
00cc0618-e473-44a1-aa04-df9dd94a638b,Loose tiles in warehouse near workbench (Room 162),Staff reported the loose tiles in warehouse near workbench (room 162) at approximately 4pm. Site inspection confirmed the hazard. No temporary measures taken.,2026-03-06 00:00:00,Kitchen,Rwanda Manufacturing Co,Slip/Trip/Fall,Low,0,0,0
49dfb022-573d-4092-8abd-18c1741d7151,Fumes from coolant near Station 6 (Room 128),"During a walkthrough, staff noticed the fumes from coolant near station 6 (room 128). No immediate incident occurred but the potential for damage is significant.",2025-09-03 00:00:00,Laboratory,Bugesera Cement Works,Chemical,High,1,0,0
8db82e63-e54a-44e6-964f-3725150a0b15,Biological waste disposal issue in server room (Room 129),"During a walkthrough, staff noticed the biological waste disposal issue in server room (room 129). No immediate incident occurred but the potential for injury is significant.",2024-06-17 00:00:00,Storage Facility,Bugesera Cement Works,Biological,High,4,0,0
34706d2e-dcbe-480d-b233-eb3f5675e3ad,Damaged power cord on welding machine at main corridor (Sector F),Follow-up required on the damaged power cord on welding machine at main corridor (sector f). The risk is rated as critical due to lack of protection.,2024-09-08 00:00:00,Administration,Rwanda Manufacturing Co,Electrical,Critical,3,1,0
2d6fef29-3431-43c0-a18f-c4efd699c72c,Exposed hose on forklift at loading bay (Zone 10),The exposed hose on forklift at loading bay (zone 10) was observed during routine inspection. This presents a potential risk to staff in the department.,2025-11-24 00:00:00,Production,Muhanga Agro-Processing,Machinery,Medium,1,0,1
291f0d21-6a5d-4615-a18b-a75dbf7dcc14,Accumulated flammable material near welding machine (Room 137),Follow-up required on the accumulated flammable material near welding machine (room 137). The severity is rated as critical due to lack of protection.,2024-01-31 00:00:00,Office Complex,Kigali Construction Ltd,Fire,Critical,2,0,0
c1bfdba1-05e1-4901-a8fa-c21e9b7a92ce,Overloaded power outlet near Station 19 (Room 187),The overloaded power outlet near station 19 (room 187) was observed during routine inspection. This presents a potential risk to staff in the building.,2023-03-16 00:00:00,Workshop,RSSB Head Office,Electrical,Critical,4,0,1
3c7ff47e-a853-400f-b0f0-7ce4d7fa2dbf,Improper storage of industrial glue in storage room (Zone 4),Staff reported the blocked fire exit at basement near break room (room 179) at approximately 2pm. Site inspection confirmed the hazard. No temporary measures taken.,2025-03-23 00:00:00,Office Complex,Kigali Construction Ltd,Chemical,High,14,1,1
ce736aa7-b56c-43ab-a6c7-52e675715f49,Poorly adjusted chair at packing station in lobby (Room 165),Staff reported the poorly adjusted chair at packing station in lobby (room 165) at approximately 4pm. Site inspection confirmed the hazard. No temporary measures taken.,2024-08-12 00:00:00,Production,Rubavu Logistics Hub,Ergonomic,Low,0,0,0
ccfd62c1-10f8-45b8-9a27-583620eb703b,Awkward lifting position at east wing in maintenance bay (Room 136),Follow-up required on the loose carpet in break room near service elevator (room 192). The severity is rated as high due to lack of protection.,2024-07-31 00:00:00,Administration,RSSB Head Office,Ergonomic,Medium,0,0,0
23f91ce3-7d25-4208-9d2e-75f8075cdc09,Unlabeled ammonia container at rear exit (Room 115),,2023-06-30 00:00:00,Assembly Line,Rwanda Manufacturing Co,Chemical,High,1,0,1
56e5959f-c4d6-4985-95f4-e893a0c6e348,Blocked emergency route in east wing (Room 163),The blocked emergency route in east wing (room 163) was observed during routine inspection. This presents a potential risk to staff in the area.,2025-04-21 00:00:00,Administration,Rubavu Logistics Hub,Fire,High,1,0,0
4a2cf592-d483-43da-bf97-445e5f1cea53,Sparks observed from welding machine in cafeteria (Room 190),,2023-08-02 00:00:00,Transport,Huye Power Plant,Electrical,Critical,5,0,1
ceb2ae1c-602e-4788-8b63-54bff53986af,Improper storage of bleach in stairwell (Room 146),"During a walkthrough, staff noticed the improper storage of bleach in stairwell (room 146). No immediate incident occurred but the potential for harm is significant.",2026-02-13 00:00:00,Transport,Musanze Mining Corp,Chemical,Critical,1,0,1
4aa6e01e-f16b-4917-b32e-9c80b4e5154b,Awkward lifting position at east wing in cafeteria (Room 164),Staff reported the awkward lifting position at east wing in cafeteria (room 164) at approximately 8am. Site inspection confirmed the hazard. No temporary measures taken.,2024-05-21 00:00:00,Office Complex,Rubavu Logistics Hub,Ergonomic,Medium,2,0,0
e934f467-4cf2-4e77-8fea-f19d8d6ab919,Biological waste disposal issue in storage room (Zone 9),Report issued by safety rep. The biological waste disposal issue in storage room (zone 9) has been reported by multiple staff members. Recommend review by safety team.,2025-09-09 00:00:00,Production,Nyagatare Cattle Ranch,Biological,Medium,4,0,0
4a45a565-607b-4eff-ab84-4b112f27559f,Unlabeled resin container at perimeter fence (Room 198),Follow-up required on the unlabeled resin container at perimeter fence (room 198). The severity is rated as medium due to lack of protection.,2025-01-28 00:00:00,Warehouse,Muhanga Agro-Processing,Chemical,Medium,3,0,0
64c82a5b-1fb5-42dc-9827-cc2b6bf7bb3f,Cluttered floor space around power drill at rooftop,Report issued by safety rep. The cluttered floor space around power drill at rooftop has been reported by multiple staff members. Recommend further assessment.,2024-03-08 00:00:00,Warehouse,Kigali Construction Ltd,Slip/Trip/Fall,Low,0,0,0
aacad1f0-a8fc-4365-a2cd-aaf0f5a845b6,Blocked fire exit at main lobby near car park (Room 192),Staff reported the blocked fire exit at main lobby near car park (room 192) at approximately 2pm. Site inspection confirmed the hazard. Tape has been placed.,2024-08-21 00:00:00,Sanitation,Kigali Construction Ltd,Fire,Critical,3,0,0
409c5ae7-3b76-4a4c-9abd-c4fed30d4e31,Exposed hose on computer in server room (Room 143),The exposed hose on computer in server room (room 143) was observed during routine inspection. This presents a potential risk to staff in the building.,2023-05-18 00:00:00,Kitchen,Musanze Mining Corp,Electrical,Critical,0,0,1
3a310d75-af80-4cbb-aba4-687a2aa0ab57,Flickering lights in front gate near shredder,The flickering lights in front gate near shredder was observed during routine inspection. This presents a potential risk to staff in the area.,2025-09-08 00:00:00,Transport,Rubavu Logistics Hub,Electrical,Low,6,0,1
ad5f1206-769d-4036-902b-befd94c47cda,Rodent sightings in toilet near south wing (Room 177),Report issued by team lead. The rodent sightings in toilet near south wing (room 177) has been reported by multiple staff members. Recommend further assessment.,2026-03-22 00:00:00,Laboratory,Muhanga Agro-Processing,Biological,High,6,1,1
daf0901b-2f7c-4917-9f32-23aa0aae7932,Faulty switch on exhaust fan near control panel,Report issued by safety rep. The faulty switch on exhaust fan near control panel has been reported by multiple staff members. Recommend further assessment.,2023-09-18 00:00:00,Administration,Nyagatare Cattle Ranch,Machinery,Critical,4,0,0
3f4034e6-0fb9-4255-b0d6-d6a13ab86bb1,Awkward lifting position at perimeter fence in maintenance bay (Room 187),Follow-up required on the awkward lifting position at perimeter fence in maintenance bay (room 187). The risk is rated as medium due to frequency of use.,2023-08-05 00:00:00,Kitchen,Muhanga Agro-Processing,Ergonomic,Medium,2,1,1
615153ee-08c1-47bd-914a-254b9e82d334,Repetitive strain risk operating printer at dispatch area,Report issued by team lead. The repetitive strain risk operating printer at dispatch area has been reported by multiple staff members. Recommend further assessment.,2025-07-09 00:00:00,Maintenance,Nyagatare Cattle Ranch,Ergonomic,Critical,4,0,0
61197b06-c607-4ad7-a917-266a5ac5a5dc,Biological waste disposal issue in stairwell (Room 172),The biological waste disposal issue in stairwell (room 172) was observed during routine inspection. This presents a potential risk to staff in the area.,2023-05-24 00:00:00,Maintenance,Muhanga Agro-Processing,Biological,Low,3,0,0
5757c793-7ef1-4819-9a96-9e6ba4e63df0,Sparks observed from coffee maker in assembly area (Zone 8),Staff reported the sparks observed from coffee maker in assembly area (zone 8) at approximately 10am. Site inspection confirmed the hazard. No temporary measures taken.,2025-02-23 00:00:00,Quality Control,Rwanda Manufacturing Co,Electrical,Medium,2,1,1
65a06826-a7e2-48ae-924c-2863cac2e552,Unlabeled pesticides container at receiving dock (Room 183),The unlabeled pesticides container at receiving dock (room 183) was observed during routine inspection. This presents a potential risk to staff in the department.,2024-08-23 00:00:00,Sanitation,Rubavu Logistics Hub,Chemical,High,8,0,0
3f8a61ae-92fd-4392-8c3b-ad4c2e4c3a5a,Loose carpet in lobby near basement (Room 117),Staff reported the loose carpet in lobby near basement (room 117) at approximately 8am. Site inspection confirmed the hazard. No temporary measures taken.,2023-07-08 00:00:00,Transport,Nyagatare Cattle Ranch,Slip/Trip/Fall,Medium,0,1,0
41b11dac-3d41-4a77-80ba-242bba233d70,Cluttered floor space around hoist at east wing,The cluttered floor space around hoist at east wing was observed during routine inspection. This presents a potential risk to staff in the department.,2026-04-29 00:00:00,Production,Musanze Mining Corp,Slip/Trip/Fall,Medium,5,0,1
e8f982c2-f801-4674-9c54-884d88663ba0,Spoiled materials found in corridor (Room 101),Staff reported the spoiled materials found in corridor (room 101) at approximately 4pm. Site inspection confirmed the hazard. Warning signs posted.,2025-01-10 00:00:00,Packaging,Bugesera Cement Works,Biological,High,7,0,0
72f93fd9-1ebd-4c87-b616-5246504a0391,Awkward lifting position at south wing in corridor (Room 172),Follow-up required on the awkward lifting position at south wing in corridor (room 172). The severity is rated as high due to proximity to staff.,2025-05-01 00:00:00,Maintenance,Nyagatare Cattle Ranch,Ergonomic,High,5,0,0
6fa889cc-a99d-45c2-87da-800ddcb6754d,Fumes from acids near Station 10 (Sector E),The fumes from acids near station 10 (sector e) was observed during routine inspection. This presents a potential risk to staff in the area.,2023-09-05 00:00:00,Administration,Rwanda Manufacturing Co,Chemical,Critical,0,0,0
a1d9add5-6c64-4eeb-aa94-c3c621ef8894,Exposed connector on milling machine at rooftop (Room 161),I'm concerned about this.,2023-10-02 00:00:00,Security,RSSB Head Office,Machinery,Medium,1,0,1
5a2cf66f-09c0-4f59-bfb6-a9f92f86dc5e,Fumes from paint thinner near Station 6 (Room 124),The fumes from paint thinner near station 6 (room 124) was observed during routine inspection. This presents a potential risk to staff in the department.,2024-01-29 00:00:00,Office Complex,Rwanda Manufacturing Co,Chemical,High,14,0,1
12d7ff72-5814-4773-a08a-09cf49223518,Spoiled materials found in break room (Sector H),Staff reported the spoiled materials found in break room (sector h) at approximately 4pm. Site inspection confirmed the hazard. No temporary measures taken.,2023-01-15 00:00:00,Laboratory,Gasabo Textile Factory,Biological,Medium,0,1,0
1ddf616a-307a-40e2-9580-82c49ce3d1e3,Unlabeled ammonia container at basement (Room 178),Staff reported the unlabeled ammonia container at basement (room 178) at approximately 10am. Site inspection confirmed the hazard. Warning signs posted.,2026-03-08 00:00:00,Sanitation,Rwanda Manufacturing Co,Chemical,High,1,1,0
4b92802f-0e2c-454e-938a-494c4de3c84e,Broken plug on welding station in warehouse (Room 120),Follow-up required on the stagnant water near main lobby causing fungal spread. The danger is rated as high due to frequency of use.,2026-03-15 00:00:00,Assembly Line,Gasabo Textile Factory,Machinery,Medium,2,1,1
ccd8e1df-31ca-4e50-b12f-7c222fe42ced,Cluttered floor space around server rack at basement,Staff reported the cluttered floor space around server rack at basement at approximately 4pm. Site inspection confirmed the hazard. Warning signs posted.,2024-01-05 00:00:00,Quality Control,Muhanga Agro-Processing,Slip/Trip/Fall,Low,8,0,0
5cc597cd-7fda-4b89-9b79-91b6e81e981c,Improper storage of coolant in toilet (Room 138),The improper desk height for printer in assembly area (room 124) was observed during routine inspection. This presents a potential risk to staff in the department.,2026-04-27 00:00:00,Security,Rwanda Manufacturing Co,Chemical,Critical,2,0,0
d4dbf1ef-6584-45b8-a425-2cbc6ccecd58,Biological waste disposal issue in toilet (Room 142) (similar to report #458),Staff reported the biological waste disposal issue in toilet (room 142) (similar to report #458) at approximately 4pm. Site inspection confirmed the hazard. No temporary measures taken.,2023-06-19 00:00:00,Storage Facility,Rwanda Manufacturing Co,Fire,Critical,0,0,1
b3b30f11-7ce3-4dc2-99da-3afebc3e2589,Exposed casing on grinder in loading dock (Room 123),Staff reported the exposed casing on grinder in loading dock (room 123) at approximately 10am. Site inspection confirmed the hazard. Warning signs posted.,2024-06-12 00:00:00,Loading Bay,Nyagatare Cattle Ranch,Electrical,High,2,0,0
bbe41fed-147f-4d07-811e-2f7909ee108e,Fumes from industrial glue near Station 20 (Room 175),Follow-up required on the fumes from industrial glue near station 20 (room 175). The severity is rated as medium due to proximity to staff.,2025-02-22 00:00:00,Workshop,Bugesera Cement Works,Chemical,Medium,8,1,1
44ca8355-9941-409a-b567-0ab2df353678,Flickering lights in south wing near coffee maker,Follow-up required on the flickering lights in south wing near coffee maker. The severity is rated as critical due to exposure levels.,2026-02-04 00:00:00,Quality Control,Kigali Construction Ltd,Electrical,Critical,0,0,1
9574c2a7-d9bd-47cc-9f15-eda6e14088cb,Blocked fire exit at rear exit near maintenance bay (Zone 4),"During a walkthrough, staff noticed the blocked fire exit at rear exit near maintenance bay (zone 4). No immediate incident occurred but the potential for injury is significant.",2024-07-15 00:00:00,Packaging,Rubavu Logistics Hub,Fire,Critical,0,0,0
f20f17e3-f71f-4173-9f1f-869ca065634b,Faulty sensor on packaging unit near Station 15,"During a walkthrough, staff noticed the faulty sensor on packaging unit near station 15. No immediate incident occurred but the potential for damage is significant.",2023-09-26 00:00:00,Production,Musanze Mining Corp,Machinery,High,1,0,0
785f2b94-f096-49fa-8cd2-53d4a9ab33de,Awkward lifting position at receiving dock in production floor (Zone 10),Report issued by team lead. The awkward lifting position at receiving dock in production floor (zone 10) has been reported by multiple staff members. Recommend further assessment.,2024-07-01 00:00:00,Administration,Huye Power Plant,Ergonomic,Low,4,0,0
f43092ff-315a-4b5b-b74b-ebcc9a6a8bc8,Awkward lifting position at west exit in production floor (Room 136),"During a walkthrough, staff noticed the awkward lifting position at west exit in production floor (room 136). No immediate incident occurred but the potential for damage is significant.",2026-05-20 00:00:00,Kitchen,Bugesera Cement Works,Ergonomic,Medium,1,0,0
f264c9ca-4fc8-44d3-9fdf-350859bbe8dc,Safety concern reported,Follow-up required on the safety concern reported. The severity is rated as medium due to lack of protection.,2024-09-16 00:00:00,Transport,Musanze Mining Corp,Ergonomic,Medium,9,0,1
267f382d-4dce-40fa-8531-b6d735031800,Biological waste disposal issue in storage room (Sector G),The biological waste disposal issue in storage room (sector g) was observed during routine inspection. This presents a potential risk to staff in the area.,2025-03-07 00:00:00,Loading Bay,Muhanga Agro-Processing,Biological,Low,1,0,0
e6a67d3c-5e29-4e93-9f62-bd5a5285cc1d,Repetitive strain risk operating ventilator at Station 20,Report issued by team lead. The repetitive strain risk operating ventilator at station 20 has been reported by multiple staff members. Recommend immediate repair.,2026-06-01 00:00:00,Office Complex,Huye Power Plant,Ergonomic,Medium,2,0,0
fde87b17-45c6-41a2-933e-7de20369d7f8,Improper desk height for grinder in lobby (Room 104),Staff reported the improper desk height for grinder in lobby (room 104) at approximately 4pm. Site inspection confirmed the hazard. Tape has been placed.,2023-11-21 00:00:00,Storage Facility,Huye Power Plant,Ergonomic,Low,1,0,0
1215a179-5268-45aa-afc4-38bd1616bade,Poorly adjusted chair at Station 7 in lobby (Room 168),Please investigate.,2025-03-18 00:00:00,Loading Bay,Huye Power Plant,Ergonomic,Low,10,0,1
04d21047-b514-4730-ad33-e6dde3d60a7c,Hazard observed,Staff reported the hazard observed at approximately 8am. Site inspection confirmed the hazard. Tape has been placed.,2025-01-10 00:00:00,Storage Facility,RSSB Head Office,Ergonomic,High,4,0,1
1cf7f420-9f1e-4f12-b529-00ff8f145487,Damaged power cord on boiler at main lobby (Room 173),The damaged power cord on boiler at main lobby (room 173) was observed during routine inspection. This presents a potential risk to staff in the area.,2023-03-03 00:00:00,Kitchen,Bugesera Cement Works,Electrical,Critical,0,0,0
f9f96e59-be4f-4b6a-bdd2-e651173897bd,Blocked emergency route in loading bay (Room 138) (similar to report #465),Staff reported the blocked emergency route in loading bay (room 138) (similar to report #465) at approximately 4pm. Site inspection confirmed the hazard. No temporary measures taken.,2025-08-15 00:00:00,Office Complex,Huye Power Plant,Electrical,Critical,0,0,0
524146e2-b52a-4f06-b841-e6eadc8b955e,Faulty filter on exhaust fan near Station 10,Follow-up required on the faulty filter on exhaust fan near station 10. The severity is rated as high due to frequency of use.,2025-02-01 00:00:00,Loading Bay,Nyagatare Cattle Ranch,Machinery,High,0,1,1
85677b19-2002-4bb9-b786-416fdfac7209,Stagnant water near main corridor causing Mold growth,Follow-up required on the stagnant water near main corridor causing mold growth. The risk is rated as medium due to proximity to staff.,2023-10-23 00:00:00,Laboratory,Rubavu Logistics Hub,Biological,Medium,6,0,0
533041b5-7f20-48d0-b1ad-9986ce6dde26,Improper storage of industrial glue in chemical storage (Room 189),Please investigate.,2023-08-25 00:00:00,Workshop,Gasabo Textile Factory,Chemical,Medium,8,0,0
91fae7fb-0f63-47fc-9ba3-c189553ca15a,Stagnant water near receiving dock causing Pest infestation,"During a walkthrough, staff noticed the stagnant water near receiving dock causing pest infestation. No immediate incident occurred but the potential for injury is significant.",2026-03-23 00:00:00,Laboratory,Huye Power Plant,Biological,High,1,0,1
2c4b1eed-731b-4c75-9ee6-cc39af69b34c,Sparks observed from hoist in production floor (Room 117),Report issued by supervisor. The sparks observed from hoist in production floor (room 117) has been reported by multiple staff members. Recommend review by safety team.,2025-11-17 00:00:00,Maintenance,Huye Power Plant,Electrical,Critical,1,0,1
f016380e-21fe-4f79-97ae-1c0f77b48d6a,Faulty fire extinguisher in chemical storage (Room 139),The faulty fire extinguisher in chemical storage (room 139) was observed during routine inspection. This presents a potential risk to staff in the area.,2025-02-02 00:00:00,Office Complex,Kigali Construction Ltd,Fire,Critical,5,1,1
